player,team,b1,b2,b3,b4,b5,b6,b7,b8,b9
David Fletcher,LAA,4.0,0.0,0.0,0.0,0.0,0.0,0.0,1.0,2.0
Luis Rengifo,LAA,0.0,7.0,3.0,0.0,0.0,3.0,0.0,0.0,0.0
Gio Urshela,LAA,0.0,2.0,2.0,1.0,1.0,3.0,2.0,2.0,0.0
Matt Thaiss,LAA,0.0,0.0,0.0,2.0,4.0,4.0,2.0,1.0,0.0
Jo Adell,LAA,1.0,1.0,0.0,1.0,3.0,2.0,1.0,2.0,0.0
Mickey Moniak,LAA,2.0,1.0,0.0,1.0,0.0,2.0,3.0,1.0,3.0
Kevin Padlo,LAA,0.0,0.0,1.0,2.0,1.0,1.0,2.0,0.0,1.0
Taylor Jones,LAA,0.0,0.0,2.0,0.0,2.0,0.0,2.0,2.0,1.0
Brett Phillips,LAA,5.0,1.0,0.0,0.0,0.0,0.0,2.0,2.0,3.0
Taylor Ward,LAA,16.0,0.0,0.0,0.0,0.0,0.0,0.0,0.0,0.0
Mike Trout,LAA,0.0,9.0,0.0,0.0,0.0,0.0,0.0,0.0,0.0
Shohei Ohtani,LAA,0.0,0.0,5.0,0.0,0.0,0.0,0.0,0.0,0.0
Anthony Rendon,LAA,0.0,0.0,0.0,15.0,1.0,0.0,0.0,0.0,0.0
Hunter Renfroe,LAA,0.0,0.0,1.0,4.0,12.0,1.0,0.0,0.0,0.0
Brandon Drury,LAA,0.0,6.0,4.0,1.0,1.0,3.0,2.0,0.0,0.0
Jake Lamb,LAA,0.0,2.0,4.0,1.0,2.0,1.0,3.0,0.0,0.0
Logan O'Hoppe,LAA,0.0,0.0,0.0,0.0,1.0,7.0,1.0,2.0,2.0
Andrew Velazquez,LAA,0.0,0.0,0.0,0.0,0.0,0.0,0.0,2.0,8.0
Jared Walsh,LAA,0.0,0.0,9.0,2.0,1.0,2.0,0.0,0.0,0.0
Chad Wallach,LAA,0.0,0.0,0.0,0.0,0.0,0.0,1.0,3.0,1.0
Trey Cabbage,LAA,0.0,0.0,0.0,1.0,0.0,1.0,1.0,1.0,0.0
Aaron Whitefield,LAA,0.0,0.0,0.0,0.0,0.0,0.0,0.0,1.0,0.0
Livan Soto,LAA,2.0,2.0,0.0,0.0,0.0,0.0,3.0,0.0,2.0
Michael Stefanic,LAA,0.0,0.0,0.0,0.0,0.0,0.0,1.0,0.0,1.0
Zach Neto,LAA,0.0,0.0,0.0,0.0,2.0,0.0,0.0,1.0,0.0
Jordyn Adams,LAA,1.0,0.0,0.0,0.0,0.0,0.0,0.0,4.0,2.0
Max Stassi,LAA,0.0,0.0,0.0,0.0,0.0,1.0,2.0,3.0,0.0
Luis Barrera,LAA,0.0,0.0,0.0,0.0,0.0,0.0,0.0,1.0,0.0
Kyren Paris,LAA,0.0,0.0,0.0,0.0,0.0,0.0,0.0,1.0,2.0
Jeremiah Jackson,LAA,0.0,0.0,0.0,0.0,0.0,0.0,1.0,0.0,1.0
Edgar Quero,LAA,0.0,0.0,0.0,0.0,0.0,0.0,1.0,0.0,0.0
Jose Gomez,LAA,0.0,0.0,0.0,0.0,0.0,0.0,1.0,0.0,0.0
David Calabrese,LAA,0.0,0.0,0.0,0.0,0.0,0.0,0.0,1.0,0.0
Adrian Placencia,LAA,0.0,0.0,0.0,0.0,0.0,0.0,0.0,0.0,1.0
Preston Palmeiro,LAA,0.0,0.0,0.0,0.0,0.0,0.0,0.0,0.0,1.0
Rylan Bannon,HOU,4.0,0.0,0.0,0.0,0.0,2.0,2.0,1.0,0.0
Mauricio Dubon,HOU,5.0,1.0,0.0,0.0,0.0,0.0,3.0,3.0,3.0
Jose Abreu,HOU,0.0,0.0,4.0,10.0,2.0,1.0,0.0,0.0,0.0
Korey Lee,HOU,0.0,0.0,0.0,2.0,2.0,1.0,4.0,1.0,0.0
Bligh Madris,HOU,0.0,0.0,2.0,0.0,3.0,1.0,0.0,1.0,2.0
Corey Julks,HOU,0.0,1.0,2.0,2.0,2.0,3.0,1.0,0.0,0.0
David Hensley,HOU,0.0,3.0,0.0,2.0,2.0,0.0,6.0,3.0,0.0
Ross Adolph,HOU,1.0,0.0,1.0,0.0,0.0,0.0,1.0,1.0,0.0
Marty Costes,HOU,0.0,0.0,0.0,0.0,0.0,2.0,0.0,1.0,2.0
Kyle Tucker,HOU,3.0,0.0,2.0,0.0,1.0,0.0,0.0,0.0,1.0
Jake Meyers,HOU,3.0,4.0,2.0,0.0,0.0,4.0,1.0,0.0,0.0
Chas McCormick,HOU,1.0,3.0,5.0,0.0,2.0,3.0,2.0,0.0,0.0
Luke Berryhill,HOU,0.0,0.0,0.0,1.0,0.0,0.0,1.0,0.0,0.0
J.C. Correa,HOU,0.0,0.0,0.0,0.0,1.0,0.0,0.0,1.0,1.0
Shay Whitcomb,HOU,0.0,0.0,0.0,0.0,0.0,1.0,0.0,4.0,1.0
Joe Perez,HOU,0.0,0.0,0.0,0.0,0.0,1.0,0.0,2.0,0.0
Cesar Salazar,HOU,0.0,0.0,0.0,1.0,0.0,1.0,0.0,0.0,2.0
Jose Altuve,HOU,5.0,0.0,0.0,0.0,0.0,0.0,0.0,0.0,0.0
Jeremy Pena,HOU,3.0,8.0,0.0,0.0,0.0,0.0,0.0,0.0,0.0
J.J. Matijevic,HOU,0.0,0.0,1.0,1.0,4.0,0.0,2.0,0.0,0.0
Martin Maldonado,HOU,0.0,0.0,3.0,0.0,2.0,0.0,0.0,0.0,3.0
Grae Kessinger,HOU,0.0,0.0,0.0,0.0,0.0,0.0,1.0,3.0,0.0
Justin Dirden,HOU,1.0,1.0,0.0,3.0,2.0,1.0,0.0,1.0,0.0
Kenedy Corona,HOU,1.0,0.0,0.0,0.0,0.0,1.0,2.0,0.0,1.0
Quincy Hamilton,HOU,0.0,0.0,0.0,0.0,0.0,0.0,0.0,0.0,1.0
Yainer Diaz,HOU,0.0,0.0,0.0,2.0,2.0,4.0,0.0,1.0,1.0
Will Wagner,HOU,0.0,0.0,0.0,0.0,0.0,1.0,0.0,0.0,0.0
Dixon Machado,HOU,0.0,1.0,0.0,0.0,0.0,0.0,1.0,3.0,2.0
Alex Bregman,HOU,0.0,4.0,6.0,4.0,1.0,0.0,0.0,0.0,0.0
Colin Barber,HOU,0.0,0.0,0.0,0.0,0.0,0.0,0.0,0.0,2.0
C.J. Stubbs,HOU,0.0,0.0,0.0,0.0,1.0,1.0,0.0,1.0,0.0
Cristian Gonzalez,HOU,0.0,0.0,0.0,0.0,0.0,0.0,0.0,0.0,1.0
Jacob Melton,HOU,0.0,0.0,0.0,0.0,0.0,0.0,0.0,0.0,1.0
Zach Daniels,HOU,0.0,0.0,0.0,0.0,1.0,0.0,0.0,0.0,0.0
Chad Stevens,HOU,0.0,0.0,0.0,0.0,0.0,0.0,1.0,0.0,0.0
Leosdany Molina,HOU,0.0,0.0,0.0,0.0,0.0,0.0,0.0,1.0,1.0
Jordan Brewer,HOU,0.0,0.0,0.0,0.0,0.0,0.0,0.0,0.0,1.0
Tyler Whitaker,HOU,0.0,0.0,0.0,0.0,0.0,0.0,0.0,0.0,1.0
Logan Cerny,HOU,0.0,1.0,0.0,0.0,0.0,0.0,0.0,0.0,0.0
Yordan Alvarez,HOU,1.0,1.0,0.0,0.0,0.0,0.0,0.0,0.0,0.0
Zach Cole,HOU,0.0,0.0,0.0,0.0,0.0,0.0,0.0,0.0,1.0
Tony Kemp,OAK,14.0,2.0,0.0,0.0,0.0,0.0,0.0,1.0,0.0
Seth Brown,OAK,0.0,5.0,7.0,2.0,0.0,0.0,1.0,0.0,0.0
Ramon Laureano,OAK,0.0,1.0,5.0,1.0,3.0,5.0,3.0,0.0,0.0
JJ Bleday,OAK,0.0,0.0,1.0,1.0,0.0,2.0,5.0,1.0,0.0
Manny Pina,OAK,0.0,0.0,0.0,0.0,1.0,0.0,0.0,0.0,0.0
Jace Peterson,OAK,1.0,0.0,0.0,0.0,8.0,5.0,1.0,1.0,0.0
Dermis Garcia,OAK,0.0,0.0,0.0,0.0,2.0,1.0,2.0,1.0,0.0
Ryan Noda,OAK,0.0,1.0,2.0,2.0,5.0,0.0,1.0,5.0,0.0
Nick Allen,OAK,6.0,0.0,0.0,0.0,0.0,1.0,0.0,3.0,4.0
Esteury Ruiz,OAK,8.0,1.0,0.0,0.0,0.0,0.0,0.0,0.0,9.0
Aledmys Diaz,OAK,0.0,10.0,6.0,0.0,0.0,0.0,0.0,0.0,0.0
Shea Langeliers,OAK,0.0,1.0,5.0,3.0,1.0,3.0,4.0,1.0,0.0
Jesus Aguilar,OAK,0.0,0.0,1.0,12.0,3.0,0.0,0.0,0.0,0.0
Conner Capel,OAK,0.0,7.0,2.0,1.0,1.0,1.0,1.0,2.0,0.0
Brent Rooker,OAK,0.0,0.0,0.0,7.0,2.0,3.0,2.0,0.0,0.0
Jordan Diaz,OAK,0.0,0.0,0.0,0.0,0.0,2.0,1.0,1.0,0.0
Zack Gelof,OAK,0.0,0.0,1.0,0.0,0.0,1.0,0.0,1.0,3.0
Kevin Smith,OAK,0.0,1.0,0.0,0.0,1.0,2.0,0.0,3.0,1.0
Tyler Soderstrom,OAK,0.0,0.0,0.0,1.0,1.0,1.0,0.0,2.0,0.0
Yohel Pozo,OAK,0.0,0.0,0.0,0.0,0.0,1.0,1.0,1.0,0.0
Cristian Pache,OAK,1.0,0.0,0.0,0.0,0.0,2.0,3.0,0.0,4.0
Tyler Wade,OAK,0.0,0.0,0.0,0.0,0.0,0.0,1.0,4.0,1.0
Denzel Clarke,OAK,0.0,0.0,0.0,0.0,0.0,0.0,0.0,0.0,2.0
Jonah Bride,OAK,0.0,1.0,0.0,1.0,1.0,1.0,1.0,0.0,0.0
Pablo Reyes,OAK,0.0,0.0,0.0,0.0,0.0,0.0,1.0,1.0,2.0
Logan Davidson,OAK,0.0,0.0,0.0,0.0,0.0,0.0,0.0,1.0,0.0
Kevin Cron,OAK,0.0,0.0,0.0,0.0,1.0,0.0,0.0,0.0,0.0
Ernie Clement,OAK,0.0,0.0,0.0,0.0,0.0,0.0,1.0,2.0,0.0
Lawrence Butler,OAK,0.0,0.0,0.0,0.0,0.0,0.0,0.0,2.0,1.0
Max Muncy,OAK,0.0,1.0,5.0,10.0,3.0,0.0,0.0,0.0,2.0
Kyle McCann,OAK,0.0,0.0,1.0,0.0,1.0,0.0,2.0,0.0,1.0
Cody Thomas,OAK,0.0,1.0,0.0,0.0,0.0,0.0,0.0,0.0,1.0
Cal Stevenson,OAK,1.0,0.0,0.0,0.0,0.0,0.0,0.0,0.0,0.0
Cavan Biggio,TOR,3.0,1.0,3.0,1.0,2.0,2.0,5.0,2.0,1.0
Santiago Espinal,TOR,2.0,2.0,0.0,1.0,2.0,2.0,3.0,6.0,1.0
Vladimir Guerrero Jr.,TOR,0.0,0.0,14.0,0.0,0.0,0.0,0.0,0.0,0.0
Daulton Varsho,TOR,0.0,2.0,4.0,7.0,5.0,3.0,0.0,0.0,0.0
Danny Jansen,TOR,0.0,2.0,0.0,2.0,5.0,4.0,3.0,1.0,0.0
Addison Barger,TOR,0.0,1.0,1.0,1.0,2.0,2.0,2.0,0.0,0.0
Otto Lopez,TOR,0.0,1.0,1.0,1.0,1.0,0.0,1.0,1.0,0.0
Nathan Lukes,TOR,1.0,0.0,1.0,1.0,1.0,4.0,1.0,3.0,1.0
Vinny Capra,TOR,0.0,0.0,0.0,1.0,0.0,3.0,2.0,1.0,1.0
Whit Merrifield,TOR,6.0,0.0,1.0,0.0,1.0,4.0,0.0,3.0,1.0
Bo Bichette,TOR,0.0,20.0,0.0,0.0,0.0,0.0,0.0,0.0,0.0
Matt Chapman,TOR,0.0,2.0,2.0,7.0,4.0,0.0,3.0,0.0,0.0
Kevin Kiermaier,TOR,4.0,0.0,0.0,0.0,1.0,3.0,2.0,0.0,6.0
Rob Brantly,TOR,0.0,0.0,0.0,0.0,0.0,2.0,3.0,3.0,3.0
Zach Britton,TOR,0.0,0.0,1.0,0.0,1.0,0.0,1.0,2.0,3.0
Spencer Horwitz,TOR,0.0,1.0,1.0,1.0,0.0,0.0,1.0,1.0,0.0
Leo Jimenez,TOR,1.0,0.0,0.0,0.0,2.0,1.0,1.0,0.0,0.0
Wynton Bernard,TOR,0.0,0.0,0.0,1.0,0.0,1.0,3.0,3.0,0.0
Stevie Berman,TOR,0.0,0.0,0.0,0.0,0.0,0.0,0.0,1.0,0.0
Phil Clarke,TOR,0.0,0.0,0.0,0.0,0.0,0.0,0.0,0.0,1.0
George Springer,TOR,16.0,0.0,0.0,0.0,0.0,0.0,0.0,0.0,0.0
Cam Eden,TOR,0.0,0.0,0.0,0.0,0.0,0.0,1.0,0.0,3.0
Orelvis Martinez,TOR,0.0,1.0,1.0,1.0,1.0,1.0,0.0,0.0,0.0
Andres Sosa,TOR,0.0,0.0,0.0,0.0,0.0,0.0,0.0,1.0,2.0
Jamie Ritchie,TOR,0.0,0.0,0.0,0.0,0.0,0.0,0.0,0.0,1.0
Rainer Nunez,TOR,0.0,0.0,0.0,0.0,1.0,0.0,1.0,2.0,3.0
Will Robertson,TOR,0.0,0.0,0.0,0.0,0.0,0.0,0.0,1.0,1.0
John Aiello,TOR,0.0,0.0,0.0,0.0,0.0,0.0,0.0,0.0,1.0
LJ Talley,TOR,0.0,0.0,0.0,0.0,0.0,0.0,0.0,0.0,1.0
Brandon Belt,TOR,0.0,0.0,2.0,6.0,0.0,1.0,0.0,0.0,0.0
Alejandro Kirk,TOR,0.0,0.0,1.0,2.0,4.0,0.0,0.0,0.0,0.0
Gabriel Martinez,TOR,0.0,0.0,0.0,0.0,0.0,0.0,0.0,0.0,1.0
Alan Roden,TOR,0.0,0.0,0.0,0.0,0.0,0.0,0.0,0.0,1.0
Peyton Williams,TOR,0.0,0.0,0.0,0.0,0.0,0.0,0.0,0.0,1.0
Ronald Acuna Jr.,ATL,11.0,0.0,0.0,0.0,0.0,0.0,0.0,0.0,0.0
Matt Olson,ATL,0.0,18.0,0.0,0.0,0.0,0.0,0.0,0.0,0.0
Austin Riley,ATL,0.0,0.0,18.0,0.0,0.0,0.0,0.0,0.0,0.0
Eddie Rosario,ATL,1.0,0.0,0.0,1.0,0.0,0.0,5.0,3.0,0.0
Ozzie Albies,ATL,8.0,0.0,0.0,0.0,2.0,8.0,0.0,0.0,0.0
Michael Harris II,ATL,0.0,2.0,1.0,0.0,14.0,1.0,0.0,0.0,0.0
Vaughn Grissom,ATL,1.0,3.0,1.0,0.0,0.0,3.0,2.0,0.0,2.0
Chadwick Tromp,ATL,0.0,0.0,0.0,0.0,1.0,0.0,0.0,1.0,0.0
Luke Waddell,ATL,0.0,0.0,0.0,0.0,0.0,1.0,0.0,0.0,1.0
Kevin Pillar,ATL,4.0,0.0,0.0,2.0,1.0,1.0,0.0,4.0,1.0
Orlando Arcia,ATL,2.0,3.0,0.0,0.0,0.0,0.0,0.0,3.0,8.0
Marcell Ozuna,ATL,0.0,0.0,5.0,7.0,1.0,3.0,0.0,2.0,0.0
Sam Hilliard,ATL,0.0,0.0,0.0,7.0,4.0,2.0,2.0,1.0,0.0
Ryan Casteel,ATL,0.0,0.0,0.0,0.0,3.0,0.0,3.0,0.0,1.0
Ehire Adrianza,ATL,0.0,2.0,1.0,0.0,0.0,3.0,3.0,1.0,2.0
Eli White,ATL,1.0,0.0,1.0,0.0,2.0,1.0,2.0,1.0,0.0
Joe Hudson,ATL,0.0,0.0,0.0,0.0,0.0,1.0,0.0,4.0,1.0
Joe Dunand,ATL,0.0,0.0,0.0,0.0,1.0,0.0,2.0,2.0,2.0
Sean Murphy,ATL,0.0,0.0,1.0,8.0,0.0,0.0,1.0,0.0,0.0
Joshua Fuentes,ATL,0.0,0.0,0.0,0.0,0.0,0.0,1.0,4.0,0.0
Yolmer Sanchez,ATL,0.0,0.0,0.0,0.0,0.0,0.0,1.0,1.0,7.0
Travis d'Arnaud,ATL,0.0,0.0,3.0,6.0,0.0,0.0,3.0,0.0,0.0
Forrest Wall,ATL,2.0,2.0,0.0,0.0,0.0,1.0,1.0,1.0,0.0
Braden Shewmake,ATL,1.0,1.0,0.0,0.0,0.0,3.0,2.0,0.0,0.0
Adeiny Hechavarria,ATL,0.0,0.0,0.0,0.0,0.0,0.0,1.0,0.0,0.0
Magneuris Sierra,ATL,0.0,0.0,0.0,0.0,0.0,0.0,0.0,1.0,3.0
Cal Conley,ATL,0.0,0.0,0.0,0.0,0.0,0.0,0.0,0.0,1.0
Justin Dean,ATL,0.0,0.0,0.0,0.0,0.0,0.0,0.0,0.0,1.0
Jordan Luplow,ATL,0.0,0.0,0.0,0.0,2.0,1.0,1.0,1.0,0.0
Mitchell Tolman,ATL,0.0,0.0,0.0,0.0,0.0,1.0,0.0,0.0,0.0
Nacho Alvarez Jr.,ATL,0.0,0.0,0.0,0.0,0.0,1.0,0.0,1.0,0.0
Hoy Park,ATL,0.0,0.0,0.0,0.0,0.0,0.0,0.0,0.0,1.0
Cade Bunnell,ATL,0.0,0.0,0.0,0.0,0.0,0.0,1.0,0.0,0.0
Garrett Mitchell,MIL,5.0,2.0,0.0,0.0,0.0,1.0,2.0,1.0,1.0
Willy Adames,MIL,0.0,8.0,6.0,0.0,0.0,0.0,0.0,0.0,0.0
Rowdy Tellez,MIL,0.0,0.0,3.0,4.0,2.0,0.0,0.0,0.0,0.0
William Contreras,MIL,0.0,0.0,5.0,4.0,5.0,2.0,0.0,0.0,0.0
Luke Voit,MIL,0.0,1.0,2.0,7.0,2.0,2.0,0.0,0.0,0.0
Sal Frelick,MIL,1.0,1.0,0.0,0.0,0.0,2.0,2.0,1.0,1.0
Mike Brosseau,MIL,3.0,2.0,1.0,1.0,2.0,3.0,2.0,0.0,1.0
Abraham Toro,MIL,0.0,0.0,1.0,2.0,0.0,2.0,3.0,2.0,1.0
Luis Urias,MIL,1.0,1.0,3.0,2.0,2.0,0.0,1.0,0.0,0.0
Brian Anderson,MIL,0.0,4.0,0.0,3.0,4.0,4.0,1.0,1.0,0.0
Victor Caratini,MIL,0.0,0.0,2.0,2.0,4.0,1.0,1.0,2.0,0.0
Tyler Naquin,MIL,1.0,0.0,1.0,1.0,2.0,3.0,2.0,1.0,0.0
Skye Bolt,MIL,0.0,0.0,0.0,0.0,0.0,0.0,1.0,4.0,0.0
Monte Harrison,MIL,0.0,0.0,0.0,0.0,0.0,0.0,1.0,0.0,1.0
Owen Miller,MIL,2.0,1.0,0.0,0.0,0.0,3.0,7.0,2.0,1.0
Keston Hiura,MIL,0.0,2.0,0.0,2.0,4.0,2.0,0.0,0.0,0.0
Josh VanMeter,MIL,0.0,0.0,1.0,0.0,0.0,1.0,1.0,0.0,1.0
Jon Singleton,MIL,0.0,0.0,0.0,1.0,0.0,0.0,0.0,1.0,0.0
Joey Wiemer,MIL,0.0,0.0,0.0,0.0,2.0,2.0,1.0,2.0,6.0
Payton Henry,MIL,0.0,0.0,0.0,0.0,0.0,0.0,1.0,0.0,1.0
Brice Turang,MIL,2.0,0.0,0.0,0.0,0.0,1.0,1.0,7.0,5.0
Blake Perkins,MIL,0.0,0.0,0.0,0.0,0.0,0.0,1.0,0.0,4.0
Christian Yelich,MIL,14.0,0.0,0.0,0.0,0.0,0.0,0.0,0.0,0.0
Jesse Winker,MIL,0.0,7.0,4.0,0.0,0.0,0.0,0.0,0.0,0.0
Andruw Monasterio,MIL,0.0,0.0,0.0,0.0,0.0,0.0,0.0,2.0,3.0
Eddy Alvarez,MIL,0.0,0.0,0.0,0.0,0.0,0.0,0.0,2.0,2.0
Eric Brown Jr.,MIL,0.0,0.0,0.0,0.0,0.0,0.0,0.0,0.0,1.0
Cam Devanney,MIL,0.0,0.0,0.0,0.0,0.0,0.0,1.0,0.0,0.0
Brian Navarreto,MIL,0.0,0.0,0.0,0.0,0.0,0.0,0.0,1.0,0.0
Tommy Edman,STL,5.0,1.0,0.0,0.0,0.0,0.0,0.0,0.0,2.0
Tyler O'Neill,STL,0.0,8.0,0.0,0.0,0.0,2.0,0.0,0.0,0.0
Paul Goldschmidt,STL,0.0,0.0,8.0,0.0,0.0,0.0,0.0,0.0,0.0
Nolan Arenado,STL,0.0,0.0,1.0,8.0,0.0,0.0,0.0,0.0,0.0
Willson Contreras,STL,0.0,0.0,1.0,9.0,5.0,0.0,0.0,0.0,0.0
Dylan Carlson,STL,2.0,8.0,0.0,0.0,2.0,2.0,2.0,1.0,0.0
Lars Nootbaar,STL,0.0,3.0,0.0,0.0,0.0,0.0,2.0,0.0,0.0
Paul DeJong,STL,0.0,1.0,0.0,0.0,1.0,3.0,0.0,1.0,0.0
Brendan Donovan,STL,17.0,0.0,0.0,0.0,0.0,0.0,0.0,0.0,2.0
Juan Yepez,STL,0.0,0.0,5.0,3.0,2.0,5.0,3.0,0.0,0.0
Nolan Gorman,STL,0.0,1.0,3.0,2.0,6.0,4.0,1.0,1.0,0.0
Jordan Walker,STL,1.0,3.0,7.0,1.0,1.0,2.0,1.0,2.0,0.0
Alec Burleson,STL,0.0,2.0,1.0,2.0,6.0,0.0,3.0,2.0,0.0
Andrew Knizner,STL,0.0,1.0,0.0,0.0,2.0,1.0,4.0,4.0,2.0
Jose Fermin,STL,0.0,0.0,0.0,0.0,0.0,0.0,0.0,0.0,2.0
Moises Gomez,STL,0.0,0.0,0.0,1.0,0.0,0.0,5.0,1.0,1.0
Ivan Herrera,STL,0.0,0.0,0.0,0.0,0.0,0.0,0.0,1.0,0.0
Masyn Winn,STL,4.0,1.0,0.0,0.0,0.0,0.0,2.0,3.0,7.0
Taylor Motter,STL,0.0,0.0,2.0,1.0,2.0,5.0,0.0,2.0,1.0
Oscar Mercado,STL,0.0,0.0,0.0,0.0,1.0,0.0,1.0,4.0,0.0
Juniel Querecuto,STL,0.0,0.0,0.0,0.0,0.0,1.0,0.0,3.0,1.0
Mike Antico,STL,0.0,0.0,0.0,0.0,0.0,0.0,0.0,0.0,2.0
Tres Barrera,STL,0.0,0.0,0.0,0.0,0.0,1.0,1.0,1.0,0.0
Victor Scott II,STL,0.0,0.0,0.0,0.0,0.0,0.0,0.0,0.0,1.0
Kramer Robertson,STL,0.0,0.0,0.0,0.0,0.0,0.0,4.0,1.0,2.0
Justin Toerner,STL,0.0,0.0,0.0,1.0,0.0,0.0,0.0,1.0,0.0
Nathan Church,STL,0.0,0.0,0.0,0.0,0.0,0.0,0.0,1.0,1.0
Chase Pinder,STL,0.0,0.0,0.0,0.0,0.0,0.0,0.0,0.0,2.0
Scott Hurst,STL,0.0,0.0,0.0,0.0,0.0,1.0,0.0,0.0,1.0
Pedro Pages,STL,0.0,0.0,0.0,0.0,1.0,1.0,0.0,0.0,0.0
Matt Koperniak,STL,0.0,0.0,1.0,0.0,0.0,0.0,0.0,0.0,1.0
Luken Baker,STL,0.0,0.0,0.0,1.0,0.0,1.0,0.0,0.0,0.0
Jeremy Rivas,STL,0.0,0.0,0.0,0.0,0.0,0.0,0.0,0.0,1.0
Nico Hoerner,CHC,16.0,0.0,0.0,0.0,0.0,0.0,0.0,0.0,0.0
Dansby Swanson,CHC,2.0,10.0,5.0,0.0,0.0,0.0,0.0,0.0,0.0
Ian Happ,CHC,0.0,11.0,7.0,0.0,0.0,0.0,0.0,0.0,0.0
Cody Bellinger,CHC,0.0,1.0,5.0,4.0,6.0,1.0,0.0,0.0,0.0
Trey Mancini,CHC,0.0,2.0,4.0,8.0,4.0,0.0,0.0,0.0,0.0
Eric Hosmer,CHC,0.0,1.0,2.0,4.0,2.0,7.0,1.0,0.0,0.0
Patrick Wisdom,CHC,0.0,0.0,4.0,2.0,3.0,1.0,5.0,0.0,0.0
Yan Gomes,CHC,0.0,1.0,0.0,5.0,1.0,4.0,2.0,2.0,1.0
Brennen Davis,CHC,0.0,0.0,0.0,0.0,0.0,0.0,1.0,1.0,2.0
Nick Madrigal,CHC,10.0,0.0,0.0,0.0,1.0,0.0,2.0,1.0,1.0
Zach McKinstry,CHC,0.0,1.0,0.0,0.0,0.0,2.0,1.0,3.0,5.0
Matt Mervis,CHC,0.0,0.0,2.0,0.0,0.0,1.0,2.0,2.0,1.0
Edwin Rios,CHC,0.0,1.0,1.0,5.0,4.0,2.0,2.0,2.0,0.0
Christopher Morel,CHC,2.0,0.0,0.0,1.0,2.0,3.0,1.0,3.0,3.0
Mike Tauchman,CHC,0.0,0.0,0.0,0.0,5.0,4.0,3.0,2.0,1.0
Nelson Velazquez,CHC,0.0,0.0,0.0,0.0,1.0,1.0,1.0,3.0,1.0
Tucker Barnhart,CHC,0.0,3.0,0.0,0.0,0.0,1.0,2.0,4.0,4.0
Ben DeLuzio,CHC,0.0,0.0,0.0,0.0,0.0,0.0,0.0,2.0,1.0
Miles Mastrobuoni,CHC,1.0,0.0,0.0,0.0,0.0,1.0,2.0,1.0,2.0
Yonathan Perlaza,CHC,0.0,0.0,0.0,0.0,0.0,0.0,0.0,0.0,1.0
David Bote,CHC,0.0,0.0,0.0,1.0,0.0,0.0,4.0,2.0,0.0
Pete Crow-Armstrong,CHC,0.0,0.0,1.0,0.0,0.0,1.0,0.0,0.0,1.0
Jake Slaughter,CHC,0.0,0.0,0.0,0.0,0.0,0.0,0.0,2.0,0.0
Dom Nunez,CHC,0.0,0.0,0.0,0.0,0.0,0.0,0.0,0.0,1.0
Kevin Alcantara,CHC,0.0,0.0,0.0,1.0,0.0,0.0,1.0,0.0,0.0
James Triantos,CHC,0.0,0.0,0.0,0.0,0.0,0.0,0.0,0.0,1.0
Sergio Alcantara,CHC,0.0,0.0,0.0,0.0,0.0,0.0,0.0,0.0,2.0
Luis Torrens,CHC,0.0,0.0,0.0,0.0,1.0,1.0,0.0,0.0,0.0
Luis Vazquez,CHC,0.0,0.0,0.0,0.0,0.0,0.0,0.0,0.0,2.0
BJ Murray Jr.,CHC,0.0,0.0,0.0,0.0,0.0,0.0,0.0,1.0,1.0
Owen Caissie,CHC,0.0,0.0,0.0,0.0,1.0,0.0,0.0,0.0,0.0
Miguel Amaya,CHC,0.0,0.0,0.0,0.0,0.0,1.0,0.0,0.0,0.0
Chase Strumpf,CHC,0.0,0.0,0.0,0.0,0.0,0.0,1.0,0.0,0.0
Corbin Carroll,AZ,13.0,0.0,0.0,0.0,3.0,2.0,0.0,0.0,1.0
Alek Thomas,AZ,0.0,4.0,0.0,0.0,1.0,1.0,0.0,2.0,2.0
Jake McCarthy,AZ,1.0,1.0,8.0,0.0,0.0,1.0,2.0,1.0,0.0
Emmanuel Rivera,AZ,0.0,1.0,0.0,6.0,0.0,0.0,0.0,0.0,0.0
Pavin Smith,AZ,0.0,3.0,0.0,1.0,3.0,2.0,0.0,1.0,0.0
Jordan Lawlar,AZ,0.0,0.0,0.0,0.0,0.0,1.0,1.0,1.0,0.0
Gabriel Moreno,AZ,0.0,2.0,0.0,0.0,0.0,1.0,3.0,3.0,2.0
Jake Hager,AZ,0.0,0.0,0.0,0.0,0.0,2.0,0.0,4.0,1.0
Dominic Miroglio,AZ,0.0,0.0,0.0,0.0,0.0,0.0,0.0,0.0,1.0
Ketel Marte,AZ,7.0,4.0,0.0,0.0,0.0,0.0,0.0,0.0,0.0
Josh Rojas,AZ,8.0,6.0,1.0,0.0,0.0,0.0,0.0,0.0,0.0
Lourdes Gurriel Jr.,AZ,0.0,1.0,13.0,0.0,0.0,0.0,0.0,0.0,0.0
Christian Walker,AZ,0.0,0.0,1.0,16.0,0.0,0.0,0.0,0.0,0.0
Carson Kelly,AZ,0.0,1.0,1.0,1.0,3.0,2.0,1.0,0.0,0.0
Deyvison De Los Santos,AZ,0.0,0.0,0.0,1.0,0.0,1.0,0.0,0.0,0.0
Geraldo Perdomo,AZ,0.0,1.0,0.0,0.0,1.0,1.0,3.0,3.0,6.0
Dominic Fletcher,AZ,0.0,0.0,0.0,0.0,0.0,0.0,0.0,1.0,2.0
Jorge Barrosa,AZ,0.0,0.0,0.0,0.0,0.0,0.0,0.0,0.0,1.0
Buddy Kennedy,AZ,0.0,0.0,0.0,0.0,4.0,3.0,1.0,1.0,0.0
Blaze Alexander,AZ,0.0,0.0,0.0,0.0,0.0,0.0,2.0,2.0,0.0
Jose Herrera,AZ,0.0,0.0,0.0,0.0,0.0,1.0,2.0,0.0,8.0
Evan Longoria,AZ,0.0,4.0,1.0,0.0,6.0,0.0,0.0,0.0,0.0
Dominic Canzone,AZ,0.0,0.0,0.0,0.0,2.0,2.0,4.0,1.0,1.0
Seth Beer,AZ,0.0,0.0,0.0,3.0,3.0,1.0,0.0,0.0,0.0
Phillip Evans,AZ,0.0,0.0,0.0,2.0,1.0,2.0,2.0,1.0,0.0
Wilderd Patino,AZ,0.0,0.0,0.0,0.0,0.0,0.0,0.0,0.0,3.0
Diego A. Castillo,AZ,0.0,1.0,0.0,0.0,0.0,2.0,3.0,3.0,0.0
P.J. Higgins,AZ,0.0,0.0,1.0,1.0,1.0,1.0,2.0,1.0,0.0
Kyle Lewis,AZ,2.0,1.0,6.0,1.0,1.0,1.0,0.0,0.0,0.0
Nick Ahmed,AZ,1.0,2.0,0.0,0.0,2.0,5.0,3.0,0.0,0.0
Yairo Munoz,AZ,0.0,0.0,0.0,0.0,0.0,0.0,2.0,4.0,0.0
Caleb Roberts,AZ,0.0,0.0,0.0,0.0,1.0,0.0,1.0,0.0,1.0
Tim Tawa,AZ,0.0,0.0,0.0,0.0,0.0,0.0,0.0,2.0,2.0
Channy Ortiz,AZ,0.0,0.0,0.0,0.0,0.0,0.0,0.0,0.0,1.0
Neyfy Castillo,AZ,0.0,0.0,0.0,0.0,0.0,0.0,0.0,1.0,0.0
Gavin Lux,LAD,1.0,0.0,0.0,0.0,1.0,0.0,0.0,0.0,1.0
Freddie Freeman,LAD,0.0,15.0,0.0,0.0,0.0,0.0,0.0,0.0,0.0
J.D. Martinez,LAD,0.0,0.0,7.0,8.0,4.0,1.0,0.0,0.0,0.0
Will Smith,LAD,0.0,0.0,8.0,1.0,0.0,0.0,0.0,0.0,0.0
James Outman,LAD,2.0,2.0,0.0,5.0,2.0,3.0,1.0,2.0,0.0
Luke Williams,LAD,0.0,0.0,0.0,0.0,1.0,3.0,4.0,0.0,0.0
Steven Duggar,LAD,0.0,0.0,2.0,2.0,0.0,2.0,2.0,3.0,0.0
Miguel Vargas,LAD,0.0,2.0,0.0,0.0,3.0,3.0,4.0,3.0,5.0
Miguel Rojas,LAD,3.0,2.0,1.0,0.0,3.0,2.0,1.0,3.0,3.0
Chris Taylor,LAD,2.0,4.0,4.0,2.0,3.0,4.0,1.0,0.0,0.0
Austin Barnes,LAD,0.0,1.0,0.0,1.0,3.0,0.0,1.0,1.0,1.0
David Peralta,LAD,4.0,0.0,0.0,0.0,0.0,3.0,0.0,1.0,0.0
Trayce Thompson,LAD,0.0,2.0,3.0,1.0,2.0,1.0,5.0,0.0,0.0
Michael Busch,LAD,0.0,0.0,0.0,0.0,3.0,4.0,0.0,2.0,1.0
Jonny DeLuca,LAD,0.0,0.0,0.0,0.0,0.0,0.0,3.0,1.0,3.0
Mookie Betts,LAD,9.0,0.0,0.0,0.0,0.0,0.0,0.0,0.0,0.0
Jason Heyward,LAD,10.0,2.0,1.0,1.0,1.0,2.0,0.0,0.0,1.0
Devin Mann,LAD,0.0,0.0,0.0,0.0,0.0,1.0,0.0,3.0,4.0
Yonny Hernandez,LAD,0.0,0.0,0.0,0.0,1.0,0.0,5.0,2.0,0.0
Bradley Zimmer,LAD,0.0,0.0,0.0,0.0,0.0,0.0,1.0,2.0,2.0
Patrick Mazeika,LAD,0.0,0.0,0.0,0.0,0.0,0.0,0.0,1.0,5.0
David Freitas,LAD,0.0,0.0,0.0,0.0,0.0,0.0,0.0,0.0,3.0
Andy Pages,LAD,0.0,0.0,0.0,0.0,0.0,1.0,2.0,0.0,0.0
Hunter Feduccia,LAD,0.0,0.0,0.0,0.0,0.0,0.0,0.0,3.0,2.0
Ryan Ward,LAD,0.0,0.0,0.0,0.0,1.0,1.0,1.0,3.0,0.0
Jose Ramos,LAD,0.0,0.0,0.0,0.0,0.0,0.0,0.0,1.0,0.0
LaMonte Wade Jr.,SF,13.0,0.0,2.0,0.0,0.0,0.0,0.0,0.0,0.0
Thairo Estrada,SF,1.0,9.0,2.0,0.0,0.0,2.0,0.0,0.0,0.0
Joc Pederson,SF,1.0,0.0,6.0,1.0,1.0,0.0,0.0,0.0,0.0
Stephen Piscotty,SF,0.0,0.0,0.0,5.0,0.0,2.0,0.0,1.0,2.0
Brandon Crawford,SF,0.0,0.0,2.0,0.0,8.0,0.0,0.0,0.0,0.0
Heliot Ramos,SF,0.0,1.0,0.0,0.0,0.0,2.0,2.0,1.0,1.0
Blake Sabol,SF,0.0,1.0,4.0,2.0,3.0,1.0,3.0,0.0,2.0
Casey Schmitt,SF,0.0,1.0,0.0,2.0,2.0,3.0,3.0,3.0,1.0
Bryce Johnson,SF,1.0,0.0,0.0,0.0,0.0,2.0,5.0,6.0,1.0
Michael Conforto,SF,8.0,2.0,4.0,1.0,0.0,0.0,0.0,0.0,0.0
Mitch Haniger,SF,0.0,4.0,0.0,0.0,0.0,0.0,0.0,0.0,0.0
Mike Yastrzemski,SF,2.0,1.0,2.0,1.0,2.0,2.0,2.0,0.0,0.0
J.D. Davis,SF,0.0,3.0,0.0,6.0,3.0,3.0,1.0,0.0,0.0
Isan Diaz,SF,1.0,0.0,4.0,0.0,2.0,1.0,0.0,0.0,0.0
David Villar,SF,1.0,1.0,1.0,4.0,0.0,4.0,0.0,0.0,0.0
Brett Wisely,SF,1.0,0.0,1.0,0.0,6.0,0.0,3.0,0.0,4.0
Joey Bart,SF,0.0,0.0,0.0,1.0,1.0,1.0,2.0,3.0,2.0
Clint Coulter,SF,0.0,0.0,0.0,0.0,0.0,0.0,2.0,0.0,1.0
Austin Wynns,SF,0.0,0.0,0.0,0.0,0.0,1.0,0.0,1.0,3.0
Luis Matos,SF,0.0,0.0,0.0,0.0,0.0,0.0,1.0,2.0,4.0
Roberto Perez,SF,0.0,0.0,0.0,0.0,0.0,4.0,4.0,2.0,0.0
Vaun Brown,SF,0.0,1.0,0.0,0.0,0.0,0.0,0.0,0.0,2.0
Will Wilson,SF,0.0,0.0,0.0,0.0,0.0,0.0,2.0,2.0,2.0
Wilmer Flores,SF,0.0,5.0,1.0,6.0,0.0,0.0,0.0,0.0,0.0
Ford Proctor,SF,0.0,0.0,1.0,0.0,2.0,0.0,0.0,3.0,0.0
Brett Auerbach,SF,0.0,0.0,0.0,0.0,0.0,2.0,0.0,4.0,1.0
Armando Alvarez,SF,0.0,0.0,0.0,0.0,0.0,0.0,0.0,1.0,0.0
Grant McCray,SF,0.0,0.0,0.0,0.0,0.0,0.0,0.0,0.0,2.0
Austin Slater,SF,1.0,1.0,0.0,1.0,0.0,0.0,0.0,0.0,0.0
Wade Meckler,SF,0.0,0.0,0.0,0.0,0.0,0.0,0.0,0.0,1.0
Carter Aldrete,SF,0.0,0.0,0.0,0.0,0.0,0.0,0.0,0.0,1.0
Shane Matheny,SF,0.0,0.0,0.0,0.0,0.0,0.0,0.0,1.0,0.0
Steven Kwan,CLE,18.0,0.0,1.0,0.0,0.0,0.0,0.0,0.0,2.0
Gabriel Arias,CLE,0.0,3.0,0.0,0.0,1.0,4.0,4.0,2.0,0.0
Josh Naylor,CLE,0.0,0.0,3.0,2.0,14.0,0.0,0.0,0.0,0.0
Will Brennan,CLE,1.0,2.0,5.0,1.0,2.0,3.0,1.0,0.0,0.0
Mike Zunino,CLE,0.0,0.0,0.0,3.0,2.0,2.0,2.0,4.0,0.0
Tyler Freeman,CLE,1.0,3.0,0.0,0.0,0.0,3.0,0.0,3.0,2.0
Brayan Rocchio,CLE,0.0,0.0,0.0,0.0,0.0,0.0,2.0,2.0,2.0
David Fry,CLE,0.0,0.0,0.0,0.0,0.0,1.0,2.0,2.0,0.0
Roman Quinn,CLE,2.0,0.0,0.0,0.0,1.0,1.0,4.0,0.0,2.0
Andres Gimenez,CLE,3.0,1.0,0.0,0.0,1.0,1.0,4.0,0.0,0.0
Amed Rosario,CLE,0.0,19.0,0.0,0.0,0.0,0.0,0.0,0.0,0.0
Jose Ramirez,CLE,0.0,0.0,18.0,0.0,0.0,0.0,0.0,0.0,0.0
Josh Bell,CLE,0.0,0.0,0.0,18.0,0.0,0.0,0.0,0.0,0.0
Oscar Gonzalez,CLE,0.0,0.0,0.0,5.0,3.0,8.0,1.0,0.0,0.0
Richie Palacios,CLE,1.0,1.0,1.0,0.0,0.0,1.0,0.0,0.0,0.0
Jhonkensy Noel,CLE,0.0,0.0,0.0,0.0,1.0,1.0,1.0,1.0,0.0
George Valera,CLE,0.0,0.0,0.0,0.0,0.0,0.0,0.0,0.0,1.0
Meibrys Viloria,CLE,0.0,0.0,0.0,0.0,0.0,1.0,1.0,1.0,0.0
Angel Martinez,CLE,0.0,1.0,0.0,0.0,0.0,0.0,1.0,0.0,3.0
Zack Collins,CLE,0.0,0.0,2.0,0.0,1.0,0.0,1.0,0.0,0.0
Micah Pries,CLE,0.0,0.0,0.0,1.0,3.0,2.0,1.0,1.0,0.0
Juan Brito,CLE,0.0,0.0,0.0,0.0,0.0,0.0,1.0,0.0,0.0
Petey Halpin,CLE,0.0,0.0,0.0,0.0,0.0,0.0,0.0,2.0,0.0
Connor Kokx,CLE,0.0,0.0,0.0,0.0,0.0,0.0,1.0,0.0,1.0
Joe Lampe,CLE,0.0,0.0,0.0,0.0,0.0,0.0,1.0,0.0,1.0
Cam Gallagher,CLE,0.0,0.0,0.0,0.0,0.0,2.0,1.0,7.0,3.0
Jose Tena,CLE,0.0,0.0,0.0,0.0,0.0,0.0,1.0,1.0,2.0
Myles Straw,CLE,4.0,0.0,0.0,0.0,0.0,0.0,0.0,3.0,9.0
Milan Tolentino,CLE,0.0,0.0,0.0,0.0,0.0,0.0,0.0,1.0,0.0
Raynel Delgado,CLE,0.0,0.0,0.0,0.0,0.0,0.0,0.0,0.0,1.0
Johnathan Rodriguez,CLE,0.0,0.0,0.0,0.0,0.0,0.0,0.0,0.0,1.0
Joe Naranjo,CLE,0.0,0.0,0.0,0.0,1.0,0.0,0.0,0.0,0.0
Kolten Wong,SEA,12.0,5.0,0.0,0.0,0.0,0.0,0.0,0.0,0.0
Julio Rodriguez,SEA,10.0,3.0,0.0,0.0,0.0,0.0,0.0,0.0,1.0
Ty France,SEA,0.0,10.0,9.0,0.0,0.0,0.0,0.0,0.0,0.0
Teoscar Hernandez,SEA,0.0,3.0,5.0,4.0,0.0,0.0,0.0,0.0,0.0
Eugenio Suarez,SEA,0.0,0.0,1.0,4.0,4.0,2.0,0.0,0.0,0.0
Jarred Kelenic,SEA,0.0,5.0,6.0,2.0,2.0,3.0,1.0,0.0,0.0
Tom Murphy,SEA,0.0,0.0,1.0,2.0,6.0,3.0,2.0,1.0,0.0
J.P. Crawford,SEA,1.0,1.0,1.0,0.0,1.0,5.0,1.0,1.0,1.0
Mike Ford,SEA,0.0,0.0,0.0,0.0,0.0,1.0,1.0,3.0,1.0
Sam Haggerty,SEA,3.0,0.0,0.0,0.0,1.0,6.0,1.0,0.0,2.0
AJ Pollock,SEA,1.0,1.0,2.0,8.0,2.0,0.0,2.0,0.0,0.0
Evan White,SEA,0.0,0.0,1.0,2.0,0.0,1.0,0.0,0.0,0.0
Cooper Hummel,SEA,0.0,1.0,0.0,3.0,2.0,2.0,1.0,3.0,0.0
Cade Marlowe,SEA,0.0,0.0,0.0,0.0,1.0,0.0,2.0,0.0,2.0
Colin Moran,SEA,0.0,0.0,0.0,0.0,0.0,2.0,4.0,4.0,2.0
Robert Perez Jr.,SEA,0.0,0.0,0.0,0.0,0.0,0.0,1.0,0.0,0.0
Mason McCoy,SEA,2.0,0.0,0.0,0.0,0.0,0.0,0.0,8.0,2.0
Jonatan Clase,SEA,0.0,0.0,0.0,0.0,0.0,0.0,0.0,0.0,1.0
Jack Larsen,SEA,0.0,0.0,0.0,0.0,0.0,0.0,0.0,0.0,1.0
Brian O'Keefe,SEA,0.0,0.0,0.0,0.0,0.0,2.0,2.0,1.0,0.0
Drew Ellis,SEA,0.0,0.0,0.0,0.0,0.0,0.0,1.0,1.0,1.0
Jose Caballero,SEA,0.0,0.0,0.0,0.0,0.0,0.0,1.0,2.0,4.0
Cal Raleigh,SEA,0.0,0.0,4.0,4.0,3.0,0.0,0.0,0.0,0.0
Kole Calhoun,SEA,1.0,0.0,0.0,0.0,2.0,2.0,7.0,1.0,0.0
Leonys Martin,SEA,0.0,0.0,0.0,0.0,2.0,1.0,0.0,1.0,2.0
Kean Wong,SEA,0.0,0.0,0.0,0.0,0.0,0.0,1.0,1.0,3.0
Jacob Nottingham,SEA,0.0,0.0,0.0,0.0,1.0,0.0,0.0,1.0,0.0
Leo Rivas,SEA,0.0,0.0,0.0,0.0,0.0,0.0,0.0,0.0,4.0
Tommy La Stella,SEA,0.0,1.0,0.0,0.0,3.0,0.0,1.0,2.0,0.0
Zach DeLoach,SEA,0.0,0.0,0.0,0.0,0.0,0.0,0.0,0.0,2.0
Jake Scheiner,SEA,0.0,0.0,0.0,1.0,0.0,0.0,1.0,0.0,0.0
Tyler Locklear,SEA,0.0,0.0,0.0,0.0,0.0,0.0,0.0,0.0,1.0
Jon Berti,MIA,8.0,0.0,0.0,0.0,0.0,1.0,2.0,1.0,1.0
Bryan De La Cruz,MIA,1.0,4.0,4.0,2.0,0.0,1.0,2.0,0.0,0.0
Nick Fortes,MIA,0.0,0.0,1.0,2.0,2.0,1.0,1.0,2.0,0.0
Jesus Sanchez,MIA,1.0,1.0,0.0,2.0,4.0,2.0,2.0,2.0,0.0
Garrett Hampson,MIA,2.0,1.0,0.0,0.0,1.0,1.0,2.0,3.0,1.0
Peyton Burdick,MIA,0.0,0.0,0.0,0.0,0.0,1.0,2.0,1.0,0.0
Jordan Groshans,MIA,0.0,0.0,0.0,0.0,0.0,2.0,1.0,1.0,0.0
Joe Rizzo,MIA,0.0,0.0,0.0,0.0,0.0,0.0,0.0,3.0,0.0
Xavier Edwards,MIA,0.0,0.0,0.0,0.0,0.0,0.0,0.0,2.0,2.0
Jazz Chisholm Jr.,MIA,1.0,9.0,3.0,1.0,0.0,0.0,0.0,0.0,1.0
Jorge Soler,MIA,0.0,6.0,7.0,4.0,0.0,0.0,0.0,0.0,0.0
Luis Arraez,MIA,10.0,0.0,1.0,0.0,0.0,0.0,0.0,0.0,0.0
Garrett Cooper,MIA,0.0,0.0,7.0,10.0,0.0,0.0,0.0,0.0,0.0
Avisail Garcia,MIA,0.0,0.0,0.0,2.0,15.0,0.0,0.0,0.0,0.0
Jean Segura,MIA,2.0,1.0,0.0,2.0,1.0,7.0,0.0,0.0,0.0
Joey Wendle,MIA,0.0,3.0,0.0,0.0,1.0,4.0,4.0,2.0,1.0
Jacob Stallings,MIA,0.0,0.0,0.0,0.0,2.0,4.0,2.0,2.0,3.0
Jerar Encarnacion,MIA,0.0,0.0,1.0,1.0,0.0,0.0,0.0,2.0,3.0
Alex De Goti,MIA,0.0,0.0,0.0,0.0,0.0,0.0,0.0,2.0,2.0
C.J. Hinojosa,MIA,0.0,0.0,0.0,0.0,0.0,1.0,0.0,0.0,3.0
Austin Allen,MIA,0.0,0.0,0.0,0.0,0.0,0.0,0.0,1.0,3.0
Jacob Amaya,MIA,0.0,0.0,0.0,0.0,0.0,0.0,1.0,0.0,2.0
Nasim Nunez,MIA,0.0,0.0,0.0,0.0,0.0,0.0,0.0,0.0,1.0
Jose Iglesias,MIA,1.0,0.0,0.0,0.0,0.0,1.0,2.0,0.0,0.0
Yuli Gurriel,MIA,0.0,1.0,2.0,0.0,0.0,1.0,3.0,0.0,0.0
Paul McIntosh,MIA,0.0,0.0,0.0,0.0,0.0,0.0,1.0,0.0,0.0
Jacob Berry,MIA,0.0,0.0,0.0,0.0,0.0,0.0,0.0,0.0,1.0
Santiago Chavez,MIA,0.0,0.0,0.0,0.0,0.0,0.0,1.0,1.0,1.0
Brian Miller,MIA,1.0,0.0,0.0,0.0,0.0,0.0,0.0,1.0,1.0
Victor Mesa Jr.,MIA,0.0,0.0,0.0,0.0,0.0,0.0,0.0,0.0,1.0
Jose Devers,MIA,0.0,1.0,0.0,0.0,0.0,0.0,0.0,0.0,0.0
Troy Johnston,MIA,0.0,0.0,1.0,0.0,0.0,0.0,0.0,0.0,0.0
Charles Leblanc,MIA,0.0,0.0,0.0,1.0,0.0,0.0,0.0,0.0,0.0
Norel Gonzalez,MIA,0.0,0.0,0.0,0.0,1.0,0.0,0.0,0.0,0.0
Jake Mangum,MIA,0.0,0.0,0.0,0.0,0.0,0.0,1.0,0.0,0.0
Victor Mesa,MIA,0.0,0.0,0.0,0.0,0.0,0.0,0.0,1.0,0.0
Jeff McNeil,NYM,3.0,2.0,1.0,0.0,1.0,1.0,0.0,0.0,0.0
Tommy Pham,NYM,2.0,1.0,3.0,1.0,1.0,4.0,3.0,1.0,0.0
Francisco Lindor,NYM,0.0,0.0,13.0,0.0,0.0,0.0,0.0,0.0,0.0
Pete Alonso,NYM,0.0,0.0,1.0,11.0,0.0,0.0,0.0,0.0,0.0
Eduardo Escobar,NYM,3.0,2.0,0.0,0.0,3.0,0.0,2.0,2.0,0.0
Mark Canha,NYM,1.0,1.0,1.0,2.0,7.0,5.0,1.0,0.0,0.0
Daniel Vogelbach,NYM,0.0,0.0,0.0,7.0,3.0,0.0,2.0,0.0,0.0
Abraham Almonte,NYM,0.0,0.0,0.0,1.0,2.0,0.0,1.0,1.0,0.0
Tomas Nido,NYM,0.0,0.0,0.0,0.0,3.0,3.0,1.0,2.0,4.0
Luis Guillorme,NYM,2.0,6.0,0.0,0.0,0.0,1.0,3.0,1.0,0.0
Tim Locastro,NYM,8.0,1.0,0.0,0.0,0.0,0.0,0.0,1.0,2.0
Brett Baty,NYM,0.0,0.0,2.0,1.0,0.0,2.0,0.0,1.0,0.0
Mark Vientos,NYM,0.0,1.0,1.0,1.0,1.0,4.0,6.0,1.0,0.0
Omar Narvaez,NYM,0.0,0.0,0.0,0.0,1.0,0.0,2.0,1.0,6.0
DJ Stewart,NYM,0.0,0.0,0.0,0.0,0.0,3.0,0.0,2.0,1.0
Jonathan Arauz,NYM,1.0,1.0,0.0,0.0,0.0,0.0,1.0,1.0,0.0
Michael Perez,NYM,0.0,0.0,0.0,0.0,0.0,0.0,0.0,1.0,0.0
Alex Ramirez,NYM,0.0,0.0,0.0,0.0,0.0,0.0,0.0,0.0,3.0
Lorenzo Cedrola,NYM,0.0,1.0,0.0,0.0,0.0,0.0,3.0,2.0,3.0
Francisco Alvarez,NYM,0.0,1.0,0.0,0.0,0.0,0.0,2.0,4.0,3.0
Jose Peraza,NYM,0.0,0.0,0.0,0.0,0.0,1.0,0.0,3.0,5.0
Jaylin Davis,NYM,0.0,0.0,0.0,0.0,2.0,0.0,1.0,1.0,0.0
Darin Ruf,NYM,0.0,0.0,0.0,4.0,3.0,3.0,0.0,0.0,0.0
Danny Mendick,NYM,2.0,0.0,4.0,0.0,1.0,0.0,0.0,1.0,0.0
Starling Marte,NYM,0.0,10.0,2.0,0.0,0.0,0.0,0.0,0.0,0.0
Ronny Mauricio,NYM,0.0,1.0,0.0,0.0,0.0,1.0,0.0,2.0,1.0
Brandon Nimmo,NYM,6.0,0.0,0.0,0.0,0.0,0.0,0.0,0.0,0.0
CJ Abrams,WSH,7.0,1.0,0.0,0.0,0.0,2.0,2.0,4.0,1.0
Luis Garcia Jr.,WSH,2.0,5.0,4.0,0.0,3.0,4.0,1.0,0.0,0.0
Joey Meneses,WSH,0.0,4.0,5.0,3.0,0.0,0.0,0.0,0.0,0.0
Stone Garrett,WSH,0.0,0.0,0.0,1.0,1.0,2.0,4.0,1.0,0.0
Yadiel Hernandez,WSH,0.0,0.0,0.0,0.0,1.0,0.0,0.0,1.0,0.0
Riley Adams,WSH,0.0,0.0,0.0,0.0,0.0,1.0,2.0,2.0,6.0
Alex Call,WSH,4.0,2.0,5.0,0.0,2.0,3.0,2.0,0.0,1.0
Ildemaro Vargas,WSH,0.0,0.0,0.0,0.0,3.0,6.0,4.0,2.0,0.0
Jeremy De La Rosa,WSH,0.0,0.0,0.0,0.0,0.0,0.0,0.0,0.0,1.0
Lane Thomas,WSH,13.0,3.0,1.0,0.0,0.0,0.0,0.0,0.0,1.0
Corey Dickerson,WSH,0.0,4.0,2.0,7.0,4.0,0.0,0.0,0.0,0.0
Jeimer Candelario,WSH,0.0,0.0,7.0,3.0,4.0,1.0,0.0,0.0,0.0
Dominic Smith,WSH,0.0,7.0,2.0,9.0,1.0,0.0,0.0,0.0,0.0
Keibert Ruiz,WSH,2.0,0.0,2.0,3.0,6.0,3.0,3.0,0.0,0.0
Victor Robles,WSH,0.0,2.0,0.0,0.0,0.0,2.0,4.0,5.0,5.0
Jeter Downs,WSH,0.0,0.0,0.0,0.0,0.0,1.0,1.0,7.0,2.0
Jake Alu,WSH,0.0,0.0,0.0,0.0,0.0,0.0,0.0,1.0,1.0
Matt Adams,WSH,0.0,0.0,0.0,2.0,2.0,2.0,1.0,1.0,0.0
Michael Chavis,WSH,0.0,0.0,0.0,0.0,1.0,1.0,3.0,1.0,3.0
Travis Blankenhorn,WSH,0.0,0.0,0.0,0.0,0.0,0.0,1.0,0.0,0.0
Derek Hill,WSH,0.0,0.0,0.0,0.0,0.0,0.0,0.0,2.0,0.0
Israel Pineda,WSH,0.0,0.0,0.0,0.0,0.0,0.0,0.0,0.0,1.0
Leonel Valera,WSH,0.0,0.0,0.0,0.0,0.0,0.0,0.0,1.0,2.0
Lucius Fox,WSH,0.0,0.0,0.0,0.0,0.0,0.0,0.0,0.0,1.0
Carter Kieboom,WSH,0.0,0.0,0.0,0.0,0.0,0.0,0.0,0.0,1.0
Erick Mejia,WSH,0.0,0.0,0.0,0.0,0.0,0.0,0.0,0.0,1.0
James Wood,WSH,0.0,0.0,0.0,0.0,0.0,0.0,0.0,0.0,1.0
Cedric Mullins,BAL,9.0,0.0,0.0,0.0,0.0,0.0,0.0,0.0,2.0
Adam Frazier,BAL,6.0,1.0,0.0,0.0,1.0,5.0,1.0,3.0,0.0
Adley Rutschman,BAL,0.0,16.0,1.0,0.0,0.0,0.0,0.0,0.0,0.0
Anthony Santander,BAL,0.0,1.0,4.0,4.0,0.0,0.0,0.0,0.0,0.0
Ryan O'Hearn,BAL,0.0,0.0,1.0,3.0,3.0,1.0,2.0,0.0,0.0
Nomar Mazara,BAL,0.0,0.0,0.0,0.0,2.0,3.0,5.0,3.0,0.0
Joey Ortiz,BAL,0.0,0.0,0.0,0.0,0.0,0.0,1.0,0.0,2.0
Coby Mayo,BAL,0.0,0.0,0.0,0.0,0.0,0.0,0.0,2.0,0.0
Anthony Bemboom,BAL,0.0,0.0,0.0,0.0,0.0,0.0,0.0,0.0,6.0
Ryan McKenna,BAL,2.0,1.0,0.0,0.0,3.0,2.0,3.0,1.0,3.0
Terrin Vavra,BAL,9.0,2.0,0.0,0.0,1.0,0.0,2.0,0.0,0.0
James McCann,BAL,0.0,0.0,3.0,0.0,1.0,3.0,4.0,0.0,0.0
Kyle Stowers,BAL,0.0,1.0,7.0,5.0,0.0,1.0,0.0,1.0,1.0
Jordan Westburg,BAL,0.0,0.0,0.0,3.0,3.0,1.0,4.0,3.0,1.0
Franchy Cordero,BAL,0.0,1.0,1.0,2.0,0.0,4.0,1.0,2.0,0.0
Lewin Diaz,BAL,0.0,0.0,0.0,0.0,1.0,1.0,1.0,1.0,1.0
Colton Cowser,BAL,0.0,0.0,0.0,0.0,0.0,1.0,1.0,3.0,4.0
Connor Norby,BAL,0.0,0.0,0.0,0.0,0.0,0.0,0.0,1.0,2.0
Ryan Mountcastle,BAL,0.0,4.0,10.0,3.0,0.0,0.0,0.0,0.0,0.0
Ramon Urias,BAL,0.0,3.0,1.0,3.0,6.0,1.0,0.0,0.0,0.0
Austin Hays,BAL,2.0,0.0,0.0,2.0,6.0,3.0,1.0,0.0,0.0
Jorge Mateo,BAL,1.0,0.0,0.0,0.0,1.0,1.0,3.0,7.0,4.0
Mark Kolozsvary,BAL,0.0,0.0,0.0,0.0,0.0,0.0,0.0,0.0,1.0
Gunnar Henderson,BAL,3.0,2.0,4.0,3.0,2.0,1.0,0.0,0.0,0.0
Daz Cameron,BAL,0.0,0.0,0.0,0.0,1.0,1.0,2.0,2.0,1.0
Josh Lester,BAL,0.0,0.0,0.0,4.0,1.0,1.0,1.0,1.0,1.0
Heston Kjerstad,BAL,0.0,0.0,0.0,0.0,0.0,2.0,0.0,2.0,1.0
Maverick Handley,BAL,0.0,0.0,0.0,0.0,0.0,0.0,0.0,0.0,2.0
Xander Bogaerts,SD,4.0,0.0,1.0,5.0,0.0,0.0,0.0,0.0,0.0
Manny Machado,SD,0.0,3.0,9.0,0.0,0.0,0.0,0.0,0.0,0.0
Juan Soto,SD,0.0,3.0,2.0,0.0,0.0,0.0,0.0,0.0,0.0
Nelson Cruz,SD,0.0,0.0,0.0,10.0,2.0,2.0,0.0,0.0,0.0
Ha-Seong Kim,SD,1.0,0.0,0.0,0.0,2.0,4.0,0.0,2.0,0.0
Brandon Dixon,SD,0.0,2.0,1.0,0.0,4.0,4.0,1.0,1.0,1.0
Luis Campusano,SD,0.0,0.0,0.0,2.0,1.0,1.0,2.0,3.0,1.0
Alfonso Rivas III,SD,0.0,0.0,0.0,0.0,0.0,2.0,3.0,1.0,1.0
Jose Azocar,SD,1.0,1.0,0.0,0.0,0.0,4.0,1.0,2.0,6.0
Trent Grisham,SD,13.0,0.0,0.0,0.0,0.0,0.0,3.0,2.0,0.0
Jake Cronenworth,SD,0.0,5.0,8.0,2.0,3.0,0.0,0.0,0.0,0.0
Matt Carpenter,SD,0.0,1.0,2.0,7.0,5.0,1.0,1.0,0.0,0.0
David Dahl,SD,0.0,1.0,0.0,1.0,8.0,2.0,2.0,1.0,1.0
Pedro Severino,SD,0.0,0.0,0.0,0.0,0.0,1.0,2.0,3.0,0.0
Jantzen Witte,SD,0.0,0.0,0.0,0.0,0.0,0.0,0.0,1.0,2.0
Jackson Merrill,SD,0.0,0.0,0.0,0.0,0.0,0.0,2.0,3.0,5.0
Austin Nola,SD,0.0,2.0,1.0,0.0,2.0,5.0,2.0,0.0,0.0
Taylor Kohlwey,SD,0.0,0.0,0.0,0.0,0.0,1.0,2.0,2.0,3.0
Fernando Tatis Jr.,SD,6.0,7.0,3.0,0.0,0.0,0.0,0.0,0.0,0.0
Brett Sullivan,SD,0.0,0.0,0.0,0.0,0.0,0.0,2.0,1.0,0.0
Tim Lopes,SD,1.0,2.0,0.0,0.0,2.0,0.0,2.0,4.0,2.0
Rougned Odor,SD,0.0,3.0,3.0,2.0,0.0,3.0,2.0,0.0,1.0
Rangel Ravelo,SD,0.0,0.0,0.0,1.0,0.0,0.0,2.0,1.0,1.0
Luis Liberato,SD,1.0,0.0,0.0,0.0,0.0,0.0,0.0,0.0,2.0
Preston Tucker,SD,0.0,0.0,0.0,0.0,0.0,0.0,1.0,0.0,0.0
Adam Engel,SD,3.0,0.0,0.0,0.0,1.0,0.0,0.0,1.0,1.0
Matthew Batten,SD,0.0,0.0,0.0,0.0,0.0,0.0,0.0,2.0,3.0
Brandon Marsh,PHI,9.0,0.0,1.0,0.0,4.0,0.0,1.0,2.0,2.0
Alec Bohm,PHI,0.0,8.0,5.0,2.0,1.0,1.0,3.0,0.0,0.0
Darick Hall,PHI,0.0,0.0,9.0,5.0,4.0,0.0,0.0,0.0,0.0
Edmundo Sosa,PHI,1.0,5.0,0.0,5.0,1.0,4.0,0.0,1.0,0.0
Garrett Stubbs,PHI,1.0,0.0,0.0,1.0,2.0,1.0,0.0,0.0,0.0
Josh Harrison,PHI,0.0,0.0,0.0,0.0,3.0,7.0,5.0,1.0,0.0
Jake Cave,PHI,0.0,0.0,1.0,1.0,4.0,2.0,4.0,6.0,0.0
Weston Wilson,PHI,0.0,0.0,0.0,0.0,1.0,2.0,2.0,3.0,0.0
Vimael Machin,PHI,0.0,0.0,0.0,0.0,0.0,0.0,0.0,2.0,1.0
Dalton Guthrie,PHI,1.0,0.0,0.0,1.0,1.0,0.0,3.0,1.0,7.0
Nick Castellanos,PHI,0.0,2.0,4.0,10.0,3.0,0.0,0.0,0.0,0.0
Rafael Marchan,PHI,0.0,0.0,1.0,0.0,0.0,0.0,1.0,0.0,1.0
Scott Kingery,PHI,0.0,0.0,0.0,6.0,3.0,3.0,3.0,0.0,0.0
Kody Clemens,PHI,0.0,0.0,1.0,0.0,3.0,5.0,5.0,0.0,0.0
John Hicks,PHI,0.0,0.0,0.0,0.0,0.0,1.0,1.0,5.0,3.0
Simon Muzziotti,PHI,0.0,0.0,0.0,0.0,0.0,0.0,1.0,0.0,2.0
Jhailyn Ortiz,PHI,0.0,0.0,0.0,0.0,0.0,0.0,0.0,1.0,1.0
Will Toffey,PHI,0.0,0.0,0.0,0.0,0.0,0.0,1.0,2.0,2.0
Trea Turner,PHI,8.0,0.0,0.0,0.0,0.0,0.0,0.0,0.0,0.0
Kyle Schwarber,PHI,2.0,7.0,0.0,0.0,0.0,0.0,0.0,0.0,0.0
J.T. Realmuto,PHI,0.0,0.0,7.0,0.0,0.0,0.0,0.0,0.0,0.0
Bryson Stott,PHI,10.0,0.0,2.0,0.0,2.0,4.0,0.0,0.0,0.0
Johan Rojas,PHI,0.0,0.0,0.0,0.0,0.0,1.0,0.0,2.0,0.0
Jim Haley,PHI,0.0,0.0,0.0,0.0,0.0,1.0,2.0,3.0,0.0
Carlos De La Cruz,PHI,0.0,0.0,0.0,0.0,0.0,0.0,0.0,0.0,3.0
Vito Friscia,PHI,0.0,0.0,0.0,0.0,0.0,0.0,0.0,0.0,1.0
Nick Podkul,PHI,0.0,0.0,0.0,0.0,0.0,0.0,0.0,0.0,1.0
Rhys Hoskins,PHI,0.0,10.0,1.0,1.0,0.0,0.0,0.0,0.0,0.0
Aramis Garcia,PHI,0.0,0.0,0.0,0.0,0.0,0.0,0.0,1.0,5.0
Max McDowell,PHI,0.0,0.0,0.0,0.0,0.0,0.0,0.0,2.0,1.0
Cody Roberts,PHI,0.0,0.0,0.0,0.0,0.0,0.0,0.0,0.0,2.0
Oneil Cruz,PIT,16.0,0.0,0.0,0.0,0.0,0.0,1.0,0.0,0.0
Rodolfo Castro,PIT,2.0,4.0,1.0,0.0,1.0,4.0,6.0,0.0,0.0
Carlos Santana,PIT,0.0,0.0,2.0,16.0,0.0,0.0,0.0,0.0,0.0
Andrew McCutchen,PIT,0.0,0.0,10.0,2.0,0.0,0.0,0.0,0.0,0.0
Austin Hedges,PIT,0.0,0.0,0.0,0.0,2.0,0.0,1.0,11.0,2.0
Miguel Andujar,PIT,0.0,0.0,0.0,4.0,3.0,2.0,3.0,0.0,1.0
Jack Suwinski,PIT,0.0,0.0,4.0,1.0,9.0,2.0,2.0,0.0,0.0
Connor Joe,PIT,0.0,1.0,3.0,3.0,4.0,0.0,2.0,2.0,0.0
Ji Hwan Bae,PIT,7.0,1.0,0.0,0.0,0.0,0.0,0.0,1.0,5.0
Bryan Reynolds,PIT,0.0,19.0,0.0,0.0,0.0,0.0,0.0,0.0,0.0
Ke'Bryan Hayes,PIT,3.0,1.0,4.0,0.0,2.0,5.0,0.0,0.0,0.0
Ryan Vilade,PIT,0.0,0.0,0.0,0.0,0.0,0.0,1.0,1.0,1.0
Tucupita Marcano,PIT,1.0,2.0,0.0,0.0,0.0,1.0,2.0,1.0,2.0
Canaan Smith-Njigba,PIT,1.0,1.0,2.0,1.0,2.0,4.0,3.0,0.0,0.0
Jared Triolo,PIT,0.0,0.0,0.0,0.0,1.0,2.0,1.0,0.0,1.0
Kevin Plawecki,PIT,0.0,0.0,0.0,0.0,0.0,1.0,1.0,0.0,4.0
Chris Owings,PIT,1.0,0.0,0.0,0.0,0.0,2.0,2.0,5.0,3.0
Henry Davis,PIT,0.0,0.0,0.0,0.0,0.0,0.0,0.0,1.0,0.0
Chavez Young,PIT,0.0,0.0,0.0,0.0,0.0,0.0,0.0,0.0,4.0
Cal Mitchell,PIT,0.0,0.0,0.0,1.0,3.0,3.0,0.0,0.0,0.0
Endy Rodriguez,PIT,0.0,0.0,0.0,0.0,0.0,1.0,0.0,0.0,0.0
Tyler Heineman,PIT,0.0,0.0,0.0,0.0,0.0,0.0,1.0,3.0,1.0
Matt Gorski,PIT,0.0,0.0,0.0,0.0,0.0,0.0,0.0,1.0,1.0
Malcom Nunez,PIT,0.0,0.0,0.0,0.0,0.0,0.0,0.0,0.0,1.0
Liover Peguero,PIT,0.0,0.0,0.0,0.0,0.0,0.0,2.0,0.0,0.0
Ji Man Choi,PIT,0.0,1.0,5.0,3.0,3.0,0.0,0.0,0.0,0.0
Jason Delay,PIT,0.0,0.0,0.0,0.0,0.0,0.0,0.0,3.0,1.0
Travis Swaggerty,PIT,0.0,0.0,0.0,0.0,0.0,1.0,2.0,1.0,2.0
Mark Mathias,PIT,0.0,2.0,0.0,0.0,1.0,4.0,2.0,1.0,1.0
Drew Maggi,PIT,0.0,0.0,0.0,0.0,0.0,0.0,0.0,1.0,0.0
Mason Martin,PIT,0.0,0.0,0.0,0.0,0.0,0.0,0.0,0.0,1.0
Marcus Semien,TEX,20.0,0.0,0.0,0.0,0.0,0.0,0.0,0.0,0.0
Corey Seager,TEX,0.0,20.0,0.0,0.0,0.0,0.0,0.0,0.0,0.0
Nathaniel Lowe,TEX,0.0,1.0,20.0,0.0,0.0,0.0,0.0,0.0,0.0
Adolis Garcia,TEX,0.0,0.0,1.0,19.0,0.0,0.0,0.0,0.0,0.0
Mitch Garver,TEX,0.0,0.0,0.0,4.0,7.0,4.0,1.0,2.0,0.0
Robbie Grossman,TEX,0.0,1.0,0.0,0.0,3.0,6.0,10.0,0.0,0.0
Josh Jung,TEX,0.0,0.0,0.0,2.0,10.0,4.0,4.0,0.0,0.0
Leody Taveras,TEX,0.0,0.0,0.0,0.0,0.0,0.0,0.0,3.0,2.0
Sandy Leon,TEX,0.0,0.0,0.0,0.0,0.0,0.0,1.0,4.0,3.0
Josh Smith,TEX,4.0,3.0,0.0,0.0,0.0,2.0,0.0,2.0,3.0
Brad Miller,TEX,0.0,5.0,3.0,0.0,3.0,0.0,1.0,1.0,0.0
Clint Frazier,TEX,0.0,0.0,1.0,0.0,0.0,4.0,4.0,2.0,2.0
Jonah Heim,TEX,0.0,0.0,3.0,4.0,5.0,3.0,0.0,1.0,0.0
Travis Jankowski,TEX,2.0,0.0,0.0,0.0,0.0,3.0,2.0,1.0,4.0
Bubba Thompson,TEX,4.0,0.0,0.0,0.0,0.0,1.0,1.0,4.0,6.0
Ezequiel Duran,TEX,1.0,0.0,1.0,0.0,2.0,1.0,1.0,3.0,3.0
Sam Huff,TEX,0.0,0.0,0.0,1.0,0.0,0.0,1.0,1.0,0.0
Jonathan Ornelas,TEX,0.0,0.0,0.0,0.0,0.0,0.0,0.0,2.0,4.0
Joe McCarthy,TEX,0.0,0.0,2.0,1.0,1.0,1.0,1.0,0.0,0.0
Elier Hernandez,TEX,0.0,0.0,0.0,0.0,0.0,0.0,3.0,0.0,0.0
Ryan Dorow,TEX,0.0,0.0,0.0,0.0,0.0,0.0,0.0,0.0,1.0
Yoshi Tsutsugo,TEX,0.0,0.0,0.0,0.0,0.0,1.0,0.0,2.0,1.0
Justin Foscue,TEX,0.0,0.0,0.0,0.0,0.0,0.0,0.0,2.0,1.0
Max Acosta,TEX,0.0,0.0,0.0,0.0,0.0,0.0,0.0,0.0,1.0
Josh Lowe,TB,10.0,0.0,1.0,1.0,0.0,1.0,1.0,0.0,1.0
Vidal Brujan,TB,2.0,2.0,0.0,1.0,1.0,2.0,1.0,0.0,2.0
Harold Ramirez,TB,0.0,1.0,2.0,2.0,3.0,1.0,1.0,0.0,0.0
Isaac Paredes,TB,0.0,1.0,1.0,1.0,0.0,2.0,0.0,2.0,0.0
Francisco Mejia,TB,0.0,0.0,1.0,0.0,3.0,4.0,1.0,0.0,1.0
Rene Pinto,TB,0.0,2.0,0.0,1.0,0.0,2.0,2.0,2.0,1.0
Daniel Robertson,TB,0.0,0.0,0.0,0.0,1.0,0.0,2.0,3.0,6.0
Kameron Misner,TB,1.0,0.0,0.0,0.0,0.0,2.0,1.0,1.0,0.0
Ruben Cardenas,TB,0.0,0.0,0.0,1.0,0.0,1.0,0.0,1.0,1.0
Jose Siri,TB,2.0,1.0,0.0,1.0,3.0,4.0,1.0,6.0,0.0
Curtis Mead,TB,0.0,4.0,0.0,1.0,0.0,1.0,1.0,0.0,0.0
Luke Raley,TB,0.0,0.0,5.0,4.0,4.0,1.0,0.0,0.0,0.0
Christian Bethancourt,TB,0.0,1.0,2.0,2.0,1.0,0.0,2.0,0.0,0.0
Jonathan Aranda,TB,1.0,0.0,0.0,2.0,1.0,0.0,1.0,0.0,0.0
Charlie Culberson,TB,0.0,0.0,0.0,0.0,1.0,3.0,4.0,1.0,1.0
Tristan Gray,TB,0.0,1.0,2.0,1.0,0.0,0.0,2.0,1.0,2.0
Greg Jones,TB,0.0,0.0,0.0,0.0,0.0,0.0,1.0,2.0,1.0
Grant Witherspoon,TB,0.0,0.0,0.0,0.0,0.0,0.0,1.0,2.0,1.0
Yandy Diaz,TB,11.0,0.0,1.0,0.0,0.0,0.0,0.0,0.0,0.0
Manuel Margot,TB,1.0,3.0,4.0,2.0,4.0,1.0,0.0,0.0,0.0
Wander Franco,TB,0.0,7.0,1.0,0.0,0.0,0.0,0.0,0.0,0.0
Randy Arozarena,TB,0.0,1.0,2.0,4.0,0.0,0.0,0.0,0.0,0.0
Brandon Lowe,TB,1.0,4.0,6.0,3.0,2.0,0.0,0.0,0.0,0.0
Ben Gamel,TB,0.0,0.0,1.0,0.0,3.0,1.0,1.0,2.0,1.0
Austin Shenton,TB,0.0,0.0,0.0,0.0,0.0,0.0,2.0,0.0,1.0
Nick Dini,TB,0.0,0.0,0.0,0.0,0.0,2.0,0.0,2.0,1.0
Osleivis Basabe,TB,0.0,0.0,0.0,1.0,0.0,0.0,1.0,0.0,0.0
Ronny Simon,TB,0.0,0.0,0.0,0.0,0.0,1.0,0.0,1.0,1.0
Kyle Manzardo,TB,1.0,0.0,0.0,1.0,1.0,0.0,0.0,0.0,0.0
Niko Hulsizer,TB,0.0,1.0,0.0,1.0,0.0,0.0,0.0,1.0,0.0
Gavin Collins,TB,0.0,0.0,0.0,0.0,0.0,0.0,0.0,0.0,1.0
Jordan Qsar,TB,0.0,0.0,0.0,0.0,0.0,0.0,1.0,0.0,2.0
Blake Hunt,TB,0.0,0.0,0.0,0.0,0.0,0.0,0.0,0.0,1.0
Tristan Peters,TB,0.0,0.0,0.0,0.0,0.0,0.0,0.0,1.0,0.0
Tanner Murray,TB,0.0,0.0,0.0,0.0,0.0,0.0,0.0,0.0,1.0
Logan Driscoll,TB,0.0,0.0,0.0,0.0,1.0,0.0,0.0,0.0,0.0
Mason Auer,TB,0.0,0.0,0.0,0.0,0.0,0.0,0.0,1.0,1.0
Taylor Walls,TB,0.0,1.0,1.0,0.0,1.0,1.0,2.0,0.0,1.0
Carson Williams,TB,0.0,0.0,0.0,0.0,0.0,0.0,1.0,0.0,0.0
Junior Caminero,TB,0.0,0.0,0.0,0.0,0.0,0.0,0.0,1.0,0.0
Shane Sasaki,TB,0.0,0.0,0.0,0.0,0.0,0.0,0.0,0.0,1.0
Cooper Kinney,TB,0.0,0.0,0.0,0.0,0.0,0.0,0.0,0.0,1.0
Greg Allen,BOS,5.0,0.0,0.0,0.0,0.0,0.0,2.0,5.0,2.0
Christian Arroyo,BOS,8.0,1.0,1.0,5.0,0.0,1.0,4.0,0.0,0.0
Raimel Tapia,BOS,4.0,0.0,1.0,4.0,2.0,2.0,0.0,2.0,0.0
Rob Refsnyder,BOS,0.0,1.0,0.0,1.0,10.0,0.0,3.0,1.0,0.0
Bobby Dalbec,BOS,0.0,1.0,3.0,0.0,2.0,9.0,0.0,0.0,1.0
Narciso Crook,BOS,0.0,0.0,0.0,0.0,1.0,4.0,1.0,0.0,0.0
Caleb Hamilton,BOS,0.0,0.0,1.0,0.0,1.0,0.0,2.0,0.0,0.0
Matthew Lugo,BOS,0.0,0.0,0.0,0.0,1.0,0.0,0.0,1.0,0.0
David Hamilton,BOS,1.0,0.0,0.0,0.0,0.0,0.0,2.0,1.0,5.0
Triston Casas,BOS,1.0,9.0,1.0,4.0,1.0,4.0,0.0,0.0,0.0
Rafael Devers,BOS,0.0,11.0,0.0,1.0,0.0,0.0,0.0,0.0,0.0
Justin Turner,BOS,0.0,0.0,12.0,0.0,0.0,0.0,0.0,0.0,0.0
Masataka Yoshida,BOS,1.0,0.0,0.0,5.0,0.0,0.0,0.0,0.0,0.0
Alex Verdugo,BOS,4.0,3.0,0.0,0.0,1.0,0.0,0.0,0.0,0.0
Enrique Hernandez,BOS,3.0,0.0,0.0,0.0,1.0,2.0,1.0,0.0,4.0
Adam Duvall,BOS,0.0,0.0,8.0,4.0,6.0,1.0,1.0,0.0,0.0
Connor Wong,BOS,0.0,0.0,0.0,0.0,0.0,0.0,1.0,2.0,0.0
Niko Goodrum,BOS,0.0,1.0,0.0,3.0,0.0,2.0,0.0,2.0,4.0
Reese McGuire,BOS,0.0,0.0,0.0,0.0,2.0,1.0,7.0,6.0,0.0
Jarren Duran,BOS,1.0,0.0,0.0,0.0,0.0,1.0,1.0,1.0,1.0
Jorge Alfaro,BOS,0.0,0.0,1.0,0.0,2.0,2.0,2.0,0.0,0.0
Nick Sogard,BOS,0.0,0.0,0.0,0.0,0.0,0.0,1.0,3.0,2.0
Wilyer Abreu,BOS,0.0,0.0,0.0,1.0,0.0,0.0,0.0,1.0,0.0
Enmanuel Valdez,BOS,3.0,0.0,1.0,0.0,0.0,0.0,0.0,1.0,2.0
Ryan Fitzgerald,BOS,0.0,0.0,0.0,0.0,0.0,1.0,1.0,0.0,1.0
Christian Koss,BOS,0.0,0.0,0.0,0.0,0.0,1.0,0.0,0.0,4.0
Daniel Palka,BOS,0.0,0.0,3.0,3.0,0.0,0.0,1.0,1.0,0.0
Ceddanne Rafaela,BOS,0.0,4.0,0.0,0.0,0.0,0.0,0.0,1.0,0.0
Tyler Dearden,BOS,0.0,0.0,0.0,0.0,0.0,0.0,0.0,0.0,1.0
Nick Decker,BOS,0.0,0.0,0.0,0.0,0.0,0.0,0.0,0.0,1.0
Stephen Scott,BOS,0.0,0.0,0.0,0.0,1.0,0.0,0.0,0.0,0.0
Miguel Bleis,BOS,1.0,0.0,0.0,0.0,0.0,0.0,0.0,0.0,1.0
Ronaldo Hernandez,BOS,0.0,0.0,0.0,0.0,1.0,0.0,1.0,2.0,0.0
Marcelo Mayer,BOS,0.0,1.0,0.0,0.0,0.0,0.0,0.0,0.0,0.0
Niko Kavadas,BOS,0.0,0.0,0.0,1.0,0.0,0.0,0.0,1.0,0.0
Alex Binelas,BOS,0.0,0.0,0.0,0.0,0.0,1.0,0.0,0.0,0.0
Eddinson Paulino,BOS,0.0,0.0,0.0,0.0,0.0,0.0,1.0,0.0,0.0
Miguel Ugueto,BOS,0.0,0.0,0.0,0.0,0.0,0.0,0.0,1.0,0.0
Gilberto Jimenez,BOS,0.0,0.0,0.0,0.0,0.0,0.0,0.0,0.0,1.0
Nick Yorke,BOS,0.0,0.0,0.0,0.0,0.0,0.0,0.0,0.0,1.0
Yu Chang,BOS,0.0,0.0,0.0,0.0,0.0,0.0,0.0,0.0,1.0
Jonathan India,CIN,18.0,1.0,0.0,0.0,0.0,0.0,0.0,0.0,0.0
Tyler Stephenson,CIN,0.0,9.0,2.0,8.0,0.0,0.0,0.0,0.0,0.0
Wil Myers,CIN,0.0,3.0,12.0,0.0,2.0,0.0,0.0,0.0,0.0
Chad Pinder,CIN,0.0,0.0,4.0,4.0,4.0,0.0,0.0,1.0,1.0
Will Benson,CIN,3.0,0.0,1.0,2.0,1.0,5.0,2.0,1.0,1.0
Luke Maile,CIN,0.0,0.0,0.0,2.0,2.0,2.0,3.0,2.0,2.0
Jose Barrero,CIN,0.0,1.0,1.0,1.0,0.0,1.0,6.0,1.0,4.0
Stuart Fairchild,CIN,0.0,0.0,0.0,0.0,0.0,0.0,2.0,4.0,3.0
Jason Vosler,CIN,0.0,0.0,2.0,0.0,3.0,1.0,0.0,0.0,3.0
Jake Fraley,CIN,3.0,1.0,6.0,4.0,3.0,0.0,0.0,0.0,0.0
Curt Casali,CIN,0.0,2.0,0.0,2.0,4.0,2.0,0.0,3.0,0.0
Spencer Steer,CIN,0.0,1.0,2.0,0.0,3.0,3.0,5.0,3.0,1.0
TJ Friedl,CIN,1.0,3.0,0.0,5.0,2.0,3.0,2.0,0.0,0.0
Matt Reynolds,CIN,0.0,0.0,0.0,0.0,1.0,1.0,1.0,1.0,0.0
Elly De La Cruz,CIN,0.0,0.0,0.0,0.0,1.0,3.0,2.0,0.0,0.0
Nick Solak,CIN,0.0,0.0,0.0,0.0,2.0,2.0,1.0,1.0,0.0
Richie Martin,CIN,0.0,0.0,0.0,0.0,0.0,0.0,0.0,2.0,1.0
Kevin Newman,CIN,5.0,1.0,0.0,2.0,1.0,4.0,1.0,1.0,0.0
Noelvi Marte,CIN,0.0,0.0,0.0,0.0,0.0,0.0,0.0,3.0,1.0
Christian Encarnacion-Str,CIN,0.0,0.0,0.0,0.0,0.0,0.0,1.0,2.0,2.0
Alex McGarry,CIN,0.0,0.0,0.0,0.0,0.0,0.0,1.0,0.0,2.0
Henry Ramos,CIN,0.0,0.0,0.0,0.0,1.0,1.0,1.0,1.0,1.0
Michael Siani,CIN,0.0,0.0,0.0,0.0,0.0,0.0,0.0,1.0,1.0
Alejo Lopez,CIN,0.0,0.0,0.0,0.0,0.0,2.0,1.0,1.0,2.0
Austin Romine,CIN,0.0,0.0,0.0,0.0,0.0,0.0,0.0,0.0,2.0
Matt McLain,CIN,0.0,0.0,0.0,0.0,0.0,0.0,1.0,1.0,1.0
Allan Cerda,CIN,0.0,0.0,0.0,0.0,0.0,0.0,0.0,0.0,1.0
Joey Votto,CIN,0.0,8.0,0.0,0.0,0.0,0.0,0.0,0.0,0.0
Nick Senzel,CIN,0.0,0.0,0.0,0.0,0.0,0.0,0.0,1.0,0.0
Daniel Vellojin,CIN,0.0,0.0,0.0,0.0,0.0,0.0,0.0,0.0,1.0
Harold Castro,COL,5.0,4.0,0.0,0.0,3.0,0.0,7.0,0.0,0.0
Kris Bryant,COL,0.0,12.0,4.0,0.0,0.0,0.0,0.0,0.0,0.0
Ryan McMahon,COL,0.0,0.0,17.0,1.0,3.0,0.0,0.0,0.0,0.0
C.J. Cron,COL,0.0,0.0,0.0,13.0,0.0,0.0,0.0,0.0,0.0
Elias Diaz,COL,0.0,0.0,2.0,1.0,2.0,7.0,1.0,1.0,0.0
Sean Bouchard,COL,0.0,0.0,2.0,0.0,4.0,1.0,0.0,0.0,0.0
Nolan Jones,COL,0.0,0.0,0.0,1.0,2.0,4.0,3.0,2.0,0.0
Alan Trejo,COL,0.0,1.0,0.0,0.0,1.0,1.0,1.0,4.0,1.0
Cole Tucker,COL,1.0,1.0,0.0,0.0,0.0,0.0,2.0,0.0,5.0
Charlie Blackmon,COL,5.0,4.0,1.0,0.0,1.0,0.0,0.0,0.0,0.0
Brendan Rodgers,COL,0.0,2.0,0.0,0.0,0.0,0.0,0.0,0.0,0.0
Elehuris Montero,COL,0.0,0.0,4.0,6.0,2.0,5.0,1.0,2.0,0.0
Michael Toglia,COL,0.0,2.0,0.0,6.0,3.0,4.0,3.0,1.0,0.0
Ezequiel Tovar,COL,3.0,2.0,0.0,0.0,0.0,2.0,2.0,6.0,4.0
Brian Serven,COL,0.0,0.0,0.0,0.0,0.0,2.0,2.0,5.0,9.0
Zac Veen,COL,1.0,1.0,0.0,0.0,0.0,1.0,2.0,4.0,2.0
Brenton Doyle,COL,0.0,0.0,0.0,0.0,1.0,1.0,4.0,2.0,3.0
Yonathan Daza,COL,17.0,3.0,0.0,0.0,0.0,0.0,0.0,1.0,1.0
Coco Montes,COL,0.0,0.0,1.0,0.0,1.0,2.0,0.0,0.0,1.0
Warming Bernabel,COL,0.0,0.0,0.0,0.0,0.0,0.0,0.0,1.0,0.0
Julio Carreras,COL,0.0,0.0,0.0,0.0,0.0,0.0,0.0,1.0,3.0
Mike Moustakas,COL,0.0,0.0,1.0,4.0,7.0,0.0,0.0,0.0,0.0
Jonathan Morales,COL,0.0,0.0,0.0,0.0,2.0,0.0,1.0,0.0,1.0
Aaron Schunk,COL,0.0,0.0,0.0,0.0,0.0,1.0,0.0,0.0,0.0
Hunter Stovall,COL,0.0,0.0,0.0,0.0,0.0,0.0,1.0,0.0,0.0
Yanquiel Fernandez,COL,0.0,0.0,0.0,0.0,0.0,0.0,1.0,1.0,0.0
Grant Lavigne,COL,0.0,0.0,0.0,0.0,0.0,1.0,1.0,0.0,0.0
Jameson Hannah,COL,0.0,0.0,0.0,0.0,0.0,0.0,0.0,0.0,2.0
Jimmy Herron,COL,0.0,0.0,0.0,0.0,0.0,0.0,0.0,1.0,0.0
Bobby Witt Jr.,KC,9.0,2.0,0.0,0.0,0.0,0.0,0.0,0.0,0.0
Michael Massey,KC,1.0,3.0,2.0,2.0,4.0,2.0,2.0,0.0,0.0
Salvador Perez,KC,0.0,2.0,7.0,1.0,0.0,0.0,0.0,0.0,0.0
Vinnie Pasquantino,KC,0.0,2.0,1.0,5.0,0.0,0.0,0.0,0.0,0.0
Franmil Reyes,KC,0.0,2.0,2.0,7.0,6.0,0.0,0.0,0.0,0.0
Johan Camargo,KC,0.0,0.0,0.0,2.0,1.0,5.0,1.0,0.0,0.0
Kyle Isbel,KC,2.0,2.0,0.0,0.0,1.0,2.0,5.0,6.0,1.0
Nate Eaton,KC,2.0,2.0,0.0,0.0,1.0,3.0,0.0,2.0,4.0
John Rave,KC,0.0,0.0,0.0,1.0,0.0,1.0,0.0,3.0,3.0
Matt Beaty,KC,1.0,0.0,5.0,3.0,2.0,1.0,0.0,0.0,0.0
Hunter Dozier,KC,0.0,7.0,4.0,3.0,1.0,1.0,0.0,0.0,0.0
MJ Melendez,KC,5.0,3.0,2.0,1.0,0.0,0.0,0.0,0.0,0.0
Matt Duffy,KC,2.0,1.0,1.0,3.0,3.0,1.0,3.0,0.0,0.0
Nicky Lopez,KC,2.0,0.0,0.0,0.0,2.0,2.0,0.0,1.0,0.0
Dairon Blanco,KC,1.0,0.0,0.0,0.0,3.0,2.0,2.0,3.0,0.0
Nick Pratto,KC,0.0,1.0,7.0,1.0,1.0,3.0,1.0,0.0,0.0
Tyler Gentry,KC,0.0,0.0,0.0,2.0,1.0,1.0,6.0,2.0,0.0
Tyler Tolbert,KC,0.0,0.0,0.0,0.0,0.0,0.0,2.0,1.0,2.0
Maikel Garcia,KC,2.0,1.0,0.0,1.0,1.0,2.0,2.0,1.0,1.0
Samad Taylor,KC,0.0,1.0,0.0,0.0,1.0,0.0,1.0,2.0,2.0
Luca Tresh,KC,0.0,0.0,0.0,0.0,0.0,0.0,0.0,0.0,2.0
Edward Olivares,KC,0.0,4.0,0.0,0.0,3.0,3.0,1.0,2.0,0.0
Nick Loftin,KC,0.0,0.0,1.0,0.0,1.0,1.0,1.0,1.0,1.0
Jose Briceno,KC,0.0,0.0,0.0,1.0,0.0,0.0,0.0,2.0,2.0
Clay Dungan,KC,0.0,0.0,0.0,0.0,0.0,1.0,0.0,2.0,2.0
Freddy Fermin,KC,0.0,0.0,0.0,0.0,0.0,1.0,2.0,2.0,4.0
Jackie Bradley Jr.,KC,6.0,0.0,1.0,0.0,0.0,1.0,1.0,0.0,2.0
Logan Porter,KC,0.0,0.0,0.0,0.0,0.0,0.0,1.0,0.0,2.0
Jakson Reetz,KC,0.0,0.0,0.0,0.0,0.0,0.0,1.0,1.0,2.0
Jean Ramirez,KC,0.0,0.0,0.0,0.0,0.0,0.0,0.0,0.0,1.0
CJ Alexander,KC,0.0,0.0,0.0,0.0,0.0,0.0,0.0,1.0,0.0
Cayden Wallace,KC,0.0,0.0,0.0,0.0,0.0,0.0,0.0,0.0,1.0
Robbie Glendinning,KC,0.0,0.0,0.0,0.0,0.0,0.0,0.0,1.0,0.0
Gavin Cross,KC,0.0,0.0,0.0,0.0,1.0,0.0,0.0,0.0,0.0
Tucker Bradley,KC,0.0,0.0,0.0,0.0,0.0,0.0,1.0,0.0,0.0
Carter Jensen,KC,0.0,0.0,0.0,0.0,0.0,0.0,0.0,0.0,1.0
Jonathan Schoop,DET,1.0,3.0,0.0,1.0,0.0,0.0,1.0,2.0,2.0
Andy Ibanez,DET,0.0,1.0,1.0,0.0,0.0,0.0,3.0,0.0,0.0
Javier Baez,DET,0.0,0.0,11.0,1.0,0.0,0.0,0.0,0.0,0.0
Miguel Cabrera,DET,0.0,0.0,1.0,3.0,2.0,3.0,0.0,0.0,0.0
Austin Meadows,DET,2.0,0.0,2.0,7.0,7.0,0.0,1.0,0.0,0.0
Eric Haase,DET,0.0,0.0,0.0,7.0,2.0,5.0,1.0,2.0,0.0
Akil Baddoo,DET,7.0,1.0,0.0,0.0,0.0,2.0,5.0,0.0,1.0
Tyler Nevin,DET,0.0,0.0,0.0,0.0,2.0,1.0,1.0,1.0,0.0
Parker Meadows,DET,1.0,2.0,0.0,0.0,3.0,1.0,1.0,1.0,1.0
Riley Greene,DET,1.0,7.0,11.0,0.0,0.0,0.0,0.0,0.0,0.0
Nick Maton,DET,4.0,3.0,0.0,4.0,3.0,2.0,0.0,1.0,0.0
Kerry Carpenter,DET,5.0,3.0,3.0,1.0,1.0,2.0,1.0,1.0,0.0
Spencer Torkelson,DET,0.0,1.0,2.0,7.0,7.0,2.0,1.0,0.0,0.0
Cesar Hernandez,DET,2.0,2.0,0.0,0.0,0.0,10.0,1.0,1.0,1.0
Matt Vierling,DET,4.0,4.0,0.0,0.0,1.0,0.0,1.0,0.0,0.0
Ryan Kreidler,DET,1.0,5.0,0.0,0.0,0.0,1.0,3.0,7.0,1.0
Jake Rogers,DET,0.0,0.0,0.0,0.0,2.0,1.0,0.0,4.0,6.0
Jonathan Davis,DET,0.0,0.0,0.0,0.0,0.0,0.0,0.0,1.0,8.0
Donny Sands,DET,0.0,0.0,0.0,0.0,0.0,0.0,2.0,2.0,0.0
Zack Short,DET,4.0,0.0,0.0,0.0,0.0,0.0,1.0,2.0,7.0
Andre Lipcius,DET,0.0,0.0,1.0,1.0,1.0,1.0,4.0,1.0,1.0
Brendon Davis,DET,0.0,0.0,0.0,0.0,0.0,0.0,0.0,2.0,0.0
Jermaine Palacios,DET,0.0,0.0,0.0,0.0,0.0,0.0,2.0,0.0,3.0
Andrew Knapp,DET,0.0,0.0,0.0,0.0,0.0,0.0,1.0,1.0,1.0
Justyn-Henry Malloy,DET,0.0,0.0,0.0,0.0,0.0,1.0,0.0,1.0,0.0
Colt Keith,DET,0.0,0.0,0.0,0.0,1.0,0.0,2.0,1.0,0.0
Mario Feliciano,DET,0.0,0.0,0.0,0.0,0.0,0.0,0.0,1.0,0.0
Nick Gordon,MIN,1.0,0.0,0.0,0.0,4.0,2.0,1.0,2.0,1.0
Austin Martin,MIN,0.0,1.0,0.0,0.0,0.0,0.0,0.0,1.0,0.0
Trevor Larnach,MIN,0.0,2.0,3.0,2.0,0.0,3.0,3.0,0.0,0.0
Matt Wallner,MIN,0.0,0.0,4.0,5.0,1.0,0.0,0.0,0.0,1.0
Grayson Greiner,MIN,0.0,0.0,0.0,0.0,1.0,0.0,2.0,0.0,0.0
Mark Contreras,MIN,0.0,0.0,0.0,0.0,1.0,3.0,4.0,2.0,2.0
Chance Sisco,MIN,0.0,0.0,0.0,0.0,0.0,1.0,2.0,0.0,0.0
Aaron Sabato,MIN,0.0,0.0,0.0,0.0,0.0,0.0,1.0,2.0,0.0
Andrew Bechtold,MIN,0.0,0.0,0.0,0.0,0.0,0.0,0.0,2.0,6.0
Joey Gallo,MIN,7.0,0.0,2.0,2.0,2.0,2.0,1.0,0.0,0.0
Ryan Jeffers,MIN,0.0,2.0,1.0,1.0,1.0,1.0,1.0,5.0,2.0
Kyle Farmer,MIN,0.0,0.0,6.0,3.0,2.0,2.0,2.0,1.0,0.0
Max Kepler,MIN,2.0,0.0,4.0,6.0,0.0,1.0,1.0,0.0,0.0
Michael A. Taylor,MIN,1.0,0.0,0.0,0.0,4.0,3.0,4.0,4.0,1.0
Edouard Julien,MIN,5.0,1.0,0.0,0.0,0.0,1.0,0.0,1.0,0.0
Willi Castro,MIN,0.0,2.0,2.0,4.0,0.0,3.0,3.0,0.0,1.0
Brooks Lee,MIN,5.0,0.0,0.0,0.0,1.0,4.0,1.0,2.0,1.0
Tyler White,MIN,0.0,0.0,0.0,1.0,2.0,3.0,1.0,2.0,4.0
Tony Wolters,MIN,0.0,1.0,0.0,0.0,3.0,2.0,0.0,0.0,2.0
Jose Miranda,MIN,0.0,9.0,2.0,2.0,1.0,0.0,0.0,0.0,0.0
Gilberto Celestino,MIN,0.0,0.0,0.0,0.0,2.0,0.0,0.0,0.0,0.0
Ryan LaMarre,MIN,0.0,0.0,0.0,0.0,1.0,0.0,3.0,5.0,1.0
Elliot Soto,MIN,0.0,0.0,0.0,0.0,0.0,0.0,0.0,0.0,7.0
Christian Vazquez,MIN,1.0,0.0,5.0,1.0,3.0,0.0,0.0,0.0,0.0
Carlos Correa,MIN,0.0,11.0,0.0,0.0,0.0,0.0,0.0,0.0,0.0
Donovan Solano,MIN,7.0,1.0,1.0,2.0,2.0,0.0,1.0,0.0,0.0
Tanner Schobel,MIN,0.0,0.0,0.0,0.0,0.0,0.0,0.0,1.0,0.0
Will Holland,MIN,0.0,0.0,0.0,0.0,0.0,0.0,0.0,0.0,1.0
Kyle Garlick,MIN,1.0,1.0,1.0,3.0,1.0,1.0,1.0,1.0,0.0
Jair Camargo,MIN,0.0,1.0,0.0,0.0,0.0,0.0,0.0,0.0,0.0
Byron Buxton,MIN,2.0,0.0,1.0,0.0,0.0,0.0,0.0,0.0,0.0
Emmanuel Rodriguez,MIN,0.0,0.0,0.0,0.0,0.0,0.0,0.0,1.0,0.0
Kala'i Rosario,MIN,0.0,0.0,0.0,0.0,0.0,0.0,0.0,0.0,1.0
Hernan Perez,MIN,0.0,0.0,0.0,0.0,0.0,0.0,0.0,0.0,1.0
Tim Anderson,CWS,8.0,0.0,0.0,0.0,0.0,0.0,0.0,0.0,0.0
Luis Robert Jr.,CWS,0.0,6.0,1.0,0.0,0.0,0.0,0.0,0.0,0.0
Yoan Moncada,CWS,0.0,1.0,2.0,0.0,3.0,0.0,0.0,0.0,0.0
Eloy Jimenez,CWS,0.0,0.0,1.0,13.0,0.0,0.0,0.0,0.0,0.0
Andrew Vaughn,CWS,0.0,6.0,4.0,0.0,1.0,2.0,0.0,0.0,0.0
Yasmani Grandal,CWS,0.0,0.0,0.0,9.0,6.0,2.0,2.0,0.0,0.0
Gavin Sheets,CWS,0.0,2.0,3.0,4.0,2.0,5.0,1.0,1.0,0.0
Victor Reyes,CWS,0.0,0.0,0.0,0.0,0.0,3.0,0.0,3.0,0.0
Leury Garcia,CWS,1.0,1.0,0.0,0.0,0.0,0.0,4.0,1.0,4.0
Jake Marisnick,CWS,1.0,0.0,0.0,0.0,0.0,1.0,4.0,0.0,1.0
Oscar Colas,CWS,1.0,6.0,0.0,0.0,2.0,5.0,2.0,2.0,0.0
Hanser Alberto,CWS,2.0,1.0,1.0,0.0,3.0,3.0,6.0,0.0,0.0
Jake Burger,CWS,0.0,1.0,0.0,3.0,8.0,1.0,1.0,0.0,0.0
Bryan Ramos,CWS,0.0,0.0,0.0,0.0,1.0,1.0,1.0,0.0,0.0
Seby Zavala,CWS,0.0,0.0,0.0,0.0,1.0,1.0,2.0,9.0,1.0
Erik Gonzalez,CWS,0.0,0.0,0.0,0.0,1.0,0.0,0.0,3.0,6.0
Billy Hamilton,CWS,0.0,0.0,0.0,0.0,0.0,0.0,0.0,1.0,4.0
Andrew Benintendi,CWS,1.0,0.0,17.0,0.0,0.0,0.0,0.0,0.0,0.0
Elvis Andrus,CWS,11.0,2.0,0.0,0.0,0.0,1.0,1.0,0.0,2.0
Romy Gonzalez,CWS,3.0,1.0,0.0,0.0,1.0,0.0,3.0,0.0,3.0
Zach Remillard,CWS,0.0,0.0,0.0,0.0,0.0,2.0,0.0,5.0,1.0
Adam Haseley,CWS,1.0,2.0,0.0,0.0,0.0,2.0,0.0,1.0,2.0
Lenyn Sosa,CWS,0.0,0.0,0.0,0.0,0.0,0.0,0.0,1.0,0.0
Sebastian  Rivero,CWS,0.0,0.0,0.0,0.0,0.0,0.0,1.0,0.0,1.0
Moises Castillo,CWS,0.0,0.0,0.0,0.0,0.0,0.0,1.0,0.0,1.0
Duke Ellis,CWS,0.0,0.0,0.0,0.0,0.0,0.0,0.0,1.0,0.0
Bryce Willits,CWS,0.0,0.0,0.0,0.0,0.0,0.0,0.0,0.0,1.0
Nate Mondou,CWS,0.0,0.0,0.0,0.0,0.0,0.0,0.0,0.0,1.0
DJ Gladney,CWS,0.0,0.0,0.0,0.0,0.0,0.0,0.0,1.0,0.0
Wes Kath,CWS,0.0,0.0,0.0,0.0,0.0,0.0,0.0,0.0,1.0
Isiah Kiner-Falefa,NYY,2.0,1.0,0.0,1.0,5.0,0.0,4.0,0.0,3.0
Gleyber Torres,NYY,2.0,4.0,3.0,0.0,2.0,0.0,0.0,0.0,0.0
Oswaldo Cabrera,NYY,0.0,3.0,7.0,0.0,2.0,5.0,0.0,0.0,0.0
Harrison Bader,NYY,1.0,0.0,0.0,2.0,0.0,3.0,0.0,0.0,0.0
Jake Bauers,NYY,0.0,0.0,0.0,0.0,1.0,1.0,1.0,3.0,3.0
Wilmer Difo,NYY,0.0,0.0,0.0,0.0,0.0,2.0,1.0,1.0,1.0
Jasson Dominguez,NYY,0.0,0.0,0.0,0.0,0.0,1.0,1.0,0.0,0.0
Estevan Florial,NYY,0.0,0.0,1.0,0.0,1.0,2.0,3.0,2.0,3.0
Anthony Seigler,NYY,0.0,0.0,0.0,0.0,0.0,0.0,0.0,0.0,1.0
Anthony Volpe,NYY,11.0,2.0,0.0,0.0,4.0,0.0,0.0,0.0,1.0
Josh Donaldson,NYY,0.0,1.0,0.0,7.0,8.0,0.0,0.0,0.0,0.0
Willie Calhoun,NYY,0.0,1.0,2.0,1.0,3.0,4.0,1.0,1.0,1.0
Andres Chaparro,NYY,0.0,0.0,0.0,1.0,1.0,0.0,3.0,0.0,1.0
Elijah Dunham,NYY,0.0,0.0,0.0,0.0,1.0,0.0,0.0,0.0,0.0
Michael Hermosillo,NYY,0.0,0.0,0.0,0.0,0.0,2.0,1.0,1.0,1.0
Everson Pereira,NYY,0.0,0.0,0.0,0.0,0.0,0.0,2.0,0.0,0.0
Carlos Narvaez,NYY,0.0,0.0,0.0,0.0,0.0,0.0,1.0,4.0,4.0
Jesus Bastidas,NYY,0.0,0.0,0.0,0.0,0.0,0.0,0.0,1.0,1.0
Aaron Judge,NYY,0.0,16.0,0.0,0.0,0.0,0.0,0.0,0.0,0.0
Aaron Hicks,NYY,0.0,1.0,4.0,0.0,1.0,6.0,6.0,0.0,0.0
Jose Trevino,NYY,0.0,0.0,0.0,3.0,0.0,0.0,2.0,7.0,1.0
Oswald Peraza,NYY,3.0,3.0,0.0,0.0,3.0,1.0,3.0,1.0,1.0
Rafael Ortega,NYY,0.0,0.0,1.0,3.0,0.0,4.0,1.0,3.0,3.0
Billy McKinney,NYY,0.0,0.0,0.0,0.0,1.0,2.0,2.0,1.0,4.0
Jamie Westbrook,NYY,0.0,0.0,0.0,0.0,0.0,0.0,0.0,1.0,1.0
Rodolfo Duran,NYY,0.0,0.0,0.0,0.0,0.0,0.0,0.0,3.0,2.0
DJ LeMahieu,NYY,14.0,0.0,0.0,0.0,0.0,0.0,0.0,0.0,0.0
Anthony Rizzo,NYY,0.0,0.0,15.0,0.0,0.0,0.0,0.0,0.0,0.0
Giancarlo Stanton,NYY,0.0,1.0,0.0,14.0,0.0,0.0,0.0,0.0,0.0
Kyle Higashioka,NYY,0.0,0.0,0.0,1.0,0.0,0.0,1.0,3.0,0.0
Tyler Hardman,NYY,0.0,0.0,0.0,0.0,0.0,0.0,0.0,0.0,1.0
Spencer Jones,NYY,0.0,0.0,0.0,0.0,0.0,0.0,0.0,1.0,0.0
