player,avg,ngames,teamgames,team
Mickey Moniak,3.53, 15, 32,LAA
Nolan Schanuel,2.42, 19, 32,LAA
Mike Trout,3.00, 20, 32,LAA
Michael Stefanic,4.00,  1, 32,LAA
Taylor Ward,4.19, 21, 32,LAA
Brandon Drury,5.30, 20, 32,LAA
Logan O'Hoppe,6.45, 20, 32,LAA
Jo Adell,5.71, 14, 32,LAA
Zach Neto,8.55, 22, 32,LAA
Aaron Hicks,2.00, 19, 32,LAA
Anthony Rendon,3.00, 16, 32,LAA
Matt Thaiss,6.00, 11, 32,LAA
Willie Calhoun,7.12,  8, 32,LAA
Nelson Rada,1.00,  1, 32,LAA
Charles Leblanc,5.00,  2, 32,LAA
Hunter Dozier,5.25,  4, 32,LAA
Cole Fontenelle,7.20,  5, 32,LAA
Miguel Sano,5.62, 16, 32,LAA
Chad Wallach,7.75,  4, 32,LAA
Livan Soto,8.88,  8, 32,LAA
Ehire Adrianza,4.22,  9, 32,LAA
Jason Martin,6.67,  3, 32,LAA
Jordyn Adams,8.00,  4, 32,LAA
Richie Martin,9.00,  1, 32,LAA
Kyren Paris,8.67,  3, 32,LAA
Jake Marisnick,5.67,  6, 32,LAA
Luis Rengifo,2.92, 12, 32,LAA
Jack Lopez,7.00,  2, 32,LAA
Sam Brown,2.00,  1, 32,LAA
Bryce Teodosio,7.00,  1, 32,LAA
Chas McCormick,4.56, 16, 28,HOU
Mauricio Dubon,3.56,  9, 28,HOU
Victor Caratini,5.92, 12, 28,HOU
Jon Singleton,5.00, 13, 28,HOU
Jake Meyers,5.69, 16, 28,HOU
Corey Julks,4.50, 12, 28,HOU
David Hensley,6.00, 11, 28,HOU
Quincy Hamilton,8.00,  2, 28,HOU
Grae Kessinger,8.17, 12, 28,HOU
Jose Altuve,1.00, 15, 28,HOU
Alex Bregman,3.06, 16, 28,HOU
Kyle Tucker,3.40, 15, 28,HOU
Jose Abreu,4.80, 10, 28,HOU
Yainer Diaz,4.53, 15, 28,HOU
Jeremy Pena,7.43, 14, 28,HOU
Trey Cabbage,4.88,  8, 28,HOU
Jacob Melton,7.75,  4, 28,HOU
Joey Loperfido,5.29,  7, 28,HOU
Kenedy Corona,4.00,  2, 28,HOU
Will Wagner,5.43,  7, 28,HOU
Pedro Leon,6.00,  2, 28,HOU
Chris Gittens,6.00,  1, 28,HOU
Shay Whitcomb,8.50, 10, 28,HOU
Dixon Machado,8.00,  3, 28,HOU
C.J. Stubbs,9.00,  1, 28,HOU
Cesar Salazar,9.00,  4, 28,HOU
Yordan Alvarez,2.00, 14, 28,HOU
Luke Berryhill,6.00,  1, 28,HOU
Esteury Ruiz,3.50, 18, 31,OAK
Zack Gelof,2.00, 19, 31,OAK
Seth Brown,3.75, 12, 31,OAK
Brent Rooker,3.78, 18, 31,OAK
Shea Langeliers,5.11, 18, 31,OAK
JJ Bleday,3.06, 17, 31,OAK
Aledmys Diaz,6.00,  2, 31,OAK
Abraham Toro,6.26, 19, 31,OAK
Nick Allen,6.09, 11, 31,OAK
Lawrence Butler,4.33, 18, 31,OAK
Ryan Noda,3.45, 20, 31,OAK
Miguel Andujar,4.07, 14, 31,OAK
Tyler Soderstrom,5.25,  8, 31,OAK
Jordan Diaz,5.86,  7, 31,OAK
Darell Hernaiz,7.33, 18, 31,OAK
Daz Cameron,7.75,  4, 31,OAK
Max Schuemann,8.38,  8, 31,OAK
Yohel Pozo,7.00,  3, 31,OAK
Carlos Perez,5.33,  9, 31,OAK
Brett Harris,9.00,  2, 31,OAK
Kyle McCann,6.75,  4, 31,OAK
Max Muncy,5.71, 17, 31,OAK
Drew Lugbauer,8.00,  1, 31,OAK
Lazaro Armenteros,8.00,  1, 31,OAK
Jacob Wilson,9.00,  1, 31,OAK
Cooper Bowman,5.00,  2, 31,OAK
Hoy Park,8.00,  6, 31,OAK
Armando Alvarez,6.67,  3, 31,OAK
Logan Davidson,8.00,  2, 31,OAK
Jeisson Rosario,9.00,  1, 31,OAK
Stephen Piscotty,8.00,  1, 31,OAK
J.D. Davis,4.38, 13, 31,OAK
Santiago Espinal,5.69, 13, 32,TOR
Bo Bichette,2.11, 19, 32,TOR
Justin Turner,3.47, 19, 32,TOR
Danny Jansen,4.38,  8, 32,TOR
Daulton Varsho,4.26, 19, 32,TOR
Isiah Kiner-Falefa,6.95, 19, 32,TOR
Spencer Horwitz,6.64, 11, 32,TOR
Nathan Lukes,5.85, 13, 32,TOR
Cam Eden,9.00,  4, 32,TOR
Ernie Clement,2.83, 12, 32,TOR
Eduardo Escobar,6.08, 12, 32,TOR
Alejandro Kirk,4.36, 14, 32,TOR
Daniel Vogelbach,3.67, 12, 32,TOR
Davis Schneider,4.64, 14, 32,TOR
Addison Barger,7.00,  5, 32,TOR
Orelvis Martinez,6.50,  2, 32,TOR
Damiano Palmegiani,8.50,  2, 32,TOR
Steward Berroa,9.00,  1, 32,TOR
Vladimir Guerrero Jr.,2.40, 15, 32,TOR
Alan Roden,8.25,  8, 32,TOR
Rafael Lantigua,8.00,  3, 32,TOR
Will Robertson,9.00,  3, 32,TOR
George Springer,1.00, 16, 32,TOR
Kevin Kiermaier,5.87, 15, 32,TOR
Leo Jimenez,8.00,  1, 32,TOR
Brian Serven,8.00,  7, 32,TOR
Andres Sosa,9.00,  1, 32,TOR
Payton Henry,8.00,  3, 32,TOR
Cavan Biggio,7.23, 13, 32,TOR
Phil Clarke,9.00,  1, 32,TOR
Luis De Los Santos,9.00,  1, 32,TOR
Joey Votto,2.00,  1, 32,TOR
Jeffrey Wehler,8.00,  1, 32,TOR
Garrett Spain,9.00,  1, 32,TOR
Devonte Brown,7.00,  1, 32,TOR
Michael Harris II,2.95, 19, 31,ATL
David Fletcher,5.85, 13, 31,ATL
Marcell Ozuna,4.50, 20, 31,ATL
Phillip Evans,6.40,  5, 31,ATL
Jarred Kelenic,5.45, 20, 31,ATL
Chadwick Tromp,7.14,  7, 31,ATL
Luis Guillorme,4.57,  7, 31,ATL
Nacho Alvarez Jr.,6.50,  2, 31,ATL
Forrest Wall,5.38, 13, 31,ATL
Ronald Acuna Jr.,1.00, 11, 31,ATL
Ozzie Albies,1.84, 19, 31,ATL
Austin Riley,2.78, 18, 31,ATL
Matt Olson,3.79, 19, 31,ATL
Sean Murphy,4.64, 11, 31,ATL
Orlando Arcia,6.53, 19, 31,ATL
Jordan Luplow,6.36, 14, 31,ATL
Eli White,6.93, 15, 31,ATL
Travis d'Arnaud,5.09, 11, 31,ATL
J.P. Martinez,6.33,  3, 31,ATL
Luke Williams,7.67,  9, 31,ATL
Andrew Velazquez,8.38,  8, 31,ATL
Ryan Casteel,9.00,  1, 31,ATL
Alejo Lopez,9.00,  1, 31,ATL
Luis Liberato,6.86,  7, 31,ATL
Luke Waddell,9.00,  2, 31,ATL
Leury Garcia,8.00,  2, 31,ATL
Drake Baldwin,8.00,  3, 31,ATL
Adam Duvall,5.50,  2, 31,ATL
Nick Clarno,7.00,  1, 31,ATL
Sal Frelick,2.71, 17, 33,MIL
Jackson Chourio,3.89, 18, 33,MIL
Tyler Black,3.78,  9, 33,MIL
Joey Wiemer,5.71, 17, 33,MIL
Blake Perkins,7.17, 12, 33,MIL
Brice Turang,7.25, 16, 33,MIL
Eric Haase,7.00, 10, 33,MIL
Oliver Dunn,5.67, 12, 33,MIL
Wes Clarke,5.50,  4, 33,MIL
Garrett Mitchell,1.29, 14, 33,MIL
William Contreras,2.00, 16, 33,MIL
Willy Adames,4.13, 15, 33,MIL
Jake Bauers,4.08, 13, 33,MIL
Owen Miller,6.22,  9, 33,MIL
Chris Roller,8.60,  5, 33,MIL
Joey Ortiz,6.85, 13, 33,MIL
Andruw Monasterio,5.64, 14, 33,MIL
Jeferson Quero,7.20,  5, 33,MIL
Christian Arroyo,5.33,  6, 33,MIL
Vinny Capra,6.80,  5, 33,MIL
Brock Wilken,5.00,  3, 33,MIL
Christian Yelich,2.91, 11, 33,MIL
Rhys Hoskins,3.21, 14, 33,MIL
Brewer Hicklen,7.17,  6, 33,MIL
Yonny Hernandez,8.33,  3, 33,MIL
Luis Lara,7.50,  6, 33,MIL
Gary Sanchez,3.73, 11, 33,MIL
Dylan O'Rae,8.00,  1, 33,MIL
Hedbert Perez,9.00,  1, 33,MIL
Ernesto Martinez Jr.,8.00,  2, 33,MIL
Eric Brown Jr.,7.00,  2, 33,MIL
Chavez Young,9.00,  2, 33,MIL
Carlos D. Rodriguez,8.50,  2, 33,MIL
Yophery Rodriguez,1.00,  1, 33,MIL
Ethan Murray,6.00,  1, 33,MIL
Matthew Wood,7.00,  1, 33,MIL
Dylan Carlson,4.28, 18, 30,STL
Paul Goldschmidt,2.00, 19, 30,STL
Nolan Gorman,3.06, 18, 30,STL
Nolan Arenado,3.95, 20, 30,STL
Willson Contreras,4.94, 16, 30,STL
Matt Carpenter,5.18, 11, 30,STL
Alec Burleson,5.33, 18, 30,STL
Jose Fermin,8.50, 10, 30,STL
Brendan Donovan,1.00, 16, 30,STL
Lars Nootbaar,2.50,  4, 30,STL
Jordan Walker,5.40, 20, 30,STL
Ivan Herrera,5.83, 12, 30,STL
Luken Baker,5.29,  7, 30,STL
Alfonso Rivas III,6.25,  8, 30,STL
Buddy Kennedy,7.67,  6, 30,STL
Victor Scott II,5.17, 12, 30,STL
Arquimedes Gamboa,9.00,  3, 30,STL
Masyn Winn,6.44, 16, 30,STL
Thomas Saggese,6.38,  8, 30,STL
Jared Young,7.50,  6, 30,STL
Pedro Pages,8.00,  4, 30,STL
Jeremy Rivas,8.00,  1, 30,STL
Michael Siani,7.89,  9, 30,STL
Nick Raposo,9.00,  1, 30,STL
Brandon Crawford,5.17,  6, 30,STL
Cesar Prieto,7.33,  3, 30,STL
Matt Koperniak,9.00,  2, 30,STL
Ian Happ,1.67,  9, 34,CHC
Christopher Morel,3.47, 19, 34,CHC
Miguel Amaya,5.64, 14, 34,CHC
Matt Mervis,6.00,  8, 34,CHC
Alexander Canario,6.63, 19, 34,CHC
Pete Crow-Armstrong,7.25,  8, 34,CHC
Luis Vazquez,8.50,  8, 34,CHC
Joe Hudson,7.75,  4, 34,CHC
Matt Shaw,7.70, 10, 34,CHC
Mike Tauchman,3.78, 18, 34,CHC
Nick Madrigal,3.43,  7, 34,CHC
Patrick Wisdom,5.40,  5, 34,CHC
Jorge Alfaro,5.60,  5, 34,CHC
Miles Mastrobuoni,5.06, 17, 34,CHC
Kevin Alcantara,7.00,  3, 34,CHC
Brennen Davis,8.50,  2, 34,CHC
Nico Hoerner,2.44, 18, 34,CHC
Dansby Swanson,3.78, 18, 34,CHC
Yan Gomes,6.27, 15, 34,CHC
Seiya Suzuki,2.00, 15, 34,CHC
Michael Busch,4.44, 18, 34,CHC
Owen Caissie,7.36, 11, 34,CHC
James Triantos,9.00,  1, 34,CHC
Pablo Aliendo,9.00,  2, 34,CHC
David Bote,7.71,  7, 34,CHC
Moises Ballesteros,8.50,  2, 34,CHC
Dominic Smith,4.89,  9, 34,CHC
Garrett Cooper,4.17, 12, 34,CHC
Cody Bellinger,3.00, 13, 34,CHC
Brett Bateman,9.00,  1, 34,CHC
Chase Strumpf,9.00,  1, 34,CHC
David Peralta,6.00,  6, 34,CHC
Cole Roederer,9.00,  1, 34,CHC
Ketel Marte,1.53, 19, 33,AZ
Jake McCarthy,3.21, 14, 33,AZ
Gabriel Moreno,3.67, 12, 33,AZ
Christian Walker,4.00, 16, 33,AZ
Joc Pederson,4.38, 16, 33,AZ
Eugenio Suarez,5.94, 16, 33,AZ
Geraldo Perdomo,5.73, 15, 33,AZ
Ivan Melendez,7.67,  3, 33,AZ
Jorge Barrosa,9.00,  7, 33,AZ
Corbin Carroll,1.50, 20, 33,AZ
Alek Thomas,6.13, 15, 33,AZ
Lourdes Gurriel Jr.,3.26, 19, 33,AZ
Jace Peterson,4.55, 11, 33,AZ
Jordan Lawlar,4.50,  6, 33,AZ
Jose Herrera,7.70, 10, 33,AZ
Tristin English,8.33,  3, 33,AZ
Pavin Smith,4.69, 13, 33,AZ
Tucker Barnhart,7.91, 11, 33,AZ
Emmanuel Rivera,4.80, 15, 33,AZ
Andres Chaparro,5.50,  4, 33,AZ
Kristian Robinson,9.00,  1, 33,AZ
A.J. Vukovich,7.50,  2, 33,AZ
Kevin Newman,6.71,  7, 33,AZ
Kyle Garlick,6.75,  8, 33,AZ
Blaze Alexander,6.75, 12, 33,AZ
Albert Almora Jr.,7.80, 10, 33,AZ
Elvis Andrus,3.60,  5, 33,AZ
Jack Hurley,9.00,  1, 33,AZ
Jose Fernandez,9.00,  1, 33,AZ
Neyfy Castillo,9.00,  1, 33,AZ
Gavin Conticello,9.00,  1, 33,AZ
Cristofer Torin,6.00,  1, 33,AZ
Jackson Feltner,8.00,  1, 33,AZ
Jakey Josepha,9.00,  1, 33,AZ
Mookie Betts,1.00, 16, 22,LAD
Chris Taylor,4.85, 13, 22,LAD
James Outman,5.15, 13, 22,LAD
Teoscar Hernandez,5.00, 14, 22,LAD
Austin Barnes,5.56,  9, 22,LAD
Gavin Lux,6.00, 13, 22,LAD
Chris Owings,7.78,  9, 22,LAD
Andy Pages,8.00,  7, 22,LAD
Kevin Padlo,8.67,  6, 22,LAD
Miguel Rojas,6.33,  9, 22,LAD
Freddie Freeman,2.69, 16, 22,LAD
Will Smith,3.58, 12, 22,LAD
Manuel Margot,6.69, 16, 22,LAD
Miguel Vargas,7.25,  8, 22,LAD
Dalton Rushing,8.00,  1, 22,LAD
Jose Ramos,8.75,  4, 22,LAD
Trey Sweeney,8.00,  1, 22,LAD
Jason Heyward,5.60, 10, 22,LAD
Shohei Ohtani,2.00, 11, 22,LAD
Drew Avans,8.50,  2, 22,LAD
Enrique Hernandez,5.14,  7, 22,LAD
Ryan Ward,7.00,  1, 22,LAD
Austin Gauthier,8.00,  1, 22,LAD
Chris Okey,9.00,  1, 22,LAD
Austin Slater,3.00,  7, 29,SF
Wilmer Flores,3.40, 15, 29,SF
Michael Conforto,3.44, 16, 29,SF
Thairo Estrada,4.65, 17, 29,SF
Patrick Bailey,5.89,  9, 29,SF
Heliot Ramos,7.67,  6, 29,SF
Casey Schmitt,6.57,  7, 29,SF
Luis Matos,6.67, 15, 29,SF
Tyler Fitzgerald,3.60, 10, 29,SF
Tom Murphy,5.71, 14, 29,SF
LaMonte Wade Jr.,3.00, 13, 29,SF
David Villar,4.86,  7, 29,SF
Pablo Sandoval,6.40,  5, 29,SF
Wade Meckler,7.29,  7, 29,SF
Donovan Walton,8.67,  3, 29,SF
Jorge Soler,3.75, 16, 29,SF
Joey Bart,6.88,  8, 29,SF
Chase Pinder,9.00,  2, 29,SF
Jung Hoo Lee,1.57, 14, 29,SF
Mike Yastrzemski,3.82, 11, 29,SF
Yusniel Diaz,7.00,  1, 29,SF
Marco Luciano,4.08, 12, 29,SF
Brett Wisely,8.50,  2, 29,SF
Nick Ahmed,8.31, 13, 29,SF
Grant McCray,9.00,  1, 29,SF
Blake Sabol,7.00,  3, 29,SF
Matt Chapman,4.18, 11, 29,SF
Otto Lopez,9.00,  1, 29,SF
Yoshi Tsutsugo,8.00,  1, 29,SF
Ismael Munguia,7.00,  5, 29,SF
Jimmy Glowenke,7.00,  1, 29,SF
Trenton Brooks,8.00,  1, 29,SF
Victor Bericoto,8.00,  1, 29,SF
Steven Kwan,1.00, 18, 31,CLE
Andres Gimenez,4.11, 19, 31,CLE
Jose Ramirez,2.65, 17, 31,CLE
Josh Naylor,3.68, 19, 31,CLE
Ramon Laureano,3.72, 18, 31,CLE
Deyvison De Los Santos,7.44,  9, 31,CLE
Bo Naylor,5.67, 12, 31,CLE
Brayan Rocchio,5.12, 16, 31,CLE
Myles Straw,4.00, 10, 31,CLE
Estevan Florial,4.41, 17, 31,CLE
Tyler Freeman,3.79, 14, 31,CLE
Will Brennan,5.00, 16, 31,CLE
Gabriel Arias,6.13, 15, 31,CLE
Austin Hedges,6.33, 12, 31,CLE
David Fry,5.73, 15, 31,CLE
Kyle Manzardo,6.20,  5, 31,CLE
Jhonkensy Noel,6.29,  7, 31,CLE
Jose Tena,8.78,  9, 31,CLE
Juan Brito,8.75,  4, 31,CLE
Dom Nunez,8.80,  5, 31,CLE
Chase DeLauter,6.50,  6, 31,CLE
Johnathan Rodriguez,7.33,  3, 31,CLE
Angel Martinez,8.00,  6, 31,CLE
Daniel Schneemann,8.00,  7, 31,CLE
J.P. Crawford,1.00, 17, 32,SEA
Jorge Polanco,2.59, 17, 32,SEA
Mitch Garver,3.65, 17, 32,SEA
Ty France,4.78, 18, 32,SEA
Taylor Trammell,6.64, 11, 32,SEA
Josh Rojas,6.07, 15, 32,SEA
Seby Zavala,7.79, 14, 32,SEA
Cade Marlowe,6.62,  8, 32,SEA
Nick Solak,9.00,  2, 32,SEA
Ryan Bliss,7.00,  8, 32,SEA
Mitch Haniger,4.69, 16, 32,SEA
Cal Raleigh,3.67, 15, 32,SEA
Luke Raley,5.29, 17, 32,SEA
Dominic Canzone,4.65, 17, 32,SEA
Dylan Moore,3.65, 17, 32,SEA
Sam Haggerty,4.78,  9, 32,SEA
Samad Taylor,7.00, 10, 32,SEA
Michael Chavis,7.50,  4, 32,SEA
Luis Urias,6.27, 15, 32,SEA
Tyler Locklear,5.00,  1, 32,SEA
Harry Ford,6.00,  1, 32,SEA
Brian Anderson,6.78,  9, 32,SEA
Jonatan Clase,8.33,  6, 32,SEA
Julio Rodriguez,2.00, 14, 32,SEA
Blake Hunt,8.50,  2, 32,SEA
Cole Young,8.00,  1, 32,SEA
Michael Papierski,8.00,  3, 32,SEA
Brock Rodden,8.50,  2, 32,SEA
Leo Rivas,8.00,  1, 32,SEA
Morgan McCullough,9.00,  1, 32,SEA
Xavier Edwards,2.40,  5, 27,MIA
Josh Bell,2.44, 16, 27,MIA
Jake Burger,3.31, 16, 27,MIA
Bryan De La Cruz,4.53, 15, 27,MIA
Jesus Sanchez,4.86, 14, 27,MIA
Trey Mancini,6.17, 12, 27,MIA
Dane Myers,5.90, 10, 27,MIA
Nick Fortes,7.86, 14, 27,MIA
Vidal Brujan,3.70, 10, 27,MIA
Luis Arraez,1.00, 16, 27,MIA
Jon Berti,4.77, 13, 27,MIA
Nick Gordon,5.00, 14, 27,MIA
Jazz Chisholm Jr.,3.80, 15, 27,MIA
Avisail Garcia,5.53, 15, 27,MIA
Christian Bethancourt,7.53, 15, 27,MIA
Jonah Bride,8.20,  5, 27,MIA
Jonathan Davis,8.67,  3, 27,MIA
Curt Casali,8.40,  5, 27,MIA
Tristan Gray,7.17,  6, 27,MIA
Tim Anderson,3.92, 13, 27,MIA
Victor Mesa Jr.,8.00,  2, 27,MIA
Marty Costes,8.00,  1, 27,MIA
Griffin Conine,9.00,  1, 27,MIA
Jacob Amaya,9.00,  1, 27,MIA
Troy Johnston,7.00,  1, 27,MIA
Javier Sanoja,8.00,  2, 27,MIA
Yiddi Cappe,9.00,  1, 27,MIA
Harrison Spohn,8.00,  1, 27,MIA
Cameron Barstad,9.00,  1, 27,MIA
DJ Stewart,2.80, 15, 30,NYM
Francisco Lindor,2.05, 19, 30,NYM
Pete Alonso,3.11, 19, 30,NYM
Brett Baty,5.26, 19, 30,NYM
Mark Vientos,5.94, 18, 30,NYM
Jose Iglesias,7.00, 11, 30,NYM
Trayce Thompson,5.67,  6, 30,NYM
Tomas Nido,8.50,  4, 30,NYM
Taylor Kohlwey,8.75,  4, 30,NYM
Tyrone Taylor,4.33, 15, 30,NYM
Francisco Alvarez,4.35, 17, 30,NYM
Ji Man Choi,4.69, 13, 30,NYM
Luke Voit,4.67,  9, 30,NYM
Ben Gamel,7.83,  6, 30,NYM
Zack Short,7.85, 13, 30,NYM
Yolmer Sanchez,8.60,  5, 30,NYM
Alex Ramirez,8.33,  3, 30,NYM
Drew Gilbert,3.50,  2, 30,NYM
Luisangel Acuna,7.00,  1, 30,NYM
Rylan Bannon,8.00,  2, 30,NYM
Starling Marte,3.88, 16, 30,NYM
Omar Narvaez,6.10, 10, 30,NYM
Brandon Nimmo,1.00, 14, 30,NYM
Harrison Bader,7.23, 13, 30,NYM
Joey Wendle,8.12,  8, 30,NYM
Jeff McNeil,3.00,  5, 30,NYM
Ryan Clifford,6.00,  1, 30,NYM
Luke Ritter,8.00,  1, 30,NYM
Yohairo Cuevas,9.00,  1, 30,NYM
CJ Abrams,1.44, 18, 28,WSH
Lane Thomas,1.80, 20, 28,WSH
Joey Gallo,4.21, 14, 28,WSH
Joey Meneses,3.65, 17, 28,WSH
Jesse Winker,3.29, 17, 28,WSH
Keibert Ruiz,4.93, 14, 28,WSH
Nick Senzel,5.93, 15, 28,WSH
Luis Garcia Jr.,6.00, 17, 28,WSH
Victor Robles,7.00, 15, 28,WSH
Alex Call,6.12,  8, 28,WSH
Carter Kieboom,5.75,  4, 28,WSH
Riley Adams,6.33, 12, 28,WSH
Juan Yepez,6.17,  6, 28,WSH
James Wood,3.50, 10, 28,WSH
Trey Lipscomb,7.27, 11, 28,WSH
Ildemaro Vargas,6.08, 13, 28,WSH
Jacob Young,7.27, 11, 28,WSH
Brady House,6.00,  1, 28,WSH
Jake Alu,6.67,  3, 28,WSH
Dylan Crews,5.67,  6, 28,WSH
Robert Hassell III,8.00,  1, 28,WSH
Drew Millas,8.00,  3, 28,WSH
Travis Blankenhorn,6.00,  2, 28,WSH
Nasim Nunez,9.00,  4, 28,WSH
Darren Baker,9.00,  1, 28,WSH
Lewin Diaz,9.00,  1, 28,WSH
Eddie Rosario,4.88,  8, 28,WSH
Cedric Mullins,1.00, 11, 31,BAL
Adley Rutschman,1.93, 14, 31,BAL
Anthony Santander,2.82, 17, 31,BAL
Ryan O'Hearn,4.12, 16, 31,BAL
Austin Hays,5.17, 12, 31,BAL
Ramon Urias,5.80, 15, 31,BAL
Jackson Holliday,4.79, 14, 31,BAL
Jorge Mateo,6.93, 15, 31,BAL
Ryan McKenna,6.00, 13, 31,BAL
Colton Cowser,4.40, 15, 31,BAL
Ryan Mountcastle,3.54, 13, 31,BAL
James McCann,5.00, 11, 31,BAL
Heston Kjerstad,5.23, 13, 31,BAL
Jordan Westburg,4.33, 15, 31,BAL
Sam Hilliard,5.90, 10, 31,BAL
Nick Maton,7.29,  7, 31,BAL
Kyle Stowers,6.90, 10, 31,BAL
Coby Mayo,6.45, 11, 31,BAL
Tyler Nevin,7.07, 14, 31,BAL
Diego A. Castillo,8.00,  1, 31,BAL
Michael Perez,8.67,  6, 31,BAL
Daniel Johnson,8.67,  3, 31,BAL
Maverick Handley,9.00,  2, 31,BAL
Kolten Wong,6.18, 11, 31,BAL
Gunnar Henderson,2.08, 12, 31,BAL
Connor Norby,7.33,  6, 31,BAL
Fernando Tatis Jr.,1.71, 14, 22,SD
Xander Bogaerts,1.64, 14, 22,SD
Jake Cronenworth,3.00, 14, 22,SD
Luis Campusano,5.46, 13, 22,SD
Ha-Seong Kim,4.69, 13, 22,SD
Jackson Merrill,6.33, 15, 22,SD
Eguy Rosario,6.75, 12, 22,SD
Cal Mitchell,4.40,  5, 22,SD
Jose Azocar,7.12,  8, 22,SD
Tyler Wade,4.91, 11, 22,SD
Graham Pauley,5.38,  8, 22,SD
Kyle Higashioka,5.56,  9, 22,SD
Matthew Batten,6.86,  7, 22,SD
Robert Perez Jr.,6.00,  1, 22,SD
Bryce Johnson,5.75,  4, 22,SD
Oscar Mercado,5.17,  6, 22,SD
Mason McCoy,9.00,  6, 22,SD
Manny Machado,3.92, 12, 22,SD
Jurickson Profar,6.20, 10, 22,SD
Jakob Marsee,2.60,  5, 22,SD
Nathan Martorella,8.00,  2, 22,SD
Brett Sullivan,6.67,  3, 22,SD
Tim Locastro,8.50,  4, 22,SD
Kevin Plawecki,9.00,  1, 22,SD
Brad Miller,4.00,  1, 22,SD
Whit Merrifield,4.50, 16, 31,PHI
Johan Rojas,4.29, 17, 31,PHI
Edmundo Sosa,5.06, 16, 31,PHI
Kody Clemens,5.64, 11, 31,PHI
Weston Wilson,6.85, 13, 31,PHI
David Dahl,7.75,  8, 31,PHI
Scott Kingery,7.60,  5, 31,PHI
Rodolfo Castro,7.67,  6, 31,PHI
Aramis Garcia,6.71,  7, 31,PHI
Trea Turner,1.82, 17, 31,PHI
Bryson Stott,3.47, 19, 31,PHI
Nick Castellanos,5.12, 17, 31,PHI
Kyle Schwarber,1.21, 14, 31,PHI
Darick Hall,4.88,  8, 31,PHI
Cristian Pache,6.69, 13, 31,PHI
Jake Cave,6.36, 14, 31,PHI
Garrett Stubbs,6.88,  8, 31,PHI
Nick Podkul,8.00,  4, 31,PHI
Cal Stevenson,8.60,  5, 31,PHI
J.T. Realmuto,3.33, 15, 31,PHI
Bryce Harper,3.00, 12, 31,PHI
Alec Bohm,4.19, 16, 31,PHI
Matt Kroon,7.33,  3, 31,PHI
Carlos De La Cruz,9.00,  3, 31,PHI
Cam Gallagher,9.00,  2, 31,PHI
Brandon Marsh,4.14,  7, 31,PHI
William Simoneit,9.00,  1, 31,PHI
Ji Hwan Bae,5.20,  5, 30,PIT
Jared Triolo,4.87, 15, 30,PIT
Henry Davis,4.33, 15, 30,PIT
Canaan Smith-Njigba,5.50,  8, 30,PIT
Edward Olivares,5.75, 16, 30,PIT
Jake Lamb,6.00,  9, 30,PIT
Alika Williams,8.00, 12, 30,PIT
Billy McKinney,6.17, 12, 30,PIT
Gilberto Celestino,6.56,  9, 30,PIT
Oneil Cruz,1.00, 16, 30,PIT
Bryan Reynolds,2.00, 15, 30,PIT
Ke'Bryan Hayes,3.06, 18, 30,PIT
Jack Suwinski,3.94, 18, 30,PIT
Rowdy Tellez,5.11, 18, 30,PIT
Yasmani Grandal,5.00,  2, 30,PIT
Connor Joe,4.71, 14, 30,PIT
Liover Peguero,6.00, 11, 30,PIT
Nick Gonzales,5.27, 11, 30,PIT
Jason Delay,7.67,  9, 30,PIT
Tsung-Che Cheng,8.00,  3, 30,PIT
Sergio Alcantara,8.50,  6, 30,PIT
Andrew McCutchen,2.88,  8, 30,PIT
Joshua Palacios,3.75,  4, 30,PIT
Ali Sanchez,7.25,  4, 30,PIT
Joe Perez,8.00,  3, 30,PIT
Abrahan Gutierrez,9.00,  1, 30,PIT
Carter Bins,7.00,  2, 30,PIT
Jack Brannigan,9.00,  1, 30,PIT
Termarr Johnson,9.00,  1, 30,PIT
Michael A. Taylor,6.75,  4, 30,PIT
Marcus Semien,1.00, 21, 31,TEX
Evan Carter,2.00, 20, 31,TEX
Wyatt Langford,3.29, 21, 31,TEX
Nathaniel Lowe,3.57,  7, 31,TEX
Leody Taveras,5.25, 20, 31,TEX
Sam Huff,5.40,  5, 31,TEX
Matt Duffy,6.62, 16, 31,TEX
Ezequiel Duran,4.74, 19, 31,TEX
Josh Smith,7.00, 17, 31,TEX
Travis Jankowski,4.62, 13, 31,TEX
Jared Walsh,4.89, 18, 31,TEX
Andrew Knizner,6.83, 12, 31,TEX
Justin Foscue,6.08, 12, 31,TEX
Derek Hill,7.38,  8, 31,TEX
Dustin Harris,6.00,  2, 31,TEX
Davis Wendzel,7.80, 10, 31,TEX
Jonathan Ornelas,9.00,  3, 31,TEX
Jonah Heim,5.36, 14, 31,TEX
Andrew Knapp,7.50,  4, 31,TEX
Blaine Crim,6.57,  7, 31,TEX
Sandro Fabian,8.50,  2, 31,TEX
Elier Hernandez,8.75,  4, 31,TEX
Adolis Garcia,3.92, 13, 31,TEX
Jose Barrero,7.11,  9, 31,TEX
Frainyer Chavez,9.00,  1, 31,TEX
Corey Seager,2.00,  3, 31,TEX
Josh Jung,4.33,  3, 31,TEX
Amed Rosario,3.25, 20, 30,TB
Jose Caballero,5.22, 18, 30,TB
Jonathan Aranda,2.50, 12, 30,TB
Curtis Mead,5.00, 14, 30,TB
Jose Siri,5.94, 17, 30,TB
Junior Caminero,5.00,  8, 30,TB
Richie Palacios,6.00, 18, 30,TB
Rene Pinto,8.25, 16, 30,TB
Jake Mangum,8.50,  8, 30,TB
Yandy Diaz,1.00, 15, 30,TB
Jonny DeLuca,5.86,  7, 30,TB
Josh Lowe,3.50,  2, 30,TB
Harold Ramirez,3.78, 18, 30,TB
Isaac Paredes,4.29, 17, 30,TB
Alex Jackson,6.92, 13, 30,TB
Yu Chang,7.50,  2, 30,TB
Osleivis Basabe,8.38,  8, 30,TB
Tristan Peters,9.00,  2, 30,TB
Niko Hulsizer,7.00,  1, 30,TB
Rob Brantly,8.00,  3, 30,TB
Ronny Simon,9.00,  3, 30,TB
Brandon Lowe,2.00, 14, 30,TB
Randy Arozarena,3.00, 15, 30,TB
Austin Shenton,4.12,  8, 30,TB
Francisco Mejia,8.00,  4, 30,TB
Xavier Isaac,4.50,  2, 30,TB
Bob Seymour,8.00,  1, 30,TB
Tanner Murray,9.00,  2, 30,TB
Mason Auer,8.00,  1, 30,TB
Dru Baker,9.00,  1, 30,TB
Ceddanne Rafaela,4.60, 20, 34,BOS
Wilyer Abreu,4.52, 21, 34,BOS
Bobby Dalbec,4.67, 15, 34,BOS
Pablo Reyes,4.76, 17, 34,BOS
Tyler Heineman,6.67,  3, 34,BOS
Romy Gonzalez,7.11,  9, 34,BOS
Jamie Westbrook,6.00,  8, 34,BOS
Mark Contreras,7.44,  9, 34,BOS
Nathan Hickey,9.00,  1, 34,BOS
Rob Refsnyder,4.29,  7, 34,BOS
Rafael Devers,2.06, 18, 34,BOS
Trevor Story,3.05, 19, 34,BOS
Masataka Yoshida,4.56, 18, 34,BOS
Tyler O'Neill,3.71, 14, 34,BOS
Enmanuel Valdez,7.06, 18, 34,BOS
Reese McGuire,6.40, 10, 34,BOS
Blaze Jordan,8.00,  1, 34,BOS
Roman Anthony,7.33,  3, 34,BOS
Roberto Perez,7.25,  4, 34,BOS
Corey Rosier,8.50,  2, 34,BOS
Connor Wong,8.00, 14, 34,BOS
Niko Kavadas,8.67,  3, 34,BOS
David Hamilton,4.46, 13, 34,BOS
Mark Kolozsvary,7.33,  3, 34,BOS
Jarren Duran,1.89, 18, 34,BOS
Joe Dunand,9.00,  1, 34,BOS
Nick Sogard,7.00,  2, 34,BOS
Triston Casas,3.88, 17, 34,BOS
Dalton Guthrie,9.00,  4, 34,BOS
C.J. Cron,4.17,  6, 34,BOS
Eddy Alvarez,6.80,  5, 34,BOS
Nick Yorke,6.00,  1, 34,BOS
Juan Chacon,9.00,  1, 34,BOS
Marcelo Mayer,7.00,  1, 34,BOS
TJ Friedl,1.00, 12, 28,CIN
Elly De La Cruz,1.94, 17, 28,CIN
Jeimer Candelario,3.87, 15, 28,CIN
Jake Fraley,3.47, 15, 28,CIN
Tyler Stephenson,5.20, 15, 28,CIN
Will Benson,4.94, 18, 28,CIN
Josh Harrison,6.62,  8, 28,CIN
Nick Martini,5.43, 14, 28,CIN
Austin Wynns,8.33,  3, 28,CIN
Spencer Steer,2.59, 17, 28,CIN
Christian Encarnacion-Str,4.62, 16, 28,CIN
Luke Maile,6.08, 12, 28,CIN
Stuart Fairchild,6.38, 13, 28,CIN
Bubba Thompson,7.40,  5, 28,CIN
Erik Gonzalez,8.33,  6, 28,CIN
Mark Mathias,7.00,  2, 28,CIN
Edwin Arroyo,8.50,  6, 28,CIN
Conner Capel,7.50,  2, 28,CIN
P.J. Higgins,7.50,  2, 28,CIN
Tyler Callihan,9.00,  1, 28,CIN
Mike Ford,6.80, 10, 28,CIN
Tony Kemp,8.14,  7, 28,CIN
Noelvi Marte,5.75,  4, 28,CIN
Blake Dunn,7.00,  1, 28,CIN
Sal Stewart,8.67,  3, 28,CIN
Cam Collier,9.00,  1, 28,CIN
Jonathan India,2.90, 10, 28,CIN
Matt McLain,2.40,  5, 28,CIN
Jacob Hurtubise,7.67,  3, 28,CIN
Yan Contreras,9.00,  1, 28,CIN
Michael Trautwein,8.00,  1, 28,CIN
Sean Bouchard,4.07, 14, 31,COL
Brenton Doyle,6.32, 19, 31,COL
Nolan Jones,2.95, 20, 31,COL
Elehuris Montero,4.50, 20, 31,COL
Michael Toglia,4.93, 14, 31,COL
Alan Trejo,6.46, 13, 31,COL
Adael Amador,5.00,  3, 31,COL
Julio Carreras,7.70, 10, 31,COL
Willie MacIver,9.00,  4, 31,COL
Charlie Blackmon,1.44, 18, 31,COL
Kris Bryant,2.00, 15, 31,COL
Ryan McMahon,3.89, 18, 31,COL
Brendan Rodgers,3.89, 18, 31,COL
Ezequiel Tovar,4.67, 18, 31,COL
Bradley Zimmer,6.08, 12, 31,COL
Jordan Beck,8.00,  2, 31,COL
Elias Diaz,5.25, 12, 31,COL
Hunter Goodman,6.17,  6, 31,COL
Sterlin Thompson,7.50,  2, 31,COL
Coco Montes,7.80,  5, 31,COL
Bladimir Restituyo,9.00,  1, 31,COL
Aaron Schunk,7.75,  4, 31,COL
Yanquiel Fernandez,8.00,  1, 31,COL
Braxton Fulford,9.00,  1, 31,COL
Jacob Stallings,7.85, 13, 31,COL
Warming Bernabel,9.00,  1, 31,COL
Drew Romo,8.00,  3, 31,COL
Greg Jones,9.00,  3, 31,COL
Garrett Hampson,6.00, 13, 29,KC
Vinnie Pasquantino,2.87, 15, 29,KC
Nelson Velazquez,4.77, 13, 29,KC
Michael Massey,3.73, 11, 29,KC
Nick Loftin,5.33, 15, 29,KC
Drew Waters,5.11,  9, 29,KC
Mike Brosseau,6.73, 11, 29,KC
Tyler Gentry,8.50,  4, 29,KC
Sandy Leon,7.50,  4, 29,KC
Maikel Garcia,1.92, 12, 29,KC
Bobby Witt Jr.,2.00, 16, 29,KC
Salvador Perez,3.15, 13, 29,KC
Adam Frazier,3.57, 14, 29,KC
MJ Melendez,3.07, 14, 29,KC
Kyle Isbel,6.64, 14, 29,KC
Dairon Blanco,7.12,  8, 29,KC
Nick Pratto,5.67, 12, 29,KC
Logan Porter,9.00,  1, 29,KC
Freddy Fermin,6.12,  8, 29,KC
Tyler Tolbert,6.80,  5, 29,KC
CJ Alexander,6.60,  5, 29,KC
Cam Devanney,8.60,  5, 29,KC
Austin Nola,5.50,  8, 29,KC
Carter Jensen,9.00,  1, 29,KC
Devin Mann,6.67,  3, 29,KC
Luca Tresh,9.00,  1, 29,KC
John Rave,7.00,  4, 29,KC
Nate Eaton,7.33,  3, 29,KC
Diego Hernandez,8.00,  1, 29,KC
Tyler Cropley,9.00,  1, 29,KC
Hunter Renfroe,4.17, 12, 29,KC
Gavin Cross,8.50,  2, 29,KC
Blake Mitchell,9.00,  1, 29,KC
Peyton Wilson,8.00,  1, 29,KC
Trevor Werner,9.00,  1, 29,KC
Akil Baddoo,6.50, 10, 33,DET
Justyn-Henry Malloy,4.85, 13, 33,DET
Colt Keith,5.48, 21, 33,DET
Javier Baez,5.58, 19, 33,DET
Matt Vierling,3.41, 17, 33,DET
Andy Ibanez,4.00, 12, 33,DET
Keston Hiura,7.33,  6, 33,DET
Jake Rogers,6.94, 17, 33,DET
Ryan Kreidler,8.08, 12, 33,DET
Parker Meadows,2.20, 20, 33,DET
Zach McKinstry,4.21, 14, 33,DET
Carson Kelly,6.80, 15, 33,DET
Ryan Vilade,7.00,  4, 33,DET
Andre Lipcius,7.50,  2, 33,DET
Justice Bigbie,7.75,  4, 33,DET
Eddys Leonard,8.60,  5, 33,DET
Riley Greene,2.42, 19, 33,DET
Spencer Torkelson,3.21, 19, 33,DET
Mark Canha,4.33, 18, 33,DET
Gio Urshela,4.65, 17, 33,DET
Bligh Madris,6.60,  5, 33,DET
Wenceel Perez,6.00,  3, 33,DET
Jace Jung,6.33,  3, 33,DET
Dillon Dingler,7.00,  2, 33,DET
TJ Hopkins,8.00,  1, 33,DET
Anthony Bemboom,9.00,  1, 33,DET
Kerry Carpenter,3.71, 14, 33,DET
Kyle Farmer,5.31, 16, 31,MIN
Carlos Santana,3.53, 17, 31,MIN
Royce Lewis,3.69, 16, 31,MIN
Max Kepler,4.75, 16, 31,MIN
Ryan Jeffers,5.73, 11, 31,MIN
Edouard Julien,1.59, 17, 31,MIN
Willi Castro,5.00, 15, 31,MIN
Alex Kirilloff,3.69, 16, 31,MIN
Austin Martin,7.30, 10, 31,MIN
Christian Vazquez,5.62, 13, 31,MIN
Matt Wallner,4.93, 15, 31,MIN
Brooks Lee,4.62, 13, 31,MIN
Trevor Larnach,6.00,  9, 31,MIN
Emmanuel Rodriguez,6.57,  7, 31,MIN
Yunior Severino,6.00,  2, 31,MIN
Michael Helman,8.11,  9, 31,MIN
Niko Goodrum,7.88,  8, 31,MIN
Jose Miranda,5.00,  9, 31,MIN
Jair Camargo,7.83,  6, 31,MIN
Anthony Prato,8.00,  3, 31,MIN
Byron Buxton,2.23, 13, 31,MIN
Carlos Correa,2.73, 15, 31,MIN
Patrick Winkel,8.50,  2, 31,MIN
Carson McCusker,8.50,  2, 31,MIN
Kala'i Rosario,9.00,  1, 31,MIN
Gabriel Gonzalez,9.00,  2, 31,MIN
Chris Williams,6.00,  1, 31,MIN
Alex Isola,9.00,  1, 31,MIN
Kevin Pillar,4.88, 16, 32,CWS
Paul DeJong,5.05, 21, 32,CWS
Andrew Vaughn,3.81, 21, 32,CWS
Bryan Ramos,4.00,  1, 32,CWS
Tim Elko,6.33,  3, 32,CWS
Dominic Fletcher,5.00, 16, 32,CWS
Rafael Ortega,4.89,  9, 32,CWS
Martin Maldonado,7.27, 15, 32,CWS
Nicky Lopez,5.80, 20, 32,CWS
Andrew Benintendi,1.00, 18, 32,CWS
Yoan Moncada,2.00, 19, 32,CWS
Luis Robert Jr.,3.00, 17, 32,CWS
Eloy Jimenez,3.83, 18, 32,CWS
Mike Moustakas,4.91, 11, 32,CWS
Gavin Sheets,4.87, 15, 32,CWS
Colson Montgomery,4.67,  3, 32,CWS
Max Stassi,7.70, 10, 32,CWS
Danny Mendick,9.00,  7, 32,CWS
Zach DeLoach,6.83,  6, 32,CWS
Lenyn Sosa,8.67,  3, 32,CWS
Chuckie Robinson,7.25,  4, 32,CWS
Braden Shewmake,8.12,  8, 32,CWS
Oscar Colas,4.50,  2, 32,CWS
Zach Remillard,7.22,  9, 32,CWS
Peyton Burdick,6.50,  2, 32,CWS
Brett Phillips,9.00,  4, 32,CWS
Korey Lee,6.40,  5, 32,CWS
Mark Payton,6.20,  5, 32,CWS
Anthony Volpe,3.26, 19, 32,NYY
Trent Grisham,4.12, 16, 32,NYY
Oswaldo Cabrera,6.00, 17, 32,NYY
Everson Pereira,4.90, 10, 32,NYY
Ben Rortvedt,7.11,  9, 32,NYY
Luis Torrens,5.57,  7, 32,NYY
Oscar Gonzalez,5.91, 11, 32,NYY
Jorbit Vivas,8.00,  6, 32,NYY
Jordan Groshans,9.00,  1, 32,NYY
Oswald Peraza,5.00,  3, 32,NYY
Austin Wells,4.50, 16, 32,NYY
Jose Rojas,5.75,  8, 32,NYY
Greg Allen,8.43,  7, 32,NYY
Jeter Downs,8.50,  4, 32,NYY
T.J. Rumfield,8.50,  2, 32,NYY
Brandon Lockridge,8.25,  4, 32,NYY
Alex Verdugo,4.19, 16, 32,NYY
Juan Soto,2.00, 16, 32,NYY
Aaron Judge,3.00, 10, 32,NYY
Anthony Rizzo,3.80, 15, 32,NYY
Gleyber Torres,2.88, 17, 32,NYY
Josh VanMeter,6.20,  5, 32,NYY
Kevin Smith,8.00, 10, 32,NYY
J.C. Escarra,7.50,  2, 32,NYY
Carlos Narvaez,8.33,  3, 32,NYY
DJ LeMahieu,1.00, 10, 32,NYY
Giancarlo Stanton,4.50, 14, 32,NYY
Spencer Jones,8.00,  2, 32,NYY
Jahmai Jones,6.86,  7, 32,NYY
Luis Gonzalez,5.80,  5, 32,NYY
Jose Trevino,6.00,  7, 32,NYY
Caleb Durbin,6.25,  4, 32,NYY
Ben Rice,7.00,  1, 32,NYY
Roderick Arias,8.50,  2, 32,NYY
George Lombard Jr.,8.00,  1, 32,NYY
Benjamin Cowles,9.00,  1, 32,NYY
