,player,team,b1,b2,b3,b4,b5,b6,b7,b8,b9
0,"Fletcher, David",LAA,87.0,22.0,0.0,0.0,1.0,0.0,0.0,0.0,46.0
1,"Ohtani, Shohei",LAA,23.0,117.0,6.0,0.0,0.0,0.0,0.0,0.0,0.0
2,"Trout, Mike",LAA,0.0,1.0,35.0,0.0,0.0,0.0,0.0,0.0,0.0
3,"Rendon, Anthony",LAA,0.0,1.0,30.0,25.0,2.0,0.0,0.0,0.0,0.0
4,"Upton, Justin",LAA,25.0,0.0,13.0,14.0,19.0,15.0,1.0,0.0,0.0
5,"Pujols, Albert",LAA,0.0,0.0,0.0,2.0,5.0,7.0,8.0,0.0,0.0
6,"Iglesias, José",LAA,4.0,1.0,3.0,7.0,24.0,24.0,38.0,8.0,2.0
7,"Stassi, Max",LAA,0.0,0.0,6.0,11.0,19.0,11.0,15.0,12.0,6.0
8,"Fowler, Dexter",LAA,0.0,0.0,0.0,0.0,0.0,0.0,0.0,0.0,6.0
9,"Walsh, Jared",LAA,0.0,5.0,24.0,66.0,33.0,9.0,0.0,0.0,0.0
10,"Suzuki, Kurt",LAA,0.0,0.0,0.0,3.0,5.0,11.0,14.0,21.0,9.0
11,"Lagares, Juan",LAA,0.0,0.0,0.0,5.0,5.0,3.0,20.0,28.0,22.0
12,"Rojas, Jose",LAA,2.0,0.0,0.0,0.0,2.0,20.0,8.0,8.0,2.0
13,"Jay, Jon",LAA,0.0,0.0,0.0,0.0,0.0,0.0,0.0,2.0,1.0
14,"Mayfield, Jack",LAA,0.0,1.0,2.0,5.0,9.0,4.0,2.0,9.0,35.0
15,"Bemboom, Anthony",LAA,0.0,0.0,0.0,0.0,0.0,0.0,1.0,3.0,3.0
16,"Rengifo, Luis",LAA,2.0,3.0,0.0,0.0,4.0,4.0,2.0,19.0,12.0
17,"Schebler, Scott",LAA,0.0,0.0,0.0,0.0,0.0,4.0,0.0,4.0,0.0
18,"Gosselin, Phil",LAA,2.0,7.0,37.0,20.0,10.0,4.0,2.0,5.0,1.0
19,"Ward, Taylor",LAA,3.0,1.0,5.0,1.0,6.0,16.0,21.0,5.0,1.0
20,"Butera, Drew",LAA,0.0,0.0,0.0,0.0,0.0,0.0,0.0,5.0,7.0
21,"Wong, Kean",LAA,0.0,1.0,0.0,0.0,0.0,2.0,2.0,5.0,3.0
22,"Bundy, Dylan",LAA,0.0,0.0,0.0,0.0,0.0,0.0,0.0,1.0,0.0
23,"Heaney, Andrew",LAA,0.0,0.0,0.0,0.0,0.0,0.0,0.0,1.0,0.0
24,"Cobb, Alex",LAA,0.0,0.0,0.0,0.0,0.0,0.0,0.0,1.0,0.0
25,"Sandoval, Patrick",LAA,0.0,0.0,0.0,0.0,0.0,0.0,0.0,2.0,0.0
26,"Eaton, Adam",LAA,0.0,1.0,0.0,1.0,1.0,0.0,4.0,9.0,3.0
27,"Marsh, Brandon",LAA,14.0,1.0,0.0,0.0,6.0,18.0,20.0,4.0,0.0
28,"Thaiss, Matt",LAA,0.0,0.0,0.0,0.0,1.0,0.0,0.0,1.0,0.0
29,"Adell, Jo",LAA,0.0,0.0,1.0,2.0,10.0,10.0,4.0,6.0,2.0
30,"Barría, Jaime",LAA,0.0,0.0,0.0,0.0,0.0,0.0,0.0,1.0,0.0
31,"Detmers, Reid",LAA,0.0,0.0,0.0,0.0,0.0,0.0,0.0,1.0,0.0
32,"Naughton, Packy",LAA,0.0,0.0,0.0,0.0,0.0,0.0,0.0,1.0,0.0
33,"Guerra, Junior",LAA,0.0,0.0,0.0,0.0,0.0,0.0,0.0,0.0,1.0
34,"Altuve, Jose",HOU,144.0,0.0,0.0,0.0,0.0,0.0,0.0,0.0,0.0
35,"Brantley, Michael",HOU,2.0,95.0,16.0,2.0,0.0,2.0,1.0,0.0,0.0
36,"Bregman, Alex",HOU,0.0,15.0,66.0,3.0,1.0,5.0,0.0,0.0,0.0
37,"Tucker, Kyle",HOU,2.0,2.0,1.0,12.0,21.0,60.0,36.0,0.0,0.0
38,"Correa, Carlos",HOU,3.0,10.0,22.0,16.0,52.0,44.0,0.0,0.0,0.0
39,"Alvarez, Yordan",HOU,0.0,1.0,18.0,103.0,11.0,3.0,0.0,0.0,0.0
40,"Gurriel, Yuli",HOU,0.0,6.0,35.0,25.0,62.0,9.0,3.0,0.0,0.0
41,"Straw, Myles",HOU,6.0,4.0,0.0,0.0,0.0,0.0,6.0,70.0,7.0
42,"Maldonado, Martín",HOU,0.0,0.0,0.0,0.0,0.0,0.0,1.0,13.0,105.0
43,"Díaz, Aledmys",HOU,0.0,17.0,4.0,1.0,12.0,16.0,20.0,0.0,0.0
44,"Castro, Jason",HOU,0.0,0.0,0.0,0.0,2.0,0.0,2.0,15.0,19.0
45,"McCormick, Chas",HOU,2.0,9.0,0.0,0.0,0.0,9.0,34.0,15.0,1.0
46,"Toro, Abraham",HOU,0.0,1.0,0.0,0.0,1.0,5.0,21.0,2.0,0.0
47,"Dawson, Ronnie",HOU,0.0,0.0,0.0,0.0,0.0,0.0,0.0,1.0,0.0
48,"Jones, Taylor",HOU,0.0,0.0,0.0,0.0,0.0,4.0,11.0,7.0,2.0
49,"De Goti, Alex",HOU,0.0,0.0,0.0,0.0,0.0,0.0,2.0,0.0,0.0
50,"Garcia, Luis",HOU,0.0,0.0,0.0,0.0,0.0,0.0,0.0,0.0,3.0
51,"Urquidy, José",HOU,0.0,0.0,0.0,0.0,0.0,0.0,0.0,0.0,2.0
52,"García, Robel",HOU,1.0,1.0,0.0,0.0,0.0,1.0,8.0,6.0,8.0
53,"Stubbs, Garrett",HOU,0.0,0.0,0.0,0.0,0.0,0.0,0.0,2.0,5.0
54,"Valdez, Framber",HOU,0.0,0.0,0.0,0.0,0.0,0.0,0.0,0.0,2.0
55,"Greinke, Zack",HOU,0.0,0.0,0.0,0.0,0.0,0.0,0.0,1.0,0.0
56,"McCullers Jr., Lance",HOU,0.0,0.0,0.0,0.0,0.0,0.0,0.0,0.0,1.0
57,"Odorizzi, Jake",HOU,0.0,0.0,0.0,0.0,0.0,0.0,0.0,0.0,1.0
58,"Wilson, Jacob",HOU,0.0,0.0,0.0,0.0,0.0,0.0,0.0,3.0,1.0
59,"Meyers, Jake",HOU,0.0,0.0,0.0,0.0,0.0,1.0,11.0,21.0,4.0
60,"Gonzalez, Marwin",HOU,0.0,0.0,0.0,0.0,0.0,3.0,4.0,1.0,0.0
61,"Siri, Jose",HOU,2.0,1.0,0.0,0.0,0.0,0.0,2.0,5.0,1.0
62,"Canha, Mark",OAK,105.0,2.0,0.0,9.0,9.0,11.0,3.0,0.0,1.0
63,"Laureano, Ramón",OAK,12.0,25.0,22.0,14.0,9.0,3.0,2.0,0.0,0.0
64,"Olson, Matt",OAK,0.0,6.0,121.0,28.0,1.0,0.0,0.0,0.0,0.0
65,"Chapman, Matt",OAK,0.0,15.0,1.0,29.0,46.0,33.0,21.0,6.0,0.0
66,"Moreland, Mitch",OAK,0.0,2.0,0.0,18.0,14.0,20.0,6.0,3.0,0.0
67,"Lowrie, Jed",OAK,0.0,18.0,15.0,39.0,26.0,20.0,0.0,0.0,0.0
68,"Murphy, Sean",OAK,0.0,0.0,2.0,8.0,15.0,27.0,29.0,28.0,0.0
69,"Pinder, Chad",OAK,0.0,5.0,1.0,4.0,15.0,6.0,13.0,10.0,3.0
70,"Andrus, Elvis",OAK,0.0,17.0,0.0,0.0,0.0,0.0,15.0,36.0,72.0
71,"Tom, Ka'ai",OAK,0.0,0.0,0.0,0.0,0.0,0.0,2.0,1.0,1.0
72,"Garcia, Aramis",OAK,0.0,0.0,0.0,0.0,0.0,0.0,2.0,3.0,22.0
73,"Piscotty, Stephen",OAK,0.0,0.0,0.0,0.0,0.0,15.0,20.0,14.0,2.0
74,"Kemp, Tony",OAK,17.0,10.0,0.0,0.0,0.0,1.0,13.0,23.0,26.0
75,"Brown, Seth",OAK,0.0,7.0,0.0,5.0,6.0,17.0,17.0,15.0,2.0
76,"Bassitt, Chris",OAK,0.0,0.0,0.0,0.0,0.0,0.0,0.0,1.0,0.0
77,"Luzardo, Jesús",OAK,0.0,0.0,0.0,0.0,0.0,0.0,0.0,0.0,1.0
78,"Machín, Vimael",OAK,0.0,0.0,0.0,0.0,0.0,0.0,0.0,4.0,7.0
79,"Allen, Austin",OAK,0.0,0.0,0.0,0.0,0.0,0.0,0.0,1.0,1.0
80,"Barrera, Luis",OAK,0.0,0.0,0.0,0.0,0.0,0.0,0.0,1.0,1.0
81,"Montas, Frankie",OAK,0.0,0.0,0.0,0.0,0.0,0.0,0.0,0.0,2.0
82,"Irvin, Cole",OAK,0.0,0.0,0.0,0.0,0.0,0.0,0.0,0.0,2.0
83,"Kaprielian, James",OAK,0.0,0.0,0.0,0.0,0.0,0.0,0.0,0.0,2.0
84,"Bolt, Skye",OAK,0.0,0.0,0.0,0.0,0.0,0.0,1.0,4.0,7.0
85,"Manaea, Sean",OAK,0.0,0.0,0.0,0.0,0.0,0.0,0.0,0.0,2.0
86,"Schwindel, Frank",OAK,0.0,0.0,0.0,0.0,1.0,0.0,0.0,2.0,2.0
87,"Wilson, Jacob",OAK,0.0,0.0,0.0,0.0,0.0,0.0,0.0,1.0,1.0
88,"Marte, Starling",OAK,0.0,55.0,0.0,0.0,0.0,0.0,0.0,0.0,0.0
89,"Gomes, Yan",OAK,0.0,0.0,0.0,8.0,9.0,5.0,3.0,6.0,2.0
90,"Harrison, Josh",OAK,28.0,0.0,0.0,0.0,10.0,3.0,6.0,0.0,0.0
91,"Davis, Khris",OAK,0.0,0.0,0.0,0.0,1.0,1.0,9.0,3.0,0.0
92,"Kozma, Pete",OAK,0.0,0.0,0.0,0.0,0.0,0.0,0.0,0.0,3.0
93,"Semien, Marcus",TOR,88.0,45.0,19.0,0.0,1.0,8.0,0.0,0.0,0.0
94,"Biggio, Cavan",TOR,6.0,7.0,0.0,0.0,10.0,20.0,15.0,11.0,2.0
95,"Bichette, Bo",TOR,10.0,90.0,8.0,51.0,0.0,0.0,0.0,0.0,0.0
96,"Hernández, Teoscar",TOR,0.0,1.0,0.0,77.0,63.0,1.0,0.0,0.0,0.0
97,"Guerrero Jr., Vladimir",TOR,0.0,18.0,135.0,1.0,7.0,0.0,0.0,0.0,0.0
98,"Gurriel Jr., Lourdes",TOR,0.0,0.0,0.0,0.0,8.0,57.0,53.0,18.0,0.0
99,"Tellez, Rowdy",TOR,0.0,0.0,0.0,5.0,3.0,9.0,8.0,9.0,0.0
100,"Grichuk, Randal",TOR,0.0,1.0,0.0,13.0,46.0,20.0,30.0,18.0,5.0
101,"Jansen, Danny",TOR,0.0,0.0,0.0,0.0,0.0,0.0,1.0,14.0,38.0
102,"Panik, Joe",TOR,0.0,0.0,0.0,0.0,0.0,7.0,12.0,11.0,0.0
103,"Kirk, Alejandro",TOR,0.0,0.0,0.0,1.0,3.0,22.0,5.0,9.0,8.0
104,"Davis, Jonathan",TOR,0.0,0.0,0.0,0.0,0.0,0.0,3.0,9.0,8.0
105,"Palacios, Josh",TOR,0.0,0.0,0.0,0.0,0.0,1.0,2.0,2.0,6.0
106,"Espinal, Santiago",TOR,0.0,0.0,0.0,0.0,0.0,2.0,23.0,26.0,11.0
107,"Springer, George",TOR,56.0,0.0,0.0,14.0,8.0,0.0,0.0,0.0,0.0
108,"McGuire, Reese",TOR,0.0,0.0,0.0,0.0,0.0,0.0,0.0,8.0,53.0
109,"Ray, Robbie",TOR,0.0,0.0,0.0,0.0,0.0,0.0,0.0,0.0,2.0
110,"Ryu, Hyun Jin",TOR,0.0,0.0,0.0,0.0,0.0,0.0,0.0,0.0,2.0
111,"Stripling, Ross",TOR,0.0,0.0,0.0,0.0,0.0,0.0,0.0,0.0,3.0
112,"Adams, Riley",TOR,0.0,0.0,0.0,0.0,0.0,0.0,0.0,4.0,3.0
113,"Hoying, Jared",TOR,0.0,0.0,0.0,0.0,0.0,0.0,0.0,1.0,0.0
114,"Matz, Steven",TOR,0.0,0.0,0.0,0.0,0.0,0.0,0.0,0.0,1.0
115,"Dickerson, Corey",TOR,2.0,0.0,0.0,0.0,13.0,14.0,6.0,1.0,0.0
116,"Valera, Breyvic",TOR,0.0,0.0,0.0,0.0,0.0,1.0,3.0,11.0,6.0
117,"Manoah, Alek",TOR,0.0,0.0,0.0,0.0,0.0,0.0,0.0,0.0,1.0
118,"Berríos, José",TOR,0.0,0.0,0.0,0.0,0.0,0.0,0.0,0.0,1.0
119,"Smith, Kevin",TOR,0.0,0.0,0.0,0.0,0.0,0.0,0.0,6.0,5.0
120,"Dyson, Jarrod",TOR,0.0,0.0,0.0,0.0,0.0,0.0,0.0,0.0,3.0
121,"Lamb, Jake",TOR,0.0,0.0,0.0,0.0,0.0,0.0,1.0,4.0,4.0
122,"Acuña Jr., Ronald",ATL,80.0,0.0,0.0,0.0,0.0,0.0,0.0,0.0,1.0
123,"Albies, Ozzie",ATL,39.0,23.0,54.0,35.0,5.0,0.0,0.0,0.0,1.0
124,"Freeman, Freddie",ATL,0.0,90.0,67.0,0.0,0.0,0.0,0.0,0.0,0.0
125,"Ozuna, Marcell",ATL,0.0,0.0,39.0,9.0,0.0,0.0,0.0,0.0,0.0
126,"d'Arnaud, Travis",ATL,0.0,0.0,0.0,8.0,18.0,16.0,13.0,0.0,0.0
127,"Swanson, Dansby",ATL,2.0,6.0,1.0,2.0,70.0,50.0,17.0,10.0,0.0
128,"Riley, Austin",ATL,0.0,0.0,0.0,98.0,28.0,9.0,17.0,4.0,0.0
129,"Pache, Cristian",ATL,0.0,0.0,0.0,0.0,0.0,0.0,1.0,16.0,3.0
130,"Fried, Max",ATL,0.0,0.0,0.0,0.0,0.0,0.0,0.0,1.0,26.0
131,"Morton, Charlie",ATL,0.0,0.0,0.0,0.0,0.0,0.0,0.0,0.0,27.0
132,"Anderson, Ian",ATL,0.0,0.0,0.0,0.0,0.0,0.0,0.0,0.0,22.0
133,"Smyly, Drew",ATL,0.0,0.0,0.0,0.0,0.0,0.0,0.0,0.0,22.0
134,"Inciarte, Ender",ATL,0.0,0.0,0.0,0.0,0.0,0.0,2.0,15.0,0.0
135,"Jackson, Alex",ATL,0.0,0.0,0.0,0.0,0.0,0.0,2.0,4.0,1.0
136,"Ynoa, Huascar",ATL,0.0,0.0,0.0,0.0,0.0,0.0,0.0,0.0,17.0
137,"Adrianza, Ehire",ATL,8.0,1.0,0.0,0.0,1.0,14.0,2.0,3.0,1.0
138,"Heredia, Guillermo",ATL,0.0,0.0,0.0,0.0,1.0,13.0,22.0,46.0,2.0
139,"Wright, Kyle",ATL,0.0,0.0,0.0,0.0,0.0,0.0,0.0,0.0,2.0
140,"Wilson, Bryse",ATL,0.0,0.0,0.0,0.0,0.0,0.0,0.0,0.0,7.0
141,"Sandoval, Pablo",ATL,0.0,0.0,0.0,0.0,1.0,3.0,2.0,0.0,0.0
142,"Contreras, William",ATL,0.0,0.0,0.0,0.0,0.0,1.0,35.0,9.0,2.0
143,"Mathis, Jeff",ATL,0.0,0.0,0.0,0.0,0.0,0.0,1.0,2.0,0.0
144,"Tomlin, Josh",ATL,0.0,0.0,0.0,0.0,0.0,0.0,0.0,0.0,1.0
145,"Davidson, Tucker",ATL,0.0,0.0,0.0,0.0,0.0,0.0,0.0,0.0,3.0
146,"Smith, Kevan",ATL,0.0,0.0,0.0,0.0,0.0,0.0,5.0,22.0,0.0
147,"Almonte, Abraham",ATL,1.0,0.0,0.0,9.0,4.0,13.0,10.0,0.0,0.0
148,"Newcomb, Sean",ATL,0.0,0.0,0.0,0.0,0.0,0.0,0.0,0.0,1.0
149,"Muller, Kyle",ATL,0.0,0.0,0.0,0.0,0.0,0.0,0.0,0.0,8.0
150,"Chavez, Jesse",ATL,0.0,0.0,0.0,0.0,0.0,0.0,0.0,0.0,2.0
151,"Arcia, Orlando",ATL,0.0,1.0,0.0,0.0,4.0,3.0,7.0,1.0,0.0
152,"Lucroy, Jonathan",ATL,0.0,0.0,0.0,0.0,0.0,0.0,0.0,2.0,0.0
153,"Pederson, Joc",ATL,19.0,0.0,0.0,0.0,1.0,3.0,11.0,7.0,2.0
154,"Vogt, Stephen",ATL,0.0,0.0,0.0,0.0,0.0,6.0,4.0,11.0,1.0
155,"Toussaint, Touki",ATL,0.0,0.0,0.0,0.0,0.0,0.0,0.0,1.0,8.0
156,"Duvall, Adam",ATL,0.0,0.0,0.0,0.0,25.0,17.0,9.0,0.0,0.0
157,"Soler, Jorge",ATL,11.0,40.0,0.0,0.0,0.0,1.0,0.0,0.0,0.0
158,"Rosario, Eddie",ATL,1.0,0.0,0.0,0.0,3.0,12.0,1.0,7.0,0.0
159,"Strider, Spencer",ATL,0.0,0.0,0.0,0.0,0.0,0.0,0.0,0.0,1.0
160,"Wong, Kolten",MIL,108.0,0.0,0.0,0.0,0.0,0.0,0.0,0.0,0.0
161,"Hiura, Keston",MIL,0.0,8.0,0.0,3.0,9.0,7.0,18.0,1.0,0.0
162,"Yelich, Christian",MIL,1.0,20.0,80.0,5.0,1.0,0.0,0.0,0.0,0.0
163,"García, Avisaíl",MIL,0.0,0.0,20.0,73.0,21.0,6.0,0.0,0.0,0.0
164,"Shaw, Travis",MIL,0.0,1.0,5.0,21.0,9.0,9.0,3.0,0.0,0.0
165,"Cain, Lorenzo",MIL,6.0,13.0,1.0,1.0,5.0,15.0,8.0,16.0,5.0
166,"Narváez, Omar",MIL,0.0,13.0,11.0,29.0,37.0,5.0,6.0,1.0,0.0
167,"Urías, Luis",MIL,30.0,7.0,0.0,1.0,14.0,35.0,25.0,20.0,0.0
168,"Woodruff, Brandon",MIL,0.0,0.0,0.0,0.0,0.0,0.0,0.0,0.0,28.0
169,"Bradley Jr., Jackie",MIL,8.0,0.0,0.0,0.0,11.0,5.0,20.0,53.0,3.0
170,"Arcia, Orlando",MIL,0.0,0.0,0.0,0.0,0.0,0.0,0.0,3.0,0.0
171,"Burnes, Corbin",MIL,0.0,0.0,0.0,0.0,0.0,0.0,0.0,0.0,25.0
172,"Piña, Manny",MIL,0.0,0.0,0.0,2.0,5.0,8.0,13.0,23.0,1.0
173,"Houser, Adrian",MIL,0.0,0.0,0.0,0.0,0.0,0.0,0.0,0.0,24.0
174,"Anderson, Brett",MIL,0.0,0.0,0.0,0.0,0.0,0.0,0.0,1.0,19.0
175,"Vogelbach, Daniel",MIL,0.0,32.0,4.0,2.0,5.0,5.0,6.0,1.0,0.0
176,"Peralta, Freddy",MIL,0.0,0.0,0.0,0.0,0.0,0.0,0.0,0.0,25.0
177,"Robertson, Daniel",MIL,0.0,0.0,0.0,0.0,0.0,1.0,2.0,10.0,1.0
178,"Peterson, Jace",MIL,6.0,2.0,0.0,0.0,5.0,25.0,19.0,8.0,1.0
179,"McKinney, Billy",MIL,0.0,1.0,0.0,0.0,1.0,10.0,6.0,1.0,0.0
180,"Lindblom, Josh",MIL,0.0,0.0,0.0,0.0,0.0,0.0,0.0,0.0,1.0
181,"Taylor, Tyrone",MIL,3.0,3.0,9.0,1.0,17.0,11.0,9.0,3.0,0.0
182,"Reyes, Pablo",MIL,0.0,0.0,0.0,0.0,0.0,0.0,4.0,8.0,4.0
183,"Godley, Zack",MIL,0.0,0.0,0.0,0.0,0.0,0.0,0.0,0.0,1.0
184,"Lauer, Eric",MIL,0.0,0.0,0.0,0.0,0.0,0.0,0.0,0.0,17.0
185,"Maile, Luke",MIL,0.0,0.0,0.0,0.0,0.0,0.0,0.0,7.0,0.0
186,"Nottingham, Jacob",MIL,0.0,0.0,0.0,0.0,0.0,0.0,0.0,3.0,0.0
187,"Bettinger, Alec",MIL,0.0,0.0,0.0,0.0,0.0,0.0,0.0,0.0,1.0
188,"Suter, Brent",MIL,0.0,0.0,0.0,0.0,0.0,0.0,0.0,0.0,1.0
189,"Adames, Willy",MIL,0.0,51.0,18.0,4.0,5.0,10.0,7.0,1.0,0.0
190,"Lopes, Tim",MIL,0.0,0.0,0.0,0.0,0.0,0.0,1.0,0.0,0.0
191,"Fisher, Derek",MIL,0.0,0.0,0.0,0.0,0.0,1.0,0.0,0.0,0.0
192,"Sánchez, Miguel",MIL,0.0,0.0,0.0,0.0,0.0,0.0,0.0,0.0,1.0
193,"Tellez, Rowdy",MIL,0.0,0.0,1.0,2.0,14.0,8.0,15.0,2.0,0.0
194,"Escobar, Eduardo",MIL,0.0,11.0,13.0,18.0,3.0,1.0,0.0,0.0,0.0
195,"Ashby, Aaron",MIL,0.0,0.0,0.0,0.0,0.0,0.0,0.0,0.0,2.0
196,"Gustave, Jandel",MIL,0.0,0.0,0.0,0.0,0.0,0.0,0.0,0.0,2.0
197,"Edman, Tommy",STL,124.0,0.0,0.0,0.0,4.0,15.0,8.0,2.0,1.0
198,"Goldschmidt, Paul",STL,0.0,100.0,57.0,0.0,0.0,0.0,0.0,0.0,0.0
199,"Arenado, Nolan",STL,0.0,0.0,61.0,96.0,0.0,0.0,0.0,0.0,0.0
200,"DeJong, Paul",STL,0.0,0.0,0.0,10.0,24.0,14.0,31.0,19.0,2.0
201,"O'Neill, Tyler",STL,0.0,0.0,35.0,40.0,25.0,20.0,9.0,1.0,0.0
202,"Molina, Yadier",STL,0.0,0.0,0.0,12.0,67.0,39.0,0.0,0.0,0.0
203,"Carlson, Dylan",STL,35.0,60.0,7.0,0.0,21.0,13.0,7.0,2.0,0.0
204,"Williams, Justin",STL,0.0,0.0,0.0,0.0,0.0,5.0,9.0,17.0,1.0
205,"Flaherty, Jack",STL,0.0,0.0,0.0,0.0,0.0,0.0,0.0,1.0,10.0
206,"Wainwright, Adam",STL,0.0,0.0,0.0,0.0,0.0,0.0,0.0,0.0,31.0
207,"Martínez, Carlos",STL,0.0,0.0,0.0,0.0,0.0,0.0,0.0,0.0,15.0
208,"Dean, Austin",STL,0.0,0.0,0.0,0.0,0.0,1.0,2.0,1.0,0.0
209,"Ponce de Leon, Daniel",STL,0.0,0.0,0.0,0.0,0.0,0.0,0.0,0.0,2.0
210,"Carpenter, Matt",STL,1.0,2.0,2.0,4.0,12.0,9.0,12.0,2.0,0.0
211,"Gant, John",STL,0.0,0.0,0.0,0.0,0.0,0.0,0.0,0.0,11.0
212,"Thomas, Lane",STL,0.0,0.0,0.0,0.0,0.0,0.0,2.0,7.0,1.0
213,"Oviedo, Johan",STL,0.0,0.0,0.0,0.0,0.0,0.0,0.0,0.0,13.0
214,"Knizner, Andrew",STL,0.0,0.0,0.0,0.0,0.0,2.0,7.0,33.0,1.0
215,"Sosa, Edmundo",STL,0.0,0.0,0.0,0.0,2.0,10.0,36.0,26.0,1.0
216,"Kim, Kwang Hyun",STL,0.0,0.0,0.0,0.0,0.0,0.0,0.0,0.0,18.0
217,"Bader, Harrison",STL,1.0,0.0,0.0,0.0,5.0,22.0,27.0,46.0,1.0
218,"Sánchez, Ali",STL,0.0,0.0,0.0,0.0,0.0,0.0,0.0,1.0,0.0
219,"Moroff, Max",STL,0.0,0.0,0.0,0.0,0.0,0.0,1.0,1.0,1.0
220,"Mikolas, Miles",STL,0.0,0.0,0.0,0.0,0.0,0.0,0.0,0.0,9.0
221,"Rondón, José",STL,0.0,0.0,0.0,0.0,0.0,2.0,3.0,3.0,1.0
222,"Woodford, Jake",STL,0.0,0.0,0.0,0.0,0.0,0.0,0.0,0.0,10.0
223,"Nootbaar, Lars",STL,1.0,0.0,0.0,0.0,2.0,10.0,8.0,0.0,3.0
224,"LeBlanc, Wade",STL,0.0,0.0,0.0,0.0,0.0,0.0,0.0,0.0,8.0
225,"Lester, Jon",STL,0.0,0.0,0.0,0.0,0.0,0.0,0.0,0.0,11.0
226,"Happ, J.A.",STL,0.0,0.0,0.0,0.0,0.0,0.0,0.0,0.0,9.0
227,"Hudson, Dakota",STL,0.0,0.0,0.0,0.0,0.0,0.0,0.0,0.0,2.0
228,"Happ, Ian",CHC,20.0,3.0,45.0,14.0,9.0,14.0,7.0,7.0,2.0
229,"Contreras, Willson",CHC,32.0,33.0,4.0,21.0,22.0,0.0,0.0,0.0,1.0
230,"Rizzo, Anthony",CHC,4.0,6.0,50.0,31.0,0.0,0.0,0.0,0.0,0.0
231,"Bryant, Kris",CHC,0.0,64.0,3.0,22.0,1.0,0.0,0.0,0.0,0.0
232,"Pederson, Joc",CHC,42.0,0.0,1.0,1.0,15.0,4.0,3.0,1.0,0.0
233,"Báez, Javier",CHC,0.0,0.0,38.0,27.0,9.0,12.0,0.0,0.0,0.0
234,"Heyward, Jason",CHC,0.0,0.0,0.0,1.0,12.0,42.0,34.0,2.0,1.0
235,"Bote, David",CHC,1.0,2.0,5.0,2.0,21.0,13.0,22.0,12.0,1.0
236,"Hendricks, Kyle",CHC,0.0,0.0,0.0,0.0,0.0,0.0,0.0,0.0,30.0
237,"Marisnick, Jake",CHC,0.0,0.0,0.0,0.0,6.0,8.0,10.0,3.0,0.0
238,"Arrieta, Jake",CHC,0.0,0.0,0.0,0.0,0.0,0.0,0.0,0.0,18.0
239,"Sogard, Eric",CHC,0.0,2.0,0.0,0.0,1.0,1.0,8.0,23.0,3.0
240,"Davies, Zach",CHC,0.0,0.0,0.0,0.0,0.0,0.0,0.0,0.0,26.0
241,"Duffy, Matt",CHC,6.0,4.0,4.0,10.0,27.0,8.0,9.0,1.0,0.0
242,"Williams, Trevor",CHC,0.0,0.0,0.0,0.0,0.0,0.0,0.0,1.0,10.0
243,"Alzolay, Adbert",CHC,0.0,0.0,0.0,0.0,0.0,0.0,0.0,0.0,20.0
244,"Wolters, Tony",CHC,0.0,0.0,0.0,0.0,0.0,0.0,0.0,4.0,1.0
245,"Mills, Alec",CHC,0.0,0.0,0.0,0.0,0.0,0.0,0.0,0.0,18.0
246,"Romine, Austin",CHC,0.0,0.0,0.0,0.0,0.0,4.0,5.0,5.0,0.0
247,"Hoerner, Nico",CHC,2.0,0.0,0.0,0.0,1.0,8.0,13.0,19.0,0.0
248,"Vargas, Ildemaro",CHC,0.0,0.0,0.0,0.0,0.0,1.0,1.0,3.0,0.0
249,"Thompson, Keegan",CHC,0.0,0.0,0.0,0.0,0.0,0.0,0.0,0.0,4.0
250,"Martini, Nick",CHC,0.0,0.0,0.0,0.0,2.0,3.0,1.0,0.0,0.0
251,"Higgins, P.J.",CHC,0.0,0.0,0.0,0.0,0.0,0.0,0.0,5.0,0.0
252,"Ortega, Rafael",CHC,52.0,0.0,0.0,0.0,2.0,12.0,3.0,3.0,1.0
253,"Wisdom, Patrick",CHC,0.0,3.0,12.0,30.0,23.0,12.0,5.0,0.0,0.0
254,"Stewart, Kohl",CHC,0.0,0.0,0.0,0.0,0.0,0.0,0.0,0.0,3.0
255,"Alcántara, Sergio",CHC,0.0,0.0,0.0,0.0,0.0,3.0,11.0,49.0,2.0
256,"Lobaton, Jose",CHC,0.0,0.0,0.0,0.0,0.0,0.0,0.0,3.0,0.0
257,"Stock, Robert",CHC,0.0,0.0,0.0,0.0,0.0,0.0,0.0,0.0,1.0
258,"Chirinos, Robinson",CHC,0.0,0.0,0.0,0.0,4.0,2.0,12.0,4.0,0.0
259,"Romine, Andrew",CHC,0.0,0.0,0.0,0.0,0.0,2.0,1.0,9.0,3.0
260,"Schwindel, Frank",CHC,0.0,45.0,0.0,3.0,1.0,4.0,0.0,0.0,1.0
261,"Fargas, Johneshwy",CHC,0.0,0.0,0.0,0.0,0.0,0.0,5.0,1.0,0.0
262,"Deichmann, Greg",CHC,0.0,0.0,0.0,0.0,2.0,1.0,2.0,1.0,1.0
263,"Steele, Justin",CHC,0.0,0.0,0.0,0.0,0.0,0.0,0.0,0.0,8.0
264,"Hermosillo, Michael",CHC,3.0,0.0,0.0,0.0,0.0,2.0,1.0,1.0,0.0
265,"Sampson, Adrian",CHC,0.0,0.0,0.0,0.0,0.0,0.0,0.0,0.0,6.0
266,"Rivas, Alfonso",CHC,0.0,0.0,0.0,0.0,1.0,5.0,4.0,1.0,0.0
267,"Thompson, Trayce",CHC,0.0,0.0,0.0,0.0,3.0,1.0,2.0,2.0,0.0
268,"Giambrone, Trent",CHC,0.0,0.0,0.0,0.0,0.0,0.0,3.0,0.0,0.0
269,"Castillo, Erick",CHC,0.0,0.0,0.0,0.0,0.0,0.0,0.0,2.0,0.0
270,"Abbott, Cory",CHC,0.0,0.0,0.0,0.0,0.0,0.0,0.0,0.0,1.0
271,"Rojas, Josh",ARI,71.0,12.0,4.0,1.0,4.0,6.0,7.0,11.0,3.0
272,"Marte, Ketel",ARI,8.0,74.0,0.0,0.0,0.0,0.0,0.0,0.0,0.0
273,"Walker, Christian",ARI,0.0,0.0,14.0,53.0,10.0,21.0,2.0,0.0,0.0
274,"Peralta, David",ARI,0.0,3.0,5.0,59.0,31.0,26.0,0.0,0.0,0.0
275,"Cabrera, Asdrúbal",ARI,0.0,5.0,33.0,4.0,26.0,1.0,0.0,0.0,0.0
276,"Escobar, Eduardo",ARI,0.0,0.0,55.0,13.0,2.0,22.0,0.0,0.0,0.0
277,"Smith, Pavin",ARI,28.0,18.0,13.0,0.0,28.0,26.0,8.0,1.0,3.0
278,"Vogt, Stephen",ARI,0.0,0.0,0.0,0.0,5.0,5.0,7.0,17.0,0.0
279,"Bumgarner, Madison",ARI,0.0,0.0,0.0,0.0,0.0,0.0,0.0,1.0,23.0
280,"Locastro, Tim",ARI,12.0,4.0,0.0,0.0,0.0,0.0,0.0,10.0,0.0
281,"Kelly, Carson",ARI,6.0,9.0,10.0,20.0,19.0,4.0,10.0,2.0,0.0
282,"Mathisen, Wyatt",ARI,0.0,1.0,1.0,0.0,3.0,0.0,1.0,2.0,0.0
283,"Kelly, Merrill",ARI,0.0,0.0,0.0,0.0,0.0,0.0,0.0,2.0,25.0
284,"VanMeter, Josh",ARI,10.0,13.0,8.0,0.0,10.0,9.0,11.0,3.0,3.0
285,"Smith, Caleb",ARI,0.0,0.0,0.0,0.0,0.0,0.0,0.0,0.0,11.0
286,"Perdomo, Geraldo",ARI,0.0,0.0,0.0,0.0,0.0,0.0,0.0,7.0,1.0
287,"Widener, Taylor",ARI,0.0,0.0,0.0,0.0,0.0,0.0,0.0,1.0,10.0
288,"Weaver, Luke",ARI,0.0,0.0,0.0,0.0,0.0,0.0,0.0,0.0,13.0
289,"Calhoun, Kole",ARI,4.0,17.0,5.0,11.0,3.0,0.0,0.0,0.0,0.0
290,"Ahmed, Nick",ARI,21.0,1.0,0.0,0.0,2.0,2.0,60.0,30.0,0.0
291,"Smith, Riley",ARI,0.0,0.0,0.0,0.0,0.0,0.0,0.0,0.0,8.0
292,"Gallen, Zac",ARI,0.0,0.0,0.0,0.0,0.0,0.0,0.0,1.0,20.0
293,"Young, Andrew",ARI,0.0,0.0,0.0,0.0,7.0,4.0,4.0,3.0,0.0
294,"Heath, Nick",ARI,0.0,0.0,0.0,0.0,0.0,0.0,0.0,8.0,0.0
295,"Varsho, Daulton",ARI,2.0,1.0,13.0,0.0,3.0,6.0,18.0,27.0,2.0
296,"Peacock, Matt",ARI,0.0,0.0,0.0,0.0,0.0,0.0,0.0,0.0,10.0
297,"Frankoff, Seth",ARI,0.0,0.0,0.0,0.0,0.0,0.0,0.0,1.0,2.0
298,"Leyba, Domingo",ARI,0.0,0.0,0.0,0.0,1.0,1.0,2.0,1.0,0.0
299,"Martin, Corbin",ARI,0.0,0.0,0.0,0.0,0.0,0.0,0.0,0.0,2.0
300,"Reddick, Josh",ARI,0.0,0.0,0.0,0.0,6.0,18.0,9.0,0.0,0.0
301,"Duplantier, Jon",ARI,0.0,0.0,0.0,0.0,0.0,0.0,0.0,0.0,2.0
302,"Vargas, Ildemaro",ARI,0.0,0.0,0.0,0.0,0.0,2.0,4.0,4.0,2.0
303,"Young, Alex",ARI,0.0,0.0,0.0,0.0,0.0,0.0,0.0,0.0,1.0
304,"Faria, Jake",ARI,0.0,0.0,0.0,0.0,0.0,0.0,0.0,0.0,3.0
305,"Castellanos, Humberto",ARI,0.0,0.0,0.0,0.0,0.0,0.0,0.0,0.0,5.0
306,"Fairchild, Stuart",ARI,0.0,0.0,0.0,0.0,0.0,1.0,1.0,2.0,0.0
307,"Holaday, Bryan",ARI,0.0,0.0,0.0,0.0,0.0,0.0,0.0,9.0,1.0
308,"Ellis, Drew",ARI,0.0,0.0,1.0,1.0,1.0,4.0,6.0,6.0,0.0
309,"Hager, Jake",ARI,0.0,0.0,0.0,0.0,0.0,1.0,2.0,2.0,0.0
310,"Gilbert, Tyler",ARI,0.0,0.0,0.0,0.0,0.0,0.0,0.0,0.0,5.0
311,"Mejía, Humberto",ARI,0.0,0.0,0.0,0.0,0.0,0.0,0.0,0.0,4.0
312,"McCarthy, Jake",ARI,0.0,0.0,0.0,0.0,0.0,0.0,5.0,10.0,3.0
313,"Ramos, Henry",ARI,0.0,4.0,0.0,0.0,1.0,3.0,3.0,1.0,0.0
314,"Beer, Seth",ARI,0.0,0.0,0.0,0.0,0.0,0.0,2.0,0.0,0.0
315,"Betts, Mookie",LAD,104.0,0.0,12.0,0.0,0.0,0.0,0.0,0.0,0.0
316,"Seager, Corey",LAD,0.0,51.0,0.0,22.0,16.0,1.0,0.0,0.0,0.0
317,"Turner, Justin",LAD,0.0,14.0,93.0,17.0,11.0,4.0,1.0,0.0,0.0
318,"Bellinger, Cody",LAD,1.0,1.0,1.0,26.0,8.0,15.0,13.0,13.0,1.0
319,"Muncy, Max",LAD,0.0,74.0,9.0,32.0,16.0,5.0,0.0,0.0,0.0
320,"Taylor, Chris",LAD,23.0,8.0,10.0,1.0,23.0,48.0,17.0,2.0,0.0
321,"Lux, Gavin",LAD,4.0,7.0,0.0,0.0,8.0,11.0,31.0,30.0,2.0
322,"Barnes, Austin",LAD,0.0,0.0,0.0,0.0,1.0,2.0,4.0,42.0,3.0
323,"Kershaw, Clayton",LAD,0.0,0.0,0.0,0.0,0.0,0.0,0.0,0.0,17.0
324,"Smith, Will",LAD,0.0,0.0,5.0,39.0,43.0,18.0,5.0,3.0,0.0
325,"Pollock, AJ",LAD,1.0,3.0,3.0,3.0,19.0,27.0,31.0,11.0,0.0
326,"Bauer, Trevor",LAD,0.0,0.0,0.0,0.0,0.0,0.0,0.0,0.0,14.0
327,"Ríos, Edwin",LAD,0.0,0.0,0.0,0.0,1.0,3.0,2.0,4.0,1.0
328,"Buehler, Walker",LAD,0.0,0.0,0.0,0.0,0.0,0.0,0.0,1.0,32.0
329,"McKinstry, Zach",LAD,0.0,0.0,0.0,0.0,0.0,7.0,11.0,18.0,4.0
330,"Urías, Julio",LAD,0.0,0.0,0.0,0.0,0.0,0.0,0.0,0.0,30.0
331,"Beaty, Matt",LAD,0.0,0.0,4.0,4.0,11.0,7.0,13.0,6.0,0.0
332,"May, Dustin",LAD,0.0,0.0,0.0,0.0,0.0,0.0,0.0,0.0,2.0
333,"Raley, Luke",LAD,0.0,0.0,0.0,0.0,0.0,2.0,5.0,8.0,0.0
334,"Neuse, Sheldon",LAD,0.0,0.0,0.0,0.0,0.0,2.0,7.0,3.0,1.0
335,"Peters, DJ",LAD,0.0,0.0,0.0,0.0,0.0,0.0,0.0,7.0,0.0
336,"Uceta, Edwin",LAD,0.0,0.0,0.0,0.0,0.0,0.0,0.0,0.0,1.0
337,"Cleavinger, Garrett",LAD,0.0,0.0,0.0,0.0,0.0,0.0,0.0,0.0,1.0
338,"Santana, Dennis",LAD,0.0,0.0,0.0,0.0,0.0,0.0,0.0,0.0,1.0
339,"Vesia, Alex",LAD,0.0,0.0,0.0,0.0,0.0,0.0,0.0,0.0,3.0
340,"Pujols, Albert",LAD,0.0,1.0,4.0,17.0,4.0,7.0,4.0,0.0,0.0
341,"Tsutsugo, Yoshi",LAD,0.0,0.0,0.0,1.0,0.0,0.0,3.0,2.0,0.0
342,"Nelson, Jimmy",LAD,0.0,0.0,0.0,0.0,0.0,0.0,0.0,0.0,1.0
343,"Kelly, Joe",LAD,0.0,0.0,0.0,0.0,0.0,0.0,0.0,0.0,1.0
344,"Gonsolin, Tony",LAD,0.0,0.0,0.0,0.0,0.0,0.0,0.0,0.0,13.0
345,"Burns, Andy",LAD,0.0,0.0,0.0,0.0,1.0,0.0,1.0,0.0,0.0
346,"Souza Jr., Steven",LAD,0.0,0.0,0.0,0.0,0.0,3.0,4.0,1.0,0.0
347,"Reks, Zach",LAD,0.0,0.0,0.0,0.0,0.0,0.0,1.0,1.0,0.0
348,"Bickford, Phil",LAD,0.0,0.0,0.0,0.0,0.0,0.0,0.0,0.0,1.0
349,"White, Mitch",LAD,0.0,0.0,0.0,0.0,0.0,0.0,0.0,0.0,6.0
350,"Price, David",LAD,0.0,0.0,0.0,0.0,0.0,0.0,0.0,0.0,9.0
351,"Gray, Josiah",LAD,0.0,0.0,0.0,0.0,0.0,0.0,0.0,0.0,2.0
352,"McKinney, Billy",LAD,0.0,2.0,0.0,0.0,0.0,0.0,9.0,10.0,0.0
353,"Scherzer, Max",LAD,0.0,0.0,0.0,0.0,0.0,0.0,0.0,0.0,11.0
354,"Turner, Trea",LAD,29.0,1.0,21.0,0.0,0.0,0.0,0.0,0.0,1.0
355,"Jackson, Andre",LAD,0.0,0.0,0.0,0.0,0.0,0.0,0.0,0.0,2.0
356,"Phillips, Evan",LAD,0.0,0.0,0.0,0.0,0.0,0.0,0.0,0.0,2.0
357,"Slater, Austin",SF,42.0,1.0,1.0,0.0,2.0,2.0,4.0,3.0,2.0
358,"Yastrzemski, Mike",SF,10.0,47.0,23.0,0.0,1.0,17.0,13.0,6.0,2.0
359,"Solano, Donovan",SF,0.0,10.0,9.0,0.0,9.0,25.0,12.0,13.0,1.0
360,"Longoria, Evan",SF,0.0,0.0,6.0,21.0,24.0,6.0,9.0,1.0,0.0
361,"Belt, Brandon",SF,0.0,29.0,10.0,36.0,5.0,4.0,1.0,0.0,0.0
362,"Flores, Wilmer",SF,0.0,9.0,17.0,14.0,23.0,22.0,9.0,2.0,2.0
363,"Posey, Buster",SF,0.0,19.0,56.0,10.0,5.0,7.0,6.0,0.0,0.0
364,"Crawford, Brandon",SF,0.0,0.0,4.0,22.0,50.0,37.0,10.0,7.0,0.0
365,"Dubón, Mauricio",SF,0.0,0.0,0.0,0.0,1.0,5.0,12.0,18.0,3.0
366,"Ruf, Darin",SF,6.0,9.0,11.0,19.0,6.0,8.0,2.0,1.0,1.0
367,"La Stella, Tommy",SF,33.0,10.0,0.0,0.0,0.0,1.0,1.0,7.0,2.0
368,"Dickerson, Alex",SF,0.0,7.0,10.0,24.0,12.0,6.0,9.0,5.0,1.0
369,"Casali, Curt",SF,0.0,0.0,0.0,0.0,0.0,3.0,18.0,31.0,2.0
370,"DeSclafani, Anthony",SF,0.0,0.0,0.0,0.0,0.0,0.0,0.0,3.0,24.0
371,"Sanchez, Aaron",SF,0.0,0.0,0.0,0.0,0.0,0.0,0.0,0.0,7.0
372,"Gausman, Kevin",SF,0.0,0.0,0.0,0.0,0.0,0.0,0.0,1.0,29.0
373,"Cueto, Johnny",SF,0.0,0.0,0.0,0.0,0.0,0.0,0.0,0.0,19.0
374,"Webb, Logan",SF,0.0,0.0,0.0,0.0,0.0,0.0,0.0,0.0,24.0
375,"Wade Jr., LaMonte",SF,58.0,2.0,2.0,15.0,0.0,2.0,1.0,3.0,1.0
376,"Duggar, Steven",SF,0.0,0.0,0.0,0.0,4.0,7.0,31.0,24.0,0.0
377,"Wood, Alex",SF,0.0,0.0,0.0,0.0,0.0,0.0,0.0,0.0,23.0
378,"Vosler, Jason",SF,0.0,0.0,0.0,0.0,0.0,3.0,7.0,8.0,0.0
379,"Tauchman, Mike",SF,13.0,2.0,0.0,0.0,1.0,2.0,7.0,12.0,4.0
380,"Kazmir, Scott",SF,0.0,0.0,0.0,0.0,0.0,0.0,0.0,0.0,3.0
381,"Selman, Sam",SF,0.0,0.0,0.0,0.0,0.0,0.0,0.0,0.0,1.0
382,"Tromp, Chadwick",SF,0.0,0.0,0.0,0.0,0.0,0.0,0.0,4.0,0.0
383,"Long, Sammy",SF,0.0,0.0,0.0,0.0,0.0,0.0,0.0,0.0,5.0
384,"Estrada, Thairo",SF,0.0,3.0,0.0,0.0,1.0,3.0,8.0,12.0,3.0
385,"Davis, Jaylin",SF,0.0,0.0,0.0,0.0,0.0,0.0,1.0,1.0,0.0
386,"Bart, Joey",SF,0.0,0.0,0.0,0.0,0.0,0.0,1.0,0.0,0.0
387,"Álvarez, José",SF,0.0,0.0,0.0,0.0,0.0,0.0,0.0,0.0,1.0
388,"Bryant, Kris",SF,0.0,14.0,13.0,1.0,18.0,2.0,0.0,0.0,0.0
389,"García, Jarlín",SF,0.0,0.0,0.0,0.0,0.0,0.0,0.0,0.0,2.0
390,"Luplow, Jordan",CLE,10.0,11.0,0.0,2.0,0.0,2.0,2.0,0.0,0.0
391,"Hernández, César",CLE,74.0,20.0,2.0,0.0,0.0,0.0,0.0,0.0,0.0
392,"Ramírez, José",CLE,0.0,0.0,151.0,0.0,0.0,0.0,0.0,0.0,0.0
393,"Rosario, Eddie",CLE,0.0,4.0,2.0,49.0,24.0,0.0,0.0,0.0,0.0
394,"Reyes, Franmil",CLE,0.0,0.0,2.0,90.0,23.0,0.0,0.0,0.0,0.0
395,"Naylor, Josh",CLE,0.0,0.0,0.0,0.0,8.0,32.0,25.0,0.0,0.0
396,"Chang, Yu",CLE,0.0,0.0,0.0,0.0,3.0,17.0,18.0,18.0,7.0
397,"Pérez, Roberto",CLE,0.0,0.0,0.0,0.0,0.0,3.0,15.0,25.0,1.0
398,"Giménez, Andrés",CLE,3.0,1.0,0.0,0.0,0.0,0.0,3.0,14.0,38.0
399,"Gamel, Ben",CLE,3.0,0.0,0.0,0.0,0.0,0.0,0.0,0.0,0.0
400,"Bauers, Jake",CLE,0.0,2.0,0.0,0.0,0.0,1.0,17.0,5.0,1.0
401,"Rosario, Amed",CLE,5.0,108.0,0.0,0.0,1.0,11.0,3.0,6.0,2.0
402,"Hedges, Austin",CLE,0.0,0.0,0.0,0.0,0.0,0.0,4.0,46.0,33.0
403,"Allen, Logan",CLE,0.0,0.0,0.0,0.0,0.0,0.0,0.0,1.0,0.0
404,"McKenzie, Triston",CLE,0.0,0.0,0.0,0.0,0.0,0.0,0.0,1.0,0.0
405,"Bieber, Shane",CLE,0.0,0.0,0.0,0.0,0.0,0.0,0.0,0.0,2.0
406,"Johnson, Daniel",CLE,2.0,1.0,0.0,0.0,0.0,2.0,7.0,4.0,7.0
407,"Ramirez, Harold",CLE,0.0,0.0,1.0,11.0,37.0,39.0,5.0,0.0,0.0
408,"Rivera, René",CLE,0.0,0.0,0.0,0.0,0.0,0.0,0.0,9.0,7.0
409,"Miller, Owen",CLE,0.0,1.0,0.0,0.0,1.0,12.0,26.0,10.0,1.0
410,"Zimmer, Bradley",CLE,10.0,10.0,0.0,0.0,11.0,13.0,17.0,10.0,13.0
411,"Bradley, Bobby",CLE,0.0,0.0,4.0,9.0,42.0,8.0,6.0,1.0,0.0
412,"Maton, Phil",CLE,0.0,0.0,0.0,0.0,0.0,0.0,0.0,0.0,1.0
413,"Clement, Ernie",CLE,0.0,0.0,0.0,0.0,0.0,2.0,3.0,3.0,27.0
414,"Lavarnway, Ryan",CLE,0.0,0.0,0.0,0.0,0.0,1.0,2.0,5.0,0.0
415,"Mejía, J.C.",CLE,0.0,0.0,0.0,0.0,0.0,0.0,0.0,0.0,1.0
416,"Quantrill, Cal",CLE,0.0,0.0,0.0,0.0,0.0,0.0,0.0,0.0,1.0
417,"Hentges, Sam",CLE,0.0,0.0,0.0,0.0,0.0,0.0,0.0,0.0,1.0
418,"Civale, Aaron",CLE,0.0,0.0,0.0,0.0,0.0,0.0,0.0,0.0,1.0
419,"Morgan, Eli",CLE,0.0,0.0,0.0,0.0,0.0,0.0,0.0,0.0,1.0
420,"Mercado, Oscar",CLE,0.0,4.0,0.0,0.0,8.0,18.0,6.0,3.0,17.0
421,"Straw, Myles",CLE,55.0,0.0,0.0,0.0,0.0,0.0,0.0,1.0,0.0
422,"Ramos, Wilson",CLE,0.0,0.0,0.0,1.0,4.0,1.0,3.0,0.0,0.0
423,"Haniger, Mitch",SEA,32.0,108.0,8.0,8.0,0.0,0.0,0.0,0.0,0.0
424,"France, Ty",SEA,0.0,44.0,35.0,61.0,9.0,2.0,0.0,0.0,0.0
425,"Seager, Kyle",SEA,0.0,1.0,110.0,46.0,0.0,0.0,0.0,0.0,0.0
426,"White, Evan",SEA,0.0,0.0,0.0,7.0,10.0,4.0,0.0,6.0,1.0
427,"Trammell, Taylor",SEA,0.0,0.0,0.0,0.0,5.0,9.0,15.0,5.0,14.0
428,"Moore, Dylan",SEA,0.0,0.0,0.0,0.0,9.0,22.0,13.0,31.0,27.0
429,"Fraley, Jake",SEA,0.0,4.0,0.0,0.0,13.0,17.0,10.0,13.0,4.0
430,"Murphy, Tom",SEA,0.0,0.0,0.0,1.0,11.0,17.0,23.0,28.0,6.0
431,"Crawford, J.P.",SEA,108.0,0.0,0.0,0.0,10.0,9.0,4.0,5.0,22.0
432,"Torrens, Luis",SEA,0.0,0.0,0.0,5.0,22.0,30.0,26.0,10.0,0.0
433,"Haggerty, Sam",SEA,2.0,0.0,0.0,0.0,0.0,2.0,2.0,9.0,8.0
434,"Marmolejos, José",SEA,0.0,0.0,0.0,10.0,6.0,9.0,3.0,1.0,2.0
435,"Bishop, Braden",SEA,0.0,0.0,0.0,0.0,0.0,0.0,0.0,0.0,1.0
436,"Lewis, Kyle",SEA,0.0,4.0,8.0,24.0,0.0,0.0,0.0,0.0,0.0
437,"Kikuchi, Yusei",SEA,0.0,0.0,0.0,0.0,0.0,0.0,0.0,0.0,1.0
438,"Dunn, Justin",SEA,0.0,0.0,0.0,0.0,0.0,0.0,0.0,0.0,2.0
439,"Kelenic, Jarred",SEA,17.0,0.0,0.0,0.0,7.0,12.0,34.0,21.0,0.0
440,"Walton, Donovan",SEA,1.0,0.0,0.0,0.0,0.0,0.0,1.0,1.0,15.0
441,"Mayfield, Jack",SEA,0.0,0.0,0.0,0.0,0.0,0.0,1.0,6.0,2.0
442,"Nottingham, Jacob",SEA,0.0,0.0,0.0,0.0,1.0,3.0,1.0,3.0,0.0
443,"Flexen, Chris",SEA,0.0,0.0,0.0,0.0,0.0,0.0,0.0,0.0,2.0
444,"Sheffield, Justus",SEA,0.0,0.0,0.0,0.0,0.0,0.0,0.0,0.0,1.0
445,"Godoy, José",SEA,0.0,0.0,0.0,0.0,1.0,1.0,4.0,1.0,5.0
446,"Campbell, Eric",SEA,0.0,0.0,0.0,0.0,0.0,0.0,1.0,2.0,0.0
447,"Long Jr., Shed",SEA,0.0,0.0,0.0,0.0,0.0,4.0,10.0,4.0,13.0
448,"Thomas, Dillon",SEA,0.0,0.0,0.0,0.0,0.0,0.0,0.0,2.0,0.0
449,"Bauers, Jake",SEA,0.0,0.0,0.0,0.0,8.0,8.0,8.0,8.0,16.0
450,"Raleigh, Cal",SEA,0.0,0.0,0.0,0.0,5.0,3.0,6.0,6.0,16.0
451,"Gonzales, Marco",SEA,0.0,0.0,0.0,0.0,0.0,0.0,0.0,0.0,2.0
452,"McCaughan, Darren",SEA,0.0,0.0,0.0,0.0,0.0,0.0,0.0,0.0,1.0
453,"Toro, Abraham",SEA,2.0,1.0,1.0,0.0,45.0,10.0,0.0,0.0,0.0
454,"Anderson, Tyler",SEA,0.0,0.0,0.0,0.0,0.0,0.0,0.0,0.0,1.0
455,"Dickerson, Corey",MIA,13.0,0.0,14.0,12.0,11.0,1.0,1.0,0.0,0.0
456,"Marte, Starling",MIA,0.0,59.0,4.0,0.0,0.0,0.0,0.0,0.0,0.0
457,"Aguilar, Jesús",MIA,0.0,24.0,76.0,11.0,5.0,0.0,0.0,0.0,0.0
458,"Duvall, Adam",MIA,0.0,0.0,0.0,57.0,17.0,7.0,0.0,0.0,0.0
459,"Anderson, Brian",MIA,0.0,0.0,3.0,3.0,49.0,8.0,0.0,0.0,0.0
460,"Chisholm Jr., Jazz",MIA,64.0,33.0,2.0,1.0,2.0,14.0,3.0,0.0,1.0
461,"Alfaro, Jorge",MIA,0.0,0.0,4.0,5.0,5.0,24.0,30.0,8.0,0.0
462,"Rojas, Miguel",MIA,72.0,20.0,0.0,0.0,19.0,4.0,6.0,3.0,2.0
463,"Alcantara, Sandy",MIA,0.0,0.0,0.0,0.0,0.0,0.0,0.0,0.0,28.0
464,"Cooper, Garrett",MIA,0.0,2.0,26.0,20.0,1.0,5.0,1.0,0.0,0.0
465,"López, Pablo",MIA,0.0,0.0,0.0,0.0,0.0,0.0,0.0,2.0,14.0
466,"Brinson, Lewis",MIA,0.0,0.0,7.0,20.0,21.0,11.0,8.0,2.0,0.0
467,"Berti, Jon",MIA,3.0,3.0,0.0,0.0,3.0,11.0,10.0,31.0,2.0
468,"Wallach, Chad",MIA,0.0,0.0,0.0,0.0,0.0,0.0,6.0,12.0,0.0
469,"Hernandez, Elieser",MIA,0.0,0.0,0.0,0.0,0.0,0.0,0.0,0.0,11.0
470,"Rogers, Trevor",MIA,0.0,0.0,0.0,0.0,0.0,0.0,0.0,0.0,24.0
471,"Neidert, Nick",MIA,0.0,0.0,0.0,0.0,0.0,0.0,0.0,0.0,7.0
472,"Sánchez, Jesús",MIA,0.0,0.0,8.0,29.0,5.0,19.0,0.0,0.0,0.0
473,"De La Cruz, Bryan",MIA,0.0,7.0,15.0,1.0,2.0,4.0,10.0,15.0,0.0
474,"Castano, Daniel",MIA,0.0,0.0,0.0,0.0,0.0,0.0,0.0,0.0,4.0
475,"León, Sandy",MIA,0.0,0.0,0.0,0.0,0.0,4.0,30.0,14.0,1.0
476,"Sierra, Magneuris",MIA,5.0,1.0,0.0,0.0,0.0,0.0,5.0,29.0,4.0
477,"Devers, José",MIA,2.0,0.0,0.0,0.0,0.0,0.0,4.0,1.0,4.0
478,"Detwiler, Ross",MIA,0.0,0.0,0.0,0.0,0.0,0.0,0.0,0.0,3.0
479,"Díaz, Isan",MIA,2.0,11.0,2.0,0.0,5.0,16.0,16.0,9.0,3.0
480,"Campbell, Paul",MIA,0.0,0.0,0.0,0.0,0.0,0.0,0.0,1.0,0.0
481,"Harrison, Monte",MIA,0.0,0.0,0.0,0.0,0.0,0.0,0.0,2.0,0.0
482,"Holloway, Jordan",MIA,0.0,0.0,0.0,0.0,0.0,0.0,0.0,0.0,5.0
483,"Poteet, Cody",MIA,0.0,0.0,0.0,0.0,0.0,0.0,0.0,0.0,5.0
484,"Pop, Zach",MIA,0.0,0.0,0.0,0.0,0.0,0.0,0.0,0.0,1.0
485,"Díaz, Lewin",MIA,0.0,1.0,1.0,3.0,13.0,12.0,0.0,0.0,0.0
486,"Marté, Luis",MIA,0.0,0.0,0.0,0.0,0.0,0.0,0.0,1.0,1.0
487,"Garrett, Braxton",MIA,0.0,0.0,0.0,0.0,0.0,0.0,0.0,0.0,7.0
488,"Thompson, Zach",MIA,0.0,0.0,0.0,0.0,0.0,0.0,0.0,0.0,12.0
489,"Marrero, Deven",MIA,0.0,0.0,0.0,0.0,0.0,1.0,0.0,3.0,0.0
490,"Panik, Joe",MIA,0.0,0.0,0.0,0.0,2.0,14.0,6.0,4.0,0.0
491,"Morimando, Shawn",MIA,0.0,0.0,0.0,0.0,0.0,0.0,0.0,0.0,1.0
492,"Hess, David",MIA,0.0,0.0,0.0,0.0,0.0,0.0,0.0,0.0,2.0
493,"Miller, Brian",MIA,1.0,0.0,0.0,0.0,0.0,0.0,0.0,2.0,0.0
494,"Jackson, Alex",MIA,0.0,0.0,0.0,0.0,0.0,3.0,17.0,8.0,1.0
495,"Luzardo, Jesús",MIA,0.0,0.0,0.0,0.0,0.0,0.0,0.0,0.0,11.0
496,"Cabrera, Edward",MIA,0.0,0.0,0.0,0.0,0.0,0.0,0.0,0.0,6.0
497,"Alvarez, Eddy",MIA,0.0,1.0,0.0,0.0,1.0,1.0,3.0,14.0,0.0
498,"Henry, Payton",MIA,0.0,0.0,0.0,0.0,0.0,1.0,2.0,1.0,1.0
499,"Fortes, Nick",MIA,0.0,0.0,0.0,0.0,1.0,2.0,4.0,0.0,0.0
500,"Okert, Steven",MIA,0.0,0.0,0.0,0.0,0.0,0.0,0.0,0.0,1.0
501,"Pillar, Kevin",NYM,6.0,0.0,0.0,2.0,11.0,22.0,35.0,5.0,1.0
502,"Lindor, Francisco",NYM,4.0,107.0,11.0,0.0,0.0,0.0,0.0,0.0,0.0
503,"Conforto, Michael",NYM,0.0,3.0,41.0,13.0,28.0,28.0,2.0,0.0,0.0
504,"Alonso, Pete",NYM,0.0,30.0,34.0,87.0,0.0,0.0,0.0,0.0,0.0
505,"Davis, J.D.",NYM,0.0,0.0,1.0,16.0,14.0,13.0,4.0,1.0,0.0
506,"McNeil, Jeff",NYM,20.0,13.0,13.0,0.0,17.0,17.0,16.0,5.0,1.0
507,"McCann, James",NYM,0.0,0.0,11.0,1.0,19.0,14.0,16.0,40.0,2.0
508,"Nimmo, Brandon",NYM,76.0,8.0,0.0,0.0,0.0,0.0,0.0,1.0,0.0
509,"deGrom, Jacob",NYM,0.0,0.0,0.0,0.0,0.0,0.0,0.0,3.0,12.0
510,"Smith, Dominic",NYM,0.0,1.0,36.0,34.0,30.0,9.0,5.0,1.0,0.0
511,"Stroman, Marcus",NYM,0.0,0.0,0.0,0.0,0.0,0.0,0.0,0.0,26.0
512,"Villar, Jonathan",NYM,50.0,0.0,0.0,0.0,3.0,24.0,36.0,4.0,1.0
513,"Guillorme, Luis",NYM,3.0,0.0,0.0,0.0,0.0,3.0,5.0,23.0,1.0
514,"Peterson, David",NYM,0.0,0.0,0.0,0.0,0.0,0.0,0.0,1.0,11.0
515,"Walker, Taijuan",NYM,0.0,0.0,0.0,0.0,0.0,0.0,0.0,1.0,25.0
516,"Mazeika, Patrick",NYM,0.0,0.0,0.0,0.0,0.0,1.0,1.0,16.0,3.0
517,"Nido, Tomás",NYM,0.0,0.0,0.0,0.0,7.0,3.0,10.0,21.0,2.0
518,"Lucchesi, Joey",NYM,0.0,0.0,0.0,0.0,0.0,0.0,0.0,1.0,8.0
519,"Almora Jr., Albert",NYM,0.0,0.0,0.0,0.0,0.0,0.0,3.0,8.0,0.0
520,"Peraza, José",NYM,1.0,0.0,0.0,0.0,0.0,6.0,14.0,8.0,8.0
521,"Gsellman, Robert",NYM,0.0,0.0,0.0,0.0,0.0,0.0,0.0,0.0,2.0
522,"Fargas, Johneshwy",NYM,0.0,0.0,0.0,0.0,0.0,1.0,2.0,2.0,2.0
523,"Lee, Khalil",NYM,0.0,0.0,0.0,0.0,0.0,0.0,1.0,3.0,0.0
524,"Hunter, Tommy",NYM,0.0,0.0,0.0,0.0,0.0,0.0,0.0,1.0,0.0
525,"Maybin, Cameron",NYM,0.0,0.0,3.0,0.0,1.0,0.0,1.0,4.0,0.0
526,"Drury, Brandon",NYM,0.0,0.0,2.0,0.0,3.0,6.0,3.0,3.0,0.0
527,"Tovar, Wilfredo",NYM,0.0,0.0,0.0,0.0,0.0,1.0,0.0,0.0,0.0
528,"Yamamoto, Jordan",NYM,0.0,0.0,0.0,0.0,0.0,0.0,0.0,0.0,1.0
529,"McKinney, Billy",NYM,2.0,0.0,2.0,1.0,7.0,8.0,2.0,2.0,2.0
530,"Williams, Mason",NYM,0.0,0.0,0.0,0.0,0.0,0.0,4.0,6.0,0.0
531,"Blankenhorn, Travis",NYM,0.0,0.0,0.0,0.0,0.0,0.0,1.0,0.0,2.0
532,"Eickhoff, Jerad",NYM,0.0,0.0,0.0,0.0,0.0,0.0,0.0,0.0,4.0
533,"Megill, Tylor",NYM,0.0,0.0,0.0,0.0,0.0,0.0,0.0,0.0,18.0
534,"Stock, Robert",NYM,0.0,0.0,0.0,0.0,0.0,0.0,0.0,0.0,2.0
535,"Smith, Drew",NYM,0.0,0.0,0.0,0.0,0.0,0.0,0.0,0.0,1.0
536,"Hill, Rich",NYM,0.0,0.0,0.0,0.0,0.0,0.0,0.0,0.0,12.0
537,"Carrasco, Carlos",NYM,0.0,0.0,0.0,0.0,0.0,0.0,0.0,0.0,11.0
538,"Báez, Javier",NYM,0.0,0.0,8.0,8.0,22.0,6.0,1.0,0.0,0.0
539,"Williams, Trevor",NYM,0.0,0.0,0.0,0.0,0.0,0.0,0.0,0.0,4.0
540,"Sisco, Chance",NYM,0.0,0.0,0.0,0.0,0.0,0.0,0.0,2.0,0.0
541,"Robles, Victor",WSH,27.0,0.0,0.0,0.0,0.0,1.0,3.0,42.0,19.0
542,"Turner, Trea",WSH,43.0,47.0,6.0,0.0,0.0,0.0,0.0,0.0,1.0
543,"Soto, Juan",WSH,1.0,29.0,116.0,0.0,0.0,0.0,0.0,0.0,0.0
544,"Zimmerman, Ryan",WSH,0.0,0.0,14.0,26.0,8.0,0.0,0.0,0.0,0.0
545,"Castro, Starlin",WSH,0.0,0.0,1.0,8.0,34.0,29.0,10.0,3.0,0.0
546,"Pérez, Hernán",WSH,0.0,0.0,0.0,0.0,0.0,3.0,0.0,2.0,0.0
547,"Stevenson, Andrew",WSH,7.0,1.0,0.0,0.0,1.0,7.0,4.0,13.0,5.0
548,"Lucroy, Jonathan",WSH,0.0,0.0,0.0,0.0,0.0,0.0,0.0,4.0,0.0
549,"Scherzer, Max",WSH,0.0,0.0,0.0,0.0,0.0,0.0,0.0,3.0,12.0
550,"Fedde, Erick",WSH,0.0,0.0,0.0,0.0,0.0,0.0,0.0,2.0,23.0
551,"García, Luis",WSH,0.0,0.0,0.0,0.0,7.0,9.0,21.0,25.0,0.0
552,"Barrera, Tres",WSH,0.0,0.0,0.0,0.0,0.0,3.0,9.0,15.0,0.0
553,"Strasburg, Stephen",WSH,0.0,0.0,0.0,0.0,0.0,0.0,0.0,2.0,3.0
554,"Ross, Joe",WSH,0.0,0.0,0.0,0.0,0.0,0.0,1.0,2.0,15.0
555,"Mercer, Jordy",WSH,0.0,0.0,0.0,0.0,1.0,6.0,14.0,6.0,2.0
556,"Gomes, Yan",WSH,0.0,0.0,0.0,0.0,16.0,14.0,27.0,2.0,0.0
557,"Corbin, Patrick",WSH,0.0,0.0,0.0,0.0,0.0,0.0,0.0,4.0,24.0
558,"Hernandez, Yadiel",WSH,0.0,5.0,4.0,2.0,34.0,7.0,2.0,2.0,0.0
559,"Bell, Josh",WSH,0.0,0.0,19.0,98.0,5.0,4.0,1.0,0.0,0.0
560,"Schwarber, Kyle",WSH,21.0,0.0,0.0,26.0,16.0,9.0,1.0,0.0,0.0
561,"Harrison, Josh",WSH,4.0,23.0,2.0,2.0,23.0,18.0,11.0,1.0,0.0
562,"Avila, Alex",WSH,0.0,0.0,0.0,0.0,0.0,4.0,19.0,5.0,0.0
563,"Espino, Paolo",WSH,0.0,0.0,0.0,0.0,0.0,0.0,0.0,0.0,20.0
564,"Lester, Jon",WSH,0.0,0.0,0.0,0.0,0.0,0.0,0.0,3.0,11.0
565,"Voth, Austin",WSH,0.0,0.0,0.0,0.0,0.0,0.0,0.0,0.0,1.0
566,"Rodriguez, Jefry",WSH,0.0,0.0,0.0,0.0,0.0,0.0,0.0,0.0,1.0
567,"Parra, Gerardo",WSH,0.0,0.0,0.0,0.0,1.0,5.0,8.0,3.0,0.0
568,"Arteaga, Humberto",WSH,0.0,0.0,0.0,0.0,0.0,0.0,0.0,1.0,0.0
569,"Escobar, Alcides",WSH,20.0,53.0,0.0,0.0,0.0,1.0,1.0,0.0,1.0
570,"Rivera, René",WSH,0.0,0.0,0.0,0.0,0.0,0.0,2.0,2.0,0.0
571,"Kieboom, Carter",WSH,0.0,1.0,0.0,0.0,12.0,27.0,12.0,6.0,0.0
572,"Sanchez, Adrián",WSH,0.0,2.0,0.0,0.0,0.0,0.0,2.0,4.0,0.0
573,"Gray, Josiah",WSH,0.0,0.0,0.0,0.0,0.0,0.0,0.0,0.0,12.0
574,"Adams, Riley",WSH,0.0,0.0,0.0,0.0,0.0,3.0,8.0,9.0,1.0
575,"Thomas, Lane",WSH,39.0,1.0,0.0,0.0,0.0,2.0,0.0,0.0,1.0
576,"Nolin, Sean",WSH,0.0,0.0,0.0,0.0,0.0,0.0,0.0,0.0,3.0
577,"Ruiz, Keibert",WSH,0.0,0.0,0.0,0.0,4.0,10.0,6.0,0.0,0.0
578,"Rogers, Josh",WSH,0.0,0.0,0.0,0.0,0.0,0.0,0.0,0.0,6.0
579,"Murphy, Patrick",WSH,0.0,0.0,0.0,0.0,0.0,0.0,0.0,0.0,1.0
580,"Adon, Joan",WSH,0.0,0.0,0.0,0.0,0.0,0.0,0.0,1.0,0.0
581,"Mullins, Cedric",BAL,149.0,0.0,0.0,0.0,0.0,0.0,0.0,0.0,0.0
582,"Mancini, Trey",BAL,0.0,46.0,71.0,23.0,3.0,0.0,0.0,0.0,0.0
583,"Santander, Anthony",BAL,0.0,8.0,42.0,36.0,12.0,5.0,1.0,0.0,0.0
584,"Mountcastle, Ryan",BAL,0.0,39.0,15.0,45.0,14.0,18.0,10.0,0.0,0.0
585,"Ruiz, Rio",BAL,0.0,0.0,0.0,0.0,5.0,3.0,9.0,5.0,2.0
586,"Hays, Austin",BAL,8.0,49.0,22.0,9.0,22.0,7.0,0.0,2.0,0.0
587,"Franco, Maikel",BAL,0.0,0.0,2.0,17.0,17.0,18.0,33.0,12.0,1.0
588,"Galvis, Freddy",BAL,0.0,13.0,2.0,7.0,7.0,16.0,13.0,8.0,5.0
589,"Severino, Pedro",BAL,0.0,0.0,1.0,9.0,25.0,23.0,22.0,17.0,9.0
590,"Sisco, Chance",BAL,0.0,0.0,0.0,0.0,0.0,1.0,0.0,12.0,7.0
591,"Valaika, Pat",BAL,0.0,0.0,0.0,0.0,0.0,6.0,14.0,25.0,27.0
592,"Urías, Ramón",BAL,0.0,5.0,0.0,0.0,21.0,22.0,7.0,9.0,10.0
593,"McKenna, Ryan",BAL,4.0,0.0,0.0,0.0,7.0,13.0,9.0,5.0,12.0
594,"Stewart, DJ",BAL,1.0,2.0,7.0,16.0,27.0,16.0,4.0,4.0,0.0
595,"Harvey, Matt",BAL,0.0,0.0,0.0,0.0,0.0,0.0,0.0,0.0,3.0
596,"Zimmermann, Bruce",BAL,0.0,0.0,0.0,0.0,0.0,0.0,0.0,0.0,2.0
597,"Means, John",BAL,0.0,0.0,0.0,0.0,0.0,0.0,0.0,0.0,2.0
598,"Wilkerson, Stevie",BAL,0.0,0.0,0.0,0.0,0.0,2.0,4.0,11.0,2.0
599,"López, Jorge",BAL,0.0,0.0,0.0,0.0,0.0,0.0,0.0,0.0,1.0
600,"Nevin, Tyler",BAL,0.0,0.0,0.0,0.0,0.0,0.0,4.0,1.0,0.0
601,"Wynns, Austin",BAL,0.0,0.0,0.0,0.0,0.0,0.0,0.0,8.0,30.0
602,"Leyba, Domingo",BAL,0.0,0.0,0.0,0.0,0.0,3.0,8.0,3.0,5.0
603,"Gutierrez, Kelvin",BAL,0.0,0.0,0.0,0.0,1.0,3.0,2.0,18.0,16.0
604,"Martin, Richie",BAL,0.0,0.0,0.0,0.0,0.0,0.0,4.0,4.0,19.0
605,"Mateo, Jorge",BAL,0.0,0.0,0.0,0.0,1.0,4.0,13.0,8.0,4.0
606,"Jones, Jahmai",BAL,0.0,0.0,0.0,0.0,0.0,2.0,5.0,9.0,3.0
607,"Akin, Keegan",BAL,0.0,0.0,0.0,0.0,0.0,0.0,0.0,0.0,1.0
608,"Ciuffo, Nick",BAL,0.0,0.0,0.0,0.0,0.0,0.0,0.0,1.0,1.0
609,"Pham, Tommy",SD,63.0,3.0,1.0,14.0,20.0,11.0,10.0,0.0,1.0
610,"Tatis Jr., Fernando",SD,24.0,64.0,5.0,32.0,0.0,0.0,0.0,0.0,2.0
611,"Machado, Manny",SD,0.0,24.0,84.0,39.0,0.0,0.0,0.0,0.0,0.0
612,"Hosmer, Eric",SD,0.0,0.0,1.0,38.0,56.0,36.0,0.0,0.0,0.0
613,"Myers, Wil",SD,0.0,1.0,1.0,8.0,41.0,45.0,22.0,0.0,0.0
614,"Cronenworth, Jake",SD,4.0,25.0,64.0,25.0,6.0,17.0,4.0,0.0,0.0
615,"Profar, Jurickson",SD,8.0,14.0,1.0,1.0,6.0,18.0,29.0,11.0,1.0
616,"Caratini, Victor",SD,0.0,0.0,0.0,0.0,0.0,0.0,11.0,71.0,2.0
617,"Darvish, Yu",SD,0.0,0.0,0.0,0.0,0.0,0.0,0.0,1.0,27.0
618,"Campusano, Luis",SD,0.0,0.0,0.0,0.0,1.0,0.0,3.0,5.0,0.0
619,"Snell, Blake",SD,0.0,0.0,0.0,0.0,0.0,0.0,0.0,1.0,22.0
620,"Kim, Ha-Seong",SD,0.0,0.0,0.0,0.0,0.0,9.0,28.0,22.0,3.0
621,"Mateo, Jorge",SD,0.0,1.0,0.0,0.0,1.0,0.0,2.0,4.0,3.0
622,"Musgrove, Joe",SD,0.0,0.0,0.0,0.0,0.0,0.0,0.0,0.0,30.0
623,"Paddack, Chris",SD,0.0,0.0,0.0,0.0,0.0,0.0,0.0,1.0,21.0
624,"Morejon, Adrian",SD,0.0,0.0,0.0,0.0,0.0,0.0,0.0,0.0,1.0
625,"Grisham, Trent",SD,52.0,13.0,4.0,0.0,11.0,9.0,14.0,15.0,2.0
626,"Marcano, Tucupita",SD,0.0,0.0,0.0,0.0,1.0,3.0,5.0,0.0,1.0
627,"Weathers, Ryan",SD,0.0,0.0,0.0,0.0,0.0,0.0,0.0,1.0,17.0
628,"Stammen, Craig",SD,0.0,0.0,0.0,0.0,0.0,0.0,0.0,0.0,4.0
629,"Ramirez, Nick",SD,0.0,0.0,0.0,0.0,0.0,0.0,0.0,0.0,1.0
630,"Nola, Austin",SD,0.0,0.0,0.0,1.0,17.0,7.0,18.0,4.0,0.0
631,"Kivlehan, Patrick",SD,0.0,0.0,0.0,0.0,0.0,0.0,0.0,2.0,0.0
632,"O'Grady, Brian",SD,0.0,0.0,0.0,0.0,2.0,2.0,5.0,0.0,1.0
633,"Rivas, Webster",SD,0.0,0.0,0.0,0.0,0.0,0.0,2.0,18.0,0.0
634,"Lamet, Dinelson",SD,0.0,0.0,0.0,0.0,0.0,0.0,0.0,0.0,4.0
635,"Knehr, Reiss",SD,0.0,0.0,0.0,0.0,0.0,0.0,0.0,1.0,5.0
636,"Frazier, Adam",SD,11.0,17.0,1.0,4.0,0.0,5.0,5.0,4.0,0.0
637,"Marisnick, Jake",SD,0.0,0.0,0.0,0.0,0.0,0.0,4.0,1.0,5.0
638,"Arrieta, Jake",SD,0.0,0.0,0.0,0.0,0.0,0.0,0.0,0.0,3.0
639,"Pagán, Emilio",SD,0.0,0.0,0.0,0.0,0.0,0.0,0.0,0.0,1.0
640,"Crismatt, Nabil",SD,0.0,0.0,0.0,0.0,0.0,0.0,0.0,0.0,1.0
641,"Velasquez, Vince",SD,0.0,0.0,0.0,0.0,0.0,0.0,0.0,0.0,3.0
642,"Avila, Pedro",SD,0.0,0.0,0.0,0.0,0.0,0.0,0.0,0.0,1.0
643,"McCutchen, Andrew",PHI,43.0,1.0,2.0,36.0,28.0,22.0,0.0,0.0,1.0
644,"Hoskins, Rhys",PHI,0.0,36.0,15.0,21.0,20.0,7.0,1.0,0.0,0.0
645,"Harper, Bryce",PHI,0.0,0.0,126.0,14.0,0.0,0.0,0.0,0.0,0.0
646,"Realmuto, J.T.",PHI,2.0,28.0,15.0,70.0,6.0,0.0,0.0,0.0,0.0
647,"Bohm, Alec",PHI,0.0,4.0,0.0,6.0,39.0,30.0,19.0,3.0,0.0
648,"Gregorius, Didi",PHI,0.0,0.0,0.0,9.0,33.0,34.0,22.0,0.0,0.0
649,"Segura, Jean",PHI,34.0,75.0,2.0,0.0,0.0,7.0,9.0,0.0,1.0
650,"Haseley, Adam",PHI,0.0,0.0,0.0,0.0,0.0,0.0,0.0,7.0,0.0
651,"Nola, Aaron",PHI,0.0,0.0,0.0,0.0,0.0,0.0,0.0,0.0,30.0
652,"Quinn, Roman",PHI,1.0,0.0,0.0,0.0,0.0,0.0,2.0,11.0,0.0
653,"Wheeler, Zack",PHI,0.0,0.0,0.0,0.0,0.0,0.0,0.0,0.0,32.0
654,"Knapp, Andrew",PHI,0.0,1.0,0.0,0.0,0.0,3.0,16.0,16.0,2.0
655,"Eflin, Zach",PHI,0.0,0.0,0.0,0.0,0.0,0.0,0.0,1.0,16.0
656,"Moore, Matt",PHI,0.0,0.0,0.0,0.0,0.0,0.0,0.0,0.0,12.0
657,"Joyce, Matt",PHI,4.0,2.0,0.0,0.0,0.0,2.0,1.0,0.0,0.0
658,"Miller, Brad",PHI,3.0,9.0,2.0,5.0,30.0,14.0,16.0,0.0,0.0
659,"Anderson, Chase",PHI,0.0,0.0,0.0,0.0,0.0,0.0,0.0,0.0,8.0
660,"Torreyes, Ronald",PHI,0.0,1.0,0.0,0.0,0.0,6.0,37.0,36.0,1.0
661,"Moniak, Mickey",PHI,0.0,0.0,0.0,0.0,0.0,0.0,2.0,4.0,0.0
662,"Maton, Nick",PHI,0.0,0.0,0.0,0.0,0.0,4.0,10.0,14.0,3.0
663,"Velasquez, Vince",PHI,0.0,0.0,0.0,0.0,0.0,0.0,0.0,0.0,14.0
664,"Herrera, Odúbel",PHI,63.0,3.0,0.0,1.0,2.0,8.0,10.0,20.0,4.0
665,"Kingery, Scott",PHI,0.0,0.0,0.0,0.0,0.0,1.0,0.0,1.0,0.0
666,"Marchan, Rafael",PHI,0.0,0.0,0.0,0.0,0.0,1.0,0.0,12.0,0.0
667,"Howard, Spencer",PHI,0.0,0.0,0.0,0.0,0.0,0.0,0.0,0.0,5.0
668,"Suárez, Ranger",PHI,0.0,0.0,0.0,0.0,0.0,0.0,0.0,0.0,12.0
669,"Williams, Luke",PHI,2.0,0.0,0.0,0.0,0.0,5.0,7.0,9.0,0.0
670,"Vierling, Matt",PHI,3.0,0.0,0.0,0.0,1.0,5.0,2.0,4.0,0.0
671,"Jankowski, Travis",PHI,4.0,2.0,0.0,0.0,1.0,2.0,3.0,12.0,6.0
672,"Gibson, Kyle",PHI,0.0,0.0,0.0,0.0,0.0,0.0,0.0,3.0,9.0
673,"Hammer, JD",PHI,0.0,0.0,0.0,0.0,0.0,0.0,0.0,0.0,1.0
674,"Bonifacio, Jorge",PHI,0.0,0.0,0.0,0.0,2.0,1.0,0.0,0.0,0.0
675,"Galvis, Freddy",PHI,3.0,0.0,0.0,0.0,0.0,10.0,5.0,9.0,0.0
676,"Falter, Bailey",PHI,0.0,0.0,0.0,0.0,0.0,0.0,0.0,0.0,2.0
677,"Rosso, Ramón",PHI,0.0,0.0,0.0,0.0,0.0,0.0,0.0,0.0,1.0
678,"Medina, Adonis",PHI,0.0,0.0,0.0,0.0,0.0,0.0,0.0,0.0,1.0
679,"Crouse, Hans",PHI,0.0,0.0,0.0,0.0,0.0,0.0,0.0,0.0,1.0
680,"Frazier, Adam",PIT,91.0,0.0,0.0,0.0,0.0,0.0,2.0,0.0,2.0
681,"Hayes, Ke'Bryan",PIT,18.0,69.0,1.0,1.0,0.0,0.0,0.0,0.0,0.0
682,"Reynolds, Bryan",PIT,0.0,7.0,142.0,0.0,0.0,0.0,0.0,0.0,0.0
683,"Moran, Colin",PIT,0.0,1.0,3.0,81.0,0.0,0.0,0.0,0.0,0.0
684,"Newman, Kevin",PIT,11.0,31.0,0.0,0.0,5.0,16.0,33.0,33.0,6.0
685,"Polanco, Gregory",PIT,0.0,0.0,1.0,17.0,19.0,42.0,12.0,0.0,0.0
686,"Stallings, Jacob",PIT,0.0,0.0,2.0,23.0,46.0,14.0,15.0,3.0,0.0
687,"Alford, Anthony",PIT,0.0,0.0,0.0,1.0,8.0,6.0,8.0,10.0,0.0
688,"Kuhl, Chad",PIT,0.0,0.0,0.0,0.0,0.0,0.0,0.0,0.0,13.0
689,"Fowler, Dustin",PIT,0.0,0.0,0.0,0.0,0.0,0.0,5.0,7.0,0.0
690,"Anderson, Tyler",PIT,0.0,0.0,0.0,0.0,0.0,0.0,0.0,0.0,17.0
691,"Evans, Phillip",PIT,1.0,18.0,4.0,4.0,12.0,4.0,5.0,5.0,0.0
692,"Perez, Michael",PIT,0.0,0.0,0.0,0.0,0.0,5.0,18.0,32.0,1.0
693,"Keller, Mitch",PIT,0.0,0.0,0.0,0.0,0.0,0.0,0.0,0.0,19.0
694,"González, Erik",PIT,1.0,1.0,2.0,1.0,21.0,13.0,9.0,4.0,1.0
695,"Brubaker, JT",PIT,0.0,0.0,0.0,0.0,0.0,0.0,0.0,1.0,22.0
696,"Cahill, Trevor",PIT,0.0,0.0,0.0,0.0,0.0,0.0,0.0,1.0,6.0
697,"Difo, Wilmer",PIT,1.0,6.0,0.0,0.0,3.0,17.0,9.0,3.0,0.0
698,"Castro, Rodolfo",PIT,0.0,2.0,0.0,0.0,3.0,6.0,9.0,3.0,0.0
699,"Frazier, Todd",PIT,0.0,0.0,0.0,2.0,0.0,3.0,3.0,0.0,0.0
700,"Poppen, Sean",PIT,0.0,0.0,0.0,0.0,0.0,0.0,0.0,0.0,1.0
701,"Tom, Ka'ai",PIT,1.0,1.0,2.0,0.0,0.0,5.0,7.0,14.0,0.0
702,"Crowe, Wil",PIT,0.0,0.0,0.0,0.0,0.0,0.0,0.0,1.0,23.0
703,"Owen, Hunter",PIT,0.0,0.0,0.0,0.0,0.0,0.0,1.0,0.0,0.0
704,"Stokes Jr., Troy",PIT,0.0,0.0,0.0,0.0,0.0,0.0,1.0,3.0,0.0
705,"Gamel, Ben",PIT,12.0,6.0,3.0,14.0,18.0,16.0,11.0,5.0,0.0
706,"Craig, Will",PIT,0.0,0.0,0.0,2.0,5.0,5.0,2.0,2.0,0.0
707,"Yajure, Miguel",PIT,0.0,0.0,0.0,0.0,0.0,0.0,0.0,0.0,2.0
708,"Vargas, Ildemaro",PIT,0.0,0.0,0.0,0.0,0.0,1.0,0.0,1.0,0.0
709,"Tucker, Cole",PIT,9.0,1.0,0.0,0.0,0.0,5.0,8.0,3.0,2.0
710,"Ponce, Cody",PIT,0.0,0.0,0.0,0.0,0.0,0.0,0.0,0.0,3.0
711,"Underwood Jr., Duane",PIT,0.0,0.0,0.0,0.0,0.0,0.0,0.0,0.0,2.0
712,"De Jong, Chase",PIT,0.0,0.0,0.0,0.0,0.0,0.0,0.0,0.0,10.0
713,"Stratton, Chris",PIT,0.0,0.0,0.0,0.0,0.0,0.0,0.0,0.0,1.0
714,"Kranick, Max",PIT,0.0,0.0,0.0,0.0,0.0,0.0,0.0,0.0,8.0
715,"Oliva, Jared",PIT,0.0,0.0,0.0,0.0,0.0,0.0,0.0,8.0,0.0
716,"Nogowski, John",PIT,0.0,0.0,0.0,8.0,19.0,0.0,1.0,0.0,0.0
717,"Park, Hoy",PIT,12.0,0.0,0.0,0.0,0.0,0.0,1.0,20.0,1.0
718,"Wilson, Bryse",PIT,0.0,0.0,0.0,0.0,0.0,0.0,0.0,0.0,7.0
719,"Brault, Steven",PIT,0.0,0.0,0.0,0.0,0.0,0.0,0.0,0.0,6.0
720,"Peters, Dillon",PIT,0.0,0.0,0.0,0.0,0.0,0.0,0.0,0.0,6.0
721,"Tsutsugo, Yoshi",PIT,1.0,18.0,0.0,8.0,1.0,4.0,0.0,0.0,0.0
722,"Chavis, Michael",PIT,4.0,1.0,2.0,0.0,2.0,0.0,1.0,0.0,1.0
723,"Overton, Connor",PIT,0.0,0.0,0.0,0.0,0.0,0.0,0.0,0.0,1.0
724,"Davis, Taylor",PIT,0.0,0.0,0.0,0.0,0.0,0.0,0.0,2.0,0.0
725,"Anderson, Tanner",PIT,0.0,0.0,0.0,0.0,0.0,0.0,0.0,0.0,1.0
726,"Cruz, Oneil",PIT,0.0,0.0,0.0,0.0,0.0,0.0,1.0,1.0,0.0
727,"Kiner-Falefa, Isiah",TEX,86.0,46.0,0.0,0.0,0.0,2.0,18.0,3.0,1.0
728,"Dahl, David",TEX,0.0,12.0,0.0,0.0,4.0,23.0,14.0,2.0,0.0
729,"Gallo, Joey",TEX,0.0,0.0,27.0,54.0,14.0,0.0,0.0,0.0,0.0
730,"Solak, Nick",TEX,0.0,33.0,0.0,5.0,24.0,32.0,16.0,11.0,4.0
731,"Lowe, Nathaniel",TEX,0.0,24.0,33.0,53.0,32.0,8.0,1.0,0.0,0.0
732,"Holt, Brock",TEX,10.0,5.0,0.0,0.0,1.0,3.0,18.0,19.0,6.0
733,"White, Eli",TEX,3.0,11.0,0.0,0.0,2.0,10.0,10.0,11.0,10.0
734,"Taveras, Leody",TEX,17.0,0.0,0.0,0.0,0.0,0.0,1.0,8.0,20.0
735,"Trevino, Jose",TEX,0.0,1.0,0.0,1.0,1.0,11.0,9.0,16.0,41.0
736,"Culberson, Charlie",TEX,0.0,4.0,0.0,0.0,0.0,7.0,21.0,26.0,17.0
737,"Guzmán, Ronald",TEX,0.0,0.0,0.0,0.0,0.0,4.0,0.0,0.0,0.0
738,"Heim, Jonah",TEX,0.0,0.0,0.0,3.0,14.0,15.0,9.0,17.0,17.0
739,"Tejeda, Anderson",TEX,0.0,1.0,0.0,0.0,0.0,0.0,0.0,3.0,1.0
740,"García, Adolis",TEX,0.0,2.0,97.0,27.0,18.0,1.0,0.0,2.0,0.0
741,"Calhoun, Willie",TEX,32.0,6.0,0.0,1.0,2.0,12.0,11.0,2.0,1.0
742,"Ibáñez, Andy",TEX,0.0,9.0,3.0,2.0,24.0,9.0,2.0,11.0,5.0
743,"Davis, Khris",TEX,0.0,0.0,2.0,0.0,3.0,8.0,0.0,0.0,0.0
744,"Gibson, Kyle",TEX,0.0,0.0,0.0,0.0,0.0,0.0,0.0,0.0,1.0
745,"Lyles, Jordan",TEX,0.0,0.0,0.0,0.0,0.0,0.0,0.0,0.0,2.0
746,"Martin, Jason",TEX,0.0,1.0,0.0,0.0,0.0,5.0,11.0,13.0,7.0
747,"Dunning, Dane",TEX,0.0,0.0,0.0,0.0,0.0,0.0,0.0,0.0,2.0
748,"Foltynewicz, Mike",TEX,0.0,0.0,0.0,0.0,0.0,0.0,0.0,0.0,2.0
749,"Allard, Kolby",TEX,0.0,0.0,0.0,0.0,0.0,0.0,0.0,0.0,1.0
750,"Hicks, John",TEX,0.0,0.0,0.0,0.0,6.0,0.0,0.0,2.0,0.0
751,"Terry, Curtis",TEX,0.0,0.0,0.0,0.0,1.0,1.0,5.0,2.0,4.0
752,"Peters, DJ",TEX,0.0,0.0,0.0,16.0,15.0,8.0,8.0,3.0,0.0
753,"Hernandez, Yonny",TEX,14.0,7.0,0.0,0.0,0.0,0.0,3.0,1.0,16.0
754,"Pozo, Yohel",TEX,0.0,0.0,0.0,0.0,1.0,3.0,5.0,10.0,1.0
755,"Dorow, Ryan",TEX,0.0,0.0,0.0,0.0,0.0,0.0,0.0,0.0,2.0
756,"Arihara, Kohei",TEX,0.0,0.0,0.0,0.0,0.0,0.0,0.0,0.0,1.0
757,"Tsutsugo, Yoshi",TB,7.0,1.0,0.0,0.0,0.0,2.0,7.0,2.0,1.0
758,"Meadows, Austin",TB,9.0,26.0,30.0,54.0,8.0,0.0,3.0,1.0,0.0
759,"Arozarena, Randy",TB,50.0,29.0,17.0,15.0,15.0,8.0,1.0,0.0,0.0
760,"Lowe, Brandon",TB,60.0,7.0,11.0,21.0,17.0,11.0,5.0,2.0,0.0
761,"Díaz, Yandy",TB,15.0,14.0,12.0,40.0,29.0,8.0,5.0,0.0,0.0
762,"Kiermaier, Kevin",TB,2.0,0.0,0.0,0.0,4.0,10.0,19.0,28.0,38.0
763,"Adames, Willy",TB,0.0,0.0,0.0,0.0,0.0,7.0,6.0,17.0,7.0
764,"Zunino, Mike",TB,0.0,0.0,0.0,0.0,0.0,9.0,31.0,32.0,25.0
765,"Glasnow, Tyler",TB,0.0,0.0,0.0,0.0,0.0,0.0,0.0,0.0,1.0
766,"Wendle, Joey",TB,0.0,1.0,9.0,2.0,29.0,39.0,27.0,5.0,5.0
767,"Margot, Manuel",TB,15.0,14.0,5.0,10.0,19.0,20.0,18.0,2.0,1.0
768,"Mejía, Francisco",TB,0.0,0.0,1.0,0.0,0.0,11.0,14.0,30.0,12.0
769,"Yarbrough, Ryan",TB,0.0,0.0,0.0,0.0,0.0,0.0,0.0,0.0,2.0
770,"Brosseau, Mike",TB,0.0,1.0,3.0,5.0,16.0,4.0,3.0,4.0,4.0
771,"Hill, Rich",TB,0.0,0.0,0.0,0.0,0.0,0.0,0.0,0.0,3.0
772,"Padlo, Kevin",TB,0.0,0.0,0.0,0.0,0.0,1.0,0.0,2.0,1.0
773,"Phillips, Brett",TB,1.0,0.0,0.0,0.0,1.0,0.0,6.0,16.0,49.0
774,"Smith, Kevan",TB,0.0,0.0,0.0,0.0,0.0,0.0,1.0,0.0,0.0
775,"Choi, Ji-Man",TB,1.0,24.0,12.0,8.0,11.0,9.0,5.0,0.0,1.0
776,"Walls, Taylor",TB,0.0,0.0,1.0,0.0,0.0,11.0,7.0,17.0,8.0
777,"Franco, Wander",TB,0.0,27.0,28.0,3.0,5.0,6.0,1.0,0.0,0.0
778,"Rasmussen, Drew",TB,0.0,0.0,0.0,0.0,0.0,0.0,0.0,0.0,2.0
779,"Bruján, Vidal",TB,1.0,2.0,0.0,0.0,2.0,1.0,0.0,0.0,0.0
780,"Wacha, Michael",TB,0.0,0.0,0.0,0.0,0.0,0.0,0.0,0.0,1.0
781,"Fleming, Josh",TB,0.0,0.0,0.0,0.0,0.0,0.0,0.0,0.0,1.0
782,"Cruz, Nelson",TB,0.0,16.0,33.0,4.0,0.0,0.0,0.0,0.0,0.0
783,"Luplow, Jordan",TB,1.0,0.0,0.0,0.0,6.0,5.0,3.0,3.0,0.0
784,"Lowe, Josh",TB,0.0,0.0,0.0,0.0,0.0,0.0,0.0,1.0,0.0
785,"Hernández, Enrique",BOS,118.0,0.0,0.0,0.0,0.0,0.0,6.0,5.0,1.0
786,"Verdugo, Alex",BOS,0.0,89.0,0.0,3.0,7.0,23.0,7.0,8.0,0.0
787,"Martinez, J.D.",BOS,0.0,0.0,104.0,8.0,36.0,0.0,0.0,0.0,0.0
788,"Bogaerts, Xander",BOS,0.0,0.0,47.0,96.0,0.0,0.0,0.0,0.0,0.0
789,"Devers, Rafael",BOS,0.0,23.0,8.0,50.0,74.0,0.0,0.0,0.0,0.0
790,"Renfroe, Hunter",BOS,2.0,17.0,3.0,1.0,29.0,45.0,28.0,13.0,2.0
791,"Gonzalez, Marwin",BOS,7.0,0.0,0.0,0.0,1.0,21.0,22.0,13.0,4.0
792,"Vázquez, Christian",BOS,0.0,0.0,0.0,2.0,11.0,36.0,34.0,31.0,9.0
793,"Dalbec, Bobby",BOS,0.0,0.0,0.0,0.0,2.0,14.0,24.0,30.0,44.0
794,"Cordero, Franchy",BOS,0.0,0.0,0.0,0.0,0.0,0.0,1.0,18.0,18.0
795,"Plawecki, Kevin",BOS,0.0,0.0,0.0,0.0,1.0,9.0,12.0,11.0,11.0
796,"Arroyo, Christian",BOS,9.0,1.0,0.0,0.0,0.0,2.0,19.0,6.0,7.0
797,"Richards, Garrett",BOS,0.0,0.0,0.0,0.0,0.0,0.0,0.0,0.0,2.0
798,"Pivetta, Nick",BOS,0.0,0.0,0.0,0.0,0.0,0.0,0.0,0.0,1.0
799,"Chavis, Michael",BOS,7.0,0.0,0.0,0.0,0.0,0.0,0.0,0.0,12.0
800,"Araúz, Jonathan",BOS,0.0,0.0,0.0,0.0,0.0,0.0,0.0,1.0,18.0
801,"Santana, Danny",BOS,9.0,2.0,0.0,0.0,1.0,2.0,5.0,6.0,4.0
802,"Pérez, Martín",BOS,0.0,0.0,0.0,0.0,0.0,0.0,0.0,0.0,1.0
803,"Eovaldi, Nathan",BOS,0.0,0.0,0.0,0.0,0.0,0.0,0.0,0.0,1.0
804,"Rodriguez, Eduardo",BOS,0.0,0.0,0.0,0.0,0.0,0.0,0.0,0.0,3.0
805,"Wong, Connor",BOS,0.0,0.0,0.0,0.0,0.0,0.0,0.0,0.0,3.0
806,"Duran, Jarren",BOS,2.0,9.0,0.0,0.0,0.0,1.0,3.0,8.0,3.0
807,"Schwarber, Kyle",BOS,6.0,21.0,0.0,2.0,0.0,8.0,0.0,0.0,0.0
808,"Shaw, Travis",BOS,0.0,0.0,0.0,0.0,0.0,1.0,1.0,4.0,1.0
809,"Muñoz, Yairo",BOS,1.0,0.0,0.0,0.0,0.0,0.0,0.0,0.0,1.0
810,"López, Jack",BOS,0.0,0.0,0.0,0.0,0.0,0.0,0.0,5.0,0.0
811,"Motter, Taylor",BOS,1.0,0.0,0.0,0.0,0.0,0.0,0.0,0.0,0.0
812,"Iglesias, José",BOS,0.0,0.0,0.0,0.0,0.0,0.0,0.0,3.0,14.0
813,"Houck, Tanner",BOS,0.0,0.0,0.0,0.0,0.0,0.0,0.0,0.0,1.0
814,"Sale, Chris",BOS,0.0,0.0,0.0,0.0,0.0,0.0,0.0,0.0,1.0
815,"Winker, Jesse",CIN,27.0,78.0,0.0,0.0,0.0,0.0,0.0,0.0,0.0
816,"Castellanos, Nick",CIN,0.0,33.0,103.0,0.0,0.0,0.0,0.0,0.0,0.0
817,"Votto, Joey",CIN,0.0,3.0,26.0,82.0,15.0,0.0,0.0,0.0,0.0
818,"Suárez, Eugenio",CIN,9.0,0.0,7.0,23.0,35.0,47.0,12.0,1.0,0.0
819,"Moustakas, Mike",CIN,0.0,0.0,1.0,13.0,30.0,5.0,0.0,0.0,0.0
820,"Senzel, Nick",CIN,9.0,1.0,0.0,0.0,6.0,11.0,2.0,0.0,0.0
821,"India, Jonathan",CIN,103.0,0.0,0.0,0.0,0.0,9.0,15.0,16.0,2.0
822,"Barnhart, Tucker",CIN,0.0,0.0,0.0,0.0,7.0,12.0,48.0,28.0,2.0
823,"Castillo, Luis",CIN,0.0,0.0,0.0,0.0,0.0,0.0,0.0,2.0,27.0
824,"Naquin, Tyler",CIN,9.0,15.0,6.0,16.0,29.0,15.0,13.0,3.0,0.0
825,"Mahle, Tyler",CIN,0.0,0.0,0.0,0.0,0.0,0.0,0.0,0.0,31.0
826,"Stephenson, Tyler",CIN,0.0,16.0,11.0,25.0,14.0,5.0,4.0,7.0,0.0
827,"Hoffman, Jeff",CIN,0.0,0.0,0.0,0.0,0.0,0.0,0.0,0.0,9.0
828,"De León, José",CIN,0.0,0.0,0.0,0.0,0.0,0.0,0.0,0.0,3.0
829,"Miley, Wade",CIN,0.0,0.0,0.0,0.0,0.0,0.0,0.0,0.0,25.0
830,"Farmer, Kyle",CIN,1.0,4.0,7.0,2.0,12.0,35.0,26.0,41.0,0.0
831,"Gray, Sonny",CIN,0.0,0.0,0.0,0.0,0.0,0.0,0.0,1.0,23.0
832,"Schrock, Max",CIN,1.0,11.0,0.0,0.0,3.0,2.0,3.0,8.0,0.0
833,"Blandino, Alex",CIN,2.0,0.0,0.0,0.0,1.0,2.0,0.0,3.0,3.0
834,"Akiyama, Shogo",CIN,0.0,0.0,0.0,0.0,2.0,1.0,7.0,20.0,2.0
835,"Hendrix, Ryan",CIN,0.0,0.0,0.0,0.0,0.0,0.0,0.0,0.0,1.0
836,"Heineman, Scott",CIN,0.0,0.0,0.0,0.0,1.0,0.0,4.0,1.0,1.0
837,"Gutierrez, Vladimir",CIN,0.0,0.0,0.0,0.0,0.0,0.0,0.0,0.0,21.0
838,"Freeman, Mike",CIN,0.0,0.0,0.0,0.0,0.0,1.0,0.0,8.0,2.0
839,"Santillan, Tony",CIN,0.0,0.0,0.0,0.0,0.0,0.0,0.0,0.0,4.0
840,"Aquino, Aristides",CIN,0.0,1.0,1.0,1.0,4.0,12.0,14.0,7.0,0.0
841,"Lopez, Alejo",CIN,1.0,0.0,0.0,0.0,1.0,1.0,0.0,0.0,0.0
842,"Barrero, Jose",CIN,0.0,0.0,0.0,0.0,1.0,2.0,7.0,3.0,1.0
843,"DeShields, Delino",CIN,0.0,0.0,0.0,0.0,0.0,1.0,5.0,8.0,1.0
844,"Cabrera, Asdrúbal",CIN,0.0,0.0,0.0,0.0,1.0,1.0,1.0,0.0,0.0
845,"Friedl, TJ",CIN,0.0,0.0,0.0,0.0,0.0,0.0,1.0,5.0,2.0
846,"Sanmartin, Reiver",CIN,0.0,0.0,0.0,0.0,0.0,0.0,0.0,0.0,2.0
847,"Tapia, Raimel",COL,99.0,7.0,0.0,0.0,0.0,3.0,3.0,1.0,1.0
848,"Fuentes, Joshua",COL,0.0,2.0,0.0,3.0,10.0,20.0,21.0,9.0,0.0
849,"Story, Trevor",COL,0.0,15.0,75.0,49.0,1.0,0.0,0.0,0.0,0.0
850,"Blackmon, Charlie",COL,4.0,0.0,65.0,53.0,10.0,3.0,0.0,0.0,0.0
851,"Cron, C.J.",COL,0.0,0.0,3.0,37.0,70.0,15.0,7.0,0.0,0.0
852,"Díaz, Elias",COL,0.0,1.0,0.0,1.0,8.0,14.0,28.0,34.0,1.0
853,"Owings, Chris",COL,1.0,1.0,0.0,0.0,0.0,0.0,5.0,2.0,1.0
854,"Hampson, Garrett",COL,33.0,25.0,0.0,0.0,3.0,9.0,21.0,13.0,4.0
855,"Márquez, Germán",COL,0.0,0.0,0.0,0.0,0.0,0.0,0.0,0.0,28.0
856,"McMahon, Ryan",COL,0.0,18.0,15.0,16.0,43.0,43.0,4.0,0.0,0.0
857,"Nuñez, Dom",COL,0.0,0.0,0.0,0.0,0.0,1.0,6.0,63.0,3.0
858,"Senzatela, Antonio",COL,0.0,0.0,0.0,0.0,0.0,0.0,0.0,1.0,25.0
859,"Gray, Jon",COL,0.0,0.0,0.0,0.0,0.0,0.0,0.0,0.0,27.0
860,"Daza, Yonathan",COL,0.0,27.0,0.0,0.0,2.0,17.0,17.0,8.0,1.0
861,"Gomber, Austin",COL,0.0,0.0,0.0,0.0,0.0,0.0,0.0,0.0,19.0
862,"Hilliard, Sam",COL,0.0,0.0,0.0,0.0,1.0,9.0,25.0,17.0,3.0
863,"González, Chi Chi",COL,0.0,0.0,0.0,0.0,0.0,0.0,0.0,0.0,18.0
864,"Trejo, Alan",COL,0.0,0.0,0.0,0.0,0.0,0.0,1.0,7.0,0.0
865,"Chacín, Jhoulys",COL,0.0,0.0,0.0,0.0,0.0,0.0,0.0,0.0,3.0
866,"Adams, Matt",COL,0.0,0.0,0.0,0.0,2.0,5.0,0.0,0.0,0.0
867,"Castellani, Ryan",COL,0.0,0.0,0.0,0.0,0.0,0.0,0.0,0.0,1.0
868,"Joe, Connor",COL,23.0,7.0,0.0,0.0,3.0,4.0,5.0,1.0,0.0
869,"Rodgers, Brendan",COL,1.0,58.0,3.0,2.0,8.0,14.0,10.0,0.0,0.0
870,"Freeland, Kyle",COL,0.0,0.0,0.0,0.0,0.0,0.0,0.0,1.0,19.0
871,"Ruiz, Rio",COL,0.0,0.0,0.0,0.0,0.0,1.0,2.0,0.0,0.0
872,"Goudeau, Ashton",COL,0.0,0.0,0.0,0.0,0.0,0.0,0.0,0.0,4.0
873,"Motter, Taylor",COL,0.0,0.0,0.0,0.0,0.0,0.0,3.0,1.0,0.0
874,"Welker, Colton",COL,0.0,0.0,0.0,0.0,0.0,3.0,2.0,2.0,0.0
875,"Feltner, Ryan",COL,0.0,0.0,0.0,0.0,0.0,0.0,0.0,0.0,1.0
876,"Vilade, Ryan",COL,0.0,0.0,0.0,0.0,0.0,0.0,1.0,1.0,0.0
877,"Lambert, Peter",COL,0.0,0.0,0.0,0.0,0.0,0.0,0.0,0.0,2.0
878,"Merrifield, Whit",KC,162.0,0.0,0.0,0.0,0.0,0.0,0.0,0.0,0.0
879,"Benintendi, Andrew",KC,0.0,26.0,21.0,49.0,20.0,4.0,8.0,1.0,0.0
880,"Santana, Carlos",KC,0.0,79.0,20.0,26.0,30.0,1.0,0.0,0.0,0.0
881,"Perez, Salvador",KC,0.0,0.0,121.0,39.0,0.0,0.0,0.0,0.0,0.0
882,"Soler, Jorge",KC,0.0,6.0,0.0,29.0,38.0,10.0,7.0,0.0,0.0
883,"Dozier, Hunter",KC,0.0,0.0,0.0,5.0,27.0,58.0,26.0,14.0,7.0
884,"Isbel, Kyle",KC,0.0,0.0,0.0,0.0,0.0,0.0,8.0,7.0,5.0
885,"Taylor, Michael A.",KC,0.0,0.0,0.0,0.0,4.0,20.0,48.0,60.0,5.0
886,"Lopez, Nicky",KC,0.0,51.0,0.0,0.0,0.0,0.0,0.0,6.0,86.0
887,"Alberto, Hanser",KC,0.0,0.0,0.0,0.0,7.0,3.0,15.0,23.0,8.0
888,"McBroom, Ryan",KC,0.0,0.0,0.0,0.0,0.0,0.0,0.0,1.0,0.0
889,"Dyson, Jarrod",KC,0.0,0.0,0.0,0.0,0.0,1.0,11.0,11.0,7.0
890,"Gallagher, Cam",KC,0.0,0.0,0.0,0.0,0.0,0.0,0.0,16.0,16.0
891,"O'Hearn, Ryan",KC,0.0,0.0,0.0,9.0,15.0,21.0,15.0,4.0,0.0
892,"Junis, Jakob",KC,0.0,0.0,0.0,0.0,0.0,0.0,0.0,0.0,1.0
893,"Minor, Mike",KC,0.0,0.0,0.0,0.0,0.0,0.0,0.0,0.0,3.0
894,"Rivero, Sebastian",KC,0.0,0.0,0.0,0.0,0.0,0.0,0.0,2.0,8.0
895,"Gutierrez, Kelvin",KC,0.0,0.0,0.0,0.0,10.0,14.0,8.0,2.0,0.0
896,"Mondesi, Adalberto",KC,0.0,0.0,0.0,2.0,8.0,17.0,7.0,0.0,0.0
897,"Olivares, Edward",KC,0.0,0.0,0.0,3.0,2.0,6.0,6.0,7.0,2.0
898,"Rivera, Emmanuel",KC,0.0,0.0,0.0,0.0,1.0,7.0,3.0,8.0,8.0
899,"Keller, Brad",KC,0.0,0.0,0.0,0.0,0.0,0.0,0.0,0.0,3.0
900,"Bubic, Kris",KC,0.0,0.0,0.0,0.0,0.0,0.0,0.0,0.0,2.0
901,"Hernández, Carlos",KC,0.0,0.0,0.0,0.0,0.0,0.0,0.0,0.0,1.0
902,"Grossman, Robbie",DET,87.0,3.0,57.0,0.0,0.0,5.0,0.0,0.0,0.0
903,"Candelario, Jeimer",DET,0.0,17.0,44.0,28.0,57.0,3.0,0.0,0.0,0.0
904,"Castro, Willi",DET,1.0,10.0,6.0,0.0,6.0,10.0,36.0,30.0,16.0
905,"Cabrera, Miguel",DET,0.0,0.0,37.0,90.0,0.0,0.0,0.0,0.0,0.0
906,"Schoop, Jonathan",DET,0.0,106.0,6.0,14.0,13.0,12.0,5.0,0.0,0.0
907,"Mazara, Nomar",DET,0.0,0.0,0.0,7.0,20.0,12.0,4.0,3.0,1.0
908,"Ramos, Wilson",DET,0.0,0.0,3.0,8.0,4.0,6.0,8.0,4.0,0.0
909,"Reyes, Victor",DET,2.0,0.0,0.0,0.0,0.0,3.0,13.0,13.0,25.0
910,"Jones, JaCoby",DET,0.0,0.0,0.0,0.0,0.0,0.0,4.0,7.0,16.0
911,"Goodrum, Niko",DET,4.0,4.0,1.0,0.0,12.0,18.0,27.0,13.0,0.0
912,"Castro, Harold",DET,0.0,16.0,2.0,0.0,5.0,30.0,17.0,6.0,4.0
913,"Greiner, Grayson",DET,0.0,0.0,0.0,0.0,0.0,0.0,2.0,14.0,9.0
914,"Baddoo, Akil",DET,63.0,2.0,0.0,0.0,2.0,4.0,10.0,18.0,9.0
915,"Núñez, Renato",DET,0.0,0.0,1.0,1.0,9.0,1.0,2.0,0.0,0.0
916,"Short, Zack",DET,0.0,1.0,0.0,0.0,0.0,3.0,13.0,17.0,12.0
917,"Rogers, Jake",DET,0.0,0.0,0.0,0.0,0.0,0.0,0.0,9.0,26.0
918,"Haase, Eric",DET,0.0,0.0,4.0,14.0,29.0,32.0,10.0,2.0,0.0
919,"Boyd, Matthew",DET,0.0,0.0,0.0,0.0,0.0,0.0,0.0,0.0,2.0
920,"Hill, Derek",DET,5.0,1.0,0.0,0.0,0.0,0.0,0.0,4.0,31.0
921,"Paredes, Isaac",DET,0.0,1.0,1.0,0.0,1.0,10.0,3.0,5.0,0.0
922,"Cameron, Daz",DET,0.0,1.0,0.0,0.0,4.0,13.0,3.0,3.0,3.0
923,"Robson, Jacob",DET,0.0,0.0,0.0,0.0,0.0,0.0,0.0,0.0,1.0
924,"Garneau, Dustin",DET,0.0,0.0,0.0,0.0,0.0,0.0,5.0,13.0,1.0
925,"Mize, Casey",DET,0.0,0.0,0.0,0.0,0.0,0.0,0.0,0.0,2.0
926,"Skubal, Tarik",DET,0.0,0.0,0.0,0.0,0.0,0.0,0.0,1.0,1.0
927,"Alexander, Tyler",DET,0.0,0.0,0.0,0.0,0.0,0.0,0.0,0.0,1.0
928,"Peralta, Wily",DET,0.0,0.0,0.0,0.0,0.0,0.0,0.0,0.0,1.0
929,"Manning, Matt",DET,0.0,0.0,0.0,0.0,0.0,0.0,0.0,0.0,1.0
930,"Arraez, Luis",MIN,70.0,1.0,1.0,9.0,12.0,4.0,3.0,4.0,5.0
931,"Donaldson, Josh",MIN,0.0,68.0,22.0,36.0,0.0,0.0,0.0,0.0,0.0
932,"Polanco, Jorge",MIN,27.0,33.0,43.0,9.0,16.0,16.0,2.0,0.0,0.0
933,"Sanó, Miguel",MIN,0.0,0.0,1.0,14.0,33.0,53.0,21.0,5.0,0.0
934,"Kepler, Max",MIN,29.0,2.0,5.0,12.0,27.0,10.0,22.0,6.0,0.0
935,"Buxton, Byron",MIN,18.0,23.0,7.0,9.0,1.0,1.0,0.0,0.0,0.0
936,"Garver, Mitch",MIN,5.0,2.0,4.0,15.0,9.0,13.0,6.0,2.0,0.0
937,"Simmons, Andrelton",MIN,0.0,0.0,0.0,0.0,0.0,0.0,0.0,35.0,89.0
938,"Maeda, Kenta",MIN,0.0,0.0,0.0,0.0,0.0,0.0,0.0,0.0,2.0
939,"Cave, Jake",MIN,0.0,0.0,0.0,0.0,2.0,7.0,11.0,11.0,10.0
940,"Jeffers, Ryan",MIN,0.0,0.0,0.0,0.0,13.0,9.0,16.0,27.0,12.0
941,"Berríos, José",MIN,0.0,0.0,0.0,0.0,0.0,0.0,0.0,0.0,1.0
942,"Pineda, Michael",MIN,0.0,0.0,0.0,0.0,0.0,0.0,0.0,0.0,2.0
943,"Cruz, Nelson",MIN,0.0,0.0,47.0,33.0,0.0,0.0,0.0,0.0,0.0
944,"Rooker, Brent",MIN,0.0,25.0,0.0,0.0,5.0,11.0,9.0,2.0,0.0
945,"Astudillo, Willians",MIN,0.0,0.0,0.0,2.0,4.0,8.0,17.0,14.0,6.0
946,"Garlick, Kyle",MIN,10.0,4.0,0.0,3.0,2.0,0.0,1.0,3.0,1.0
947,"Kirilloff, Alex",MIN,0.0,1.0,9.0,9.0,22.0,5.0,8.0,0.0,1.0
948,"Riddle, JT",MIN,0.0,0.0,0.0,0.0,0.0,0.0,0.0,0.0,2.0
949,"Rortvedt, Ben",MIN,0.0,0.0,0.0,0.0,0.0,0.0,1.0,13.0,14.0
950,"Gordon, Nick",MIN,0.0,0.0,0.0,0.0,0.0,8.0,27.0,14.0,3.0
951,"Larnach, Trevor",MIN,1.0,2.0,18.0,10.0,10.0,14.0,10.0,4.0,0.0
952,"Refsnyder, Rob",MIN,2.0,1.0,5.0,1.0,6.0,3.0,7.0,12.0,0.0
953,"Celestino, Gilberto",MIN,0.0,0.0,0.0,0.0,0.0,0.0,1.0,10.0,9.0
954,"Jax, Griffin",MIN,0.0,0.0,0.0,0.0,0.0,0.0,0.0,0.0,2.0
955,"Ober, Bailey",MIN,0.0,0.0,0.0,0.0,0.0,0.0,0.0,0.0,1.0
956,"Barnes, Charlie",MIN,0.0,0.0,0.0,0.0,0.0,0.0,0.0,0.0,1.0
957,"Ryan, Joe",MIN,0.0,0.0,0.0,0.0,0.0,0.0,0.0,0.0,1.0
958,"Anderson, Tim",CWS,123.0,0.0,0.0,0.0,0.0,0.0,0.0,0.0,1.0
959,"Eaton, Adam",CWS,7.0,26.0,0.0,0.0,4.0,8.0,3.0,1.0,0.0
960,"Abreu, José",CWS,0.0,0.0,96.0,56.0,0.0,0.0,0.0,0.0,0.0
961,"Moncada, Yoán",CWS,0.0,32.0,60.0,16.0,21.0,15.0,0.0,0.0,0.0
962,"Grandal, Yasmani",CWS,0.0,4.0,2.0,25.0,25.0,31.0,3.0,0.0,0.0
963,"García, Leury",CWS,4.0,4.0,1.0,0.0,4.0,21.0,30.0,42.0,10.0
964,"Robert, Luis",CWS,13.0,30.0,1.0,0.0,5.0,4.0,15.0,0.0,0.0
965,"Collins, Zack",CWS,0.0,0.0,0.0,0.0,3.0,5.0,11.0,21.0,17.0
966,"Madrigal, Nick",CWS,6.0,11.0,0.0,0.0,0.0,0.0,2.0,3.0,31.0
967,"Vaughn, Andrew",CWS,0.0,2.0,1.0,2.0,19.0,38.0,36.0,18.0,0.0
968,"Mercedes, Yermín",CWS,0.0,2.0,1.0,5.0,45.0,4.0,3.0,2.0,0.0
969,"Hamilton, Billy",CWS,0.0,0.0,0.0,0.0,0.0,0.0,5.0,11.0,12.0
970,"Lamb, Jake",CWS,0.0,7.0,0.0,1.0,4.0,5.0,11.0,5.0,0.0
971,"Mendick, Danny",CWS,0.0,0.0,0.0,0.0,0.0,0.0,1.0,15.0,35.0
972,"Williams, Nick",CWS,0.0,0.0,0.0,0.0,1.0,0.0,2.0,0.0,0.0
973,"Cease, Dylan",CWS,0.0,0.0,0.0,0.0,0.0,0.0,0.0,0.0,3.0
974,"Keuchel, Dallas",CWS,0.0,0.0,0.0,0.0,0.0,0.0,0.0,0.0,1.0
975,"Engel, Adam",CWS,0.0,11.0,0.0,0.0,4.0,5.0,6.0,7.0,1.0
976,"Goodwin, Brian",CWS,0.0,12.0,0.0,13.0,8.0,13.0,10.0,8.0,1.0
977,"Giolito, Lucas",CWS,0.0,0.0,0.0,0.0,0.0,0.0,0.0,1.0,1.0
978,"González, Luis",CWS,0.0,0.0,0.0,0.0,0.0,0.0,0.0,1.0,2.0
979,"Sheets, Gavin",CWS,0.0,7.0,0.0,4.0,5.0,8.0,12.0,9.0,0.0
980,"Burger, Jake",CWS,0.0,0.0,0.0,0.0,0.0,2.0,3.0,5.0,0.0
981,"Zavala, Seby",CWS,0.0,0.0,0.0,0.0,0.0,0.0,1.0,3.0,26.0
982,"Rodón, Carlos",CWS,0.0,0.0,0.0,0.0,0.0,0.0,0.0,0.0,2.0
983,"Lynn, Lance",CWS,0.0,0.0,0.0,0.0,0.0,0.0,0.0,0.0,2.0
984,"Jiménez, Eloy",CWS,0.0,0.0,0.0,40.0,14.0,1.0,0.0,0.0,0.0
985,"Hernández, César",CWS,8.0,14.0,0.0,0.0,0.0,1.0,4.0,10.0,16.0
986,"Gonzalez, Romy",CWS,1.0,0.0,0.0,0.0,0.0,1.0,4.0,0.0,1.0
987,"LeMahieu, DJ",NYY,144.0,1.0,0.0,0.0,2.0,0.0,0.0,0.0,0.0
988,"Judge, Aaron",NYY,0.0,54.0,90.0,0.0,0.0,0.0,0.0,0.0,0.0
989,"Hicks, Aaron",NYY,1.0,0.0,11.0,0.0,2.0,11.0,5.0,0.0,0.0
990,"Stanton, Giancarlo",NYY,0.0,38.0,3.0,79.0,14.0,0.0,0.0,0.0,0.0
991,"Torres, Gleyber",NYY,5.0,6.0,12.0,12.0,48.0,32.0,7.0,1.0,0.0
992,"Urshela, Gio",NYY,0.0,0.0,0.0,32.0,15.0,16.0,20.0,16.0,9.0
993,"Sánchez, Gary",NYY,0.0,0.0,18.0,10.0,12.0,20.0,34.0,9.0,2.0
994,"Bruce, Jay",NYY,0.0,0.0,0.0,0.0,2.0,3.0,2.0,1.0,2.0
995,"Frazier, Clint",NYY,0.0,0.0,0.0,0.0,3.0,7.0,18.0,16.0,11.0
996,"Gardner, Brett",NYY,8.0,14.0,3.0,0.0,1.0,12.0,16.0,19.0,41.0
997,"Higashioka, Kyle",NYY,0.0,0.0,0.0,0.0,0.0,1.0,3.0,37.0,17.0
998,"Tauchman, Mike",NYY,0.0,0.0,0.0,0.0,0.0,0.0,0.0,1.0,3.0
999,"Wade, Tyler",NYY,0.0,0.0,0.0,0.0,0.0,0.0,0.0,13.0,23.0
1000,"Odor, Rougned",NYY,0.0,3.0,10.0,6.0,5.0,29.0,19.0,7.0,10.0
1001,"Ford, Mike",NYY,0.0,0.0,0.0,1.0,4.0,7.0,4.0,2.0,0.0
1002,"Andújar, Miguel",NYY,0.0,0.0,0.0,0.0,0.0,3.0,22.0,18.0,0.0
1003,"Voit, Luke",NYY,3.0,10.0,5.0,1.0,25.0,10.0,1.0,0.0,0.0
1004,"LaMarre, Ryan",NYY,0.0,0.0,0.0,0.0,0.0,0.0,0.0,5.0,2.0
1005,"Florial, Estevan",NYY,0.0,0.0,0.0,0.0,0.0,0.0,0.0,4.0,3.0
1006,"Gittens, Chris",NYY,0.0,0.0,0.0,0.0,1.0,2.0,4.0,2.0,1.0
1007,"Cortes, Nestor",NYY,0.0,0.0,0.0,0.0,0.0,0.0,0.0,0.0,1.0
1008,"Germán, Domingo",NYY,0.0,0.0,0.0,0.0,0.0,0.0,0.0,0.0,2.0
1009,"Locastro, Tim",NYY,0.0,0.0,0.0,0.0,0.0,0.0,0.0,1.0,6.0
1010,"Amburgey, Trey",NYY,0.0,0.0,0.0,0.0,0.0,1.0,0.0,1.0,0.0
1011,"Allen, Greg",NYY,0.0,0.0,0.0,0.0,0.0,1.0,3.0,1.0,6.0
1012,"Brantly, Rob",NYY,0.0,0.0,0.0,0.0,0.0,2.0,0.0,0.0,3.0
1013,"Gallo, Joey",NYY,0.0,6.0,4.0,17.0,23.0,5.0,0.0,0.0,0.0
1014,"Rizzo, Anthony",NYY,1.0,30.0,6.0,4.0,5.0,0.0,0.0,0.0,0.0
1015,"Taillon, Jameson",NYY,0.0,0.0,0.0,0.0,0.0,0.0,0.0,0.0,1.0
1016,"Montgomery, Jordan",NYY,0.0,0.0,0.0,0.0,0.0,0.0,0.0,0.0,3.0
1017,"Davis, Jonathan",NYY,0.0,0.0,0.0,0.0,0.0,0.0,0.0,2.0,3.0
1018,"Velazquez, Andrew",NYY,0.0,0.0,0.0,0.0,0.0,0.0,4.0,6.0,10.0
1019,"Heaney, Andrew",NYY,0.0,0.0,0.0,0.0,0.0,0.0,0.0,0.0,1.0
1020,"Kluber, Corey",NYY,0.0,0.0,0.0,0.0,0.0,0.0,0.0,0.0,1.0
1021,"Schmidt, Clarke",NYY,0.0,0.0,0.0,0.0,0.0,0.0,0.0,0.0,1.0
