,team,gamenum,b1,b2,b3,b4,b5,b6,b7,b8,b9
0,LAA,1,"Aybar, Erick","Kendrick, Howie","Pujols, Albert","Morales, Kendrys","Hunter, Torii","Abreu, Bobby","Wells, Vernon","Callaspo, Alberto","Wilson, Bobby"
1,LAA,2,"Aybar, Erick","Kendrick, Howie","Pujols, Albert","Hunter, Torii","Wells, Vernon","Morales, Kendrys","Trumbo, Mark","Iannetta, Chris","Bourjos, Peter"
2,LAA,3,"Aybar, Erick","Kendrick, Howie","Pujols, Albert","Morales, Kendrys","Hunter, Torii","Callaspo, Alberto","Wells, Vernon","Iannetta, Chris","Bourjos, Peter"
3,LAA,4,"Aybar, Erick","Kendrick, Howie","Pujols, Albert","Hunter, Torii","Wells, Vernon","Abreu, Bobby","Trumbo, Mark","Izturis, Maicer","Iannetta, Chris"
4,LAA,5,"Aybar, Erick","Kendrick, Howie","Pujols, Albert","Morales, Kendrys","Hunter, Torii","Wells, Vernon","Izturis, Maicer","Iannetta, Chris","Bourjos, Peter"
5,LAA,6,"Aybar, Erick","Kendrick, Howie","Pujols, Albert","Morales, Kendrys","Hunter, Torii","Wells, Vernon","Callaspo, Alberto","Iannetta, Chris","Bourjos, Peter"
6,LAA,7,"Abreu, Bobby","Kendrick, Howie","Pujols, Albert","Morales, Kendrys","Hunter, Torii","Wells, Vernon","Izturis, Maicer","Callaspo, Alberto","Wilson, Bobby"
7,HOU,1,"Schafer, Jordan","Altuve, Jose","Martinez, J.D.","Lee, Carlos","Bogusevic, Brian","Johnson, Chris","Castro, Jason","Gonzalez, Marwin","Rodriguez, Wandy"
8,HOU,2,"Schafer, Jordan","Bixler, Brian","Martinez, J.D.","Lee, Carlos","Johnson, Chris","Bogusevic, Brian","Snyder, Chris","Gonzalez, Marwin","Harrell, Lucas"
9,HOU,3,"Schafer, Jordan","Altuve, Jose","Martinez, J.D.","Lee, Carlos","Bogusevic, Brian","Johnson, Chris","Castro, Jason","Gonzalez, Marwin","Norris, Bud"
10,HOU,4,"Schafer, Jordan","Altuve, Jose","Buck, Travis","Lee, Carlos","Bogusevic, Brian","Johnson, Chris","Castro, Jason","Gonzalez, Marwin","Happ, J.A."
11,HOU,5,"Schafer, Jordan","Altuve, Jose","Martinez, J.D.","Lee, Carlos","Bogusevic, Brian","Johnson, Chris","Snyder, Chris","Gonzalez, Marwin","Weiland, Kyle"
12,HOU,6,"Schafer, Jordan","Altuve, Jose","Martinez, J.D.","Lee, Carlos","Buck, Travis","Johnson, Chris","Castro, Jason","Gonzalez, Marwin","Rodriguez, Wandy"
13,HOU,7,"Schafer, Jordan","Lowrie, Jed","Martinez, J.D.","Lee, Carlos","Bogusevic, Brian","Johnson, Chris","Castro, Jason","Altuve, Jose","Harrell, Lucas"
14,HOU,8,"Schafer, Jordan","Lowrie, Jed","Martinez, J.D.","Lee, Carlos","Bogusevic, Brian","Johnson, Chris","Snyder, Chris","Altuve, Jose","Norris, Bud"
15,HOU,9,"Schafer, Jordan","Lowrie, Jed","Martinez, J.D.","Lee, Carlos","Bogusevic, Brian","Johnson, Chris","Castro, Jason","Altuve, Jose","Happ, J.A."
16,HOU,10,"Schafer, Jordan","Lowrie, Jed","Martinez, J.D.","Lee, Carlos","Buck, Travis","Johnson, Chris","Castro, Jason","Altuve, Jose","Weiland, Kyle"
17,HOU,11,"Maxwell, Justin","Lowrie, Jed","Martinez, J.D.","Lee, Carlos","Johnson, Chris","Buck, Travis","Snyder, Chris","Altuve, Jose","Rodriguez, Wandy"
18,HOU,12,"Schafer, Jordan","Lowrie, Jed","Buck, Travis","Lee, Carlos","Bogusevic, Brian","Johnson, Chris","Castro, Jason","Gonzalez, Marwin","Harrell, Lucas"
19,OAK,1,"Weeks, Jemile","Crisp, Coco","Reddick, Josh","Gomes, Jonny","Céspedes, Yoenis","Suzuki, Kurt","Donaldson, Josh","Ka'aihue, Kila","Pennington, Cliff"
20,OAK,2,"Weeks, Jemile","Crisp, Coco","Reddick, Josh","Céspedes, Yoenis","Smith, Seth","Suzuki, Kurt","Pennington, Cliff","Allen, Brandon","Sogard, Eric"
21,OAK,3,"Weeks, Jemile","Crisp, Coco","Reddick, Josh","Céspedes, Yoenis","Smith, Seth","Suzuki, Kurt","Barton, Daric","Donaldson, Josh","Pennington, Cliff"
22,OAK,4,"Weeks, Jemile","Crisp, Coco","Céspedes, Yoenis","Gomes, Jonny","Donaldson, Josh","Cowgill, Collin","Barton, Daric","Recker, Anthony","Pennington, Cliff"
23,OAK,5,"Weeks, Jemile","Pennington, Cliff","Reddick, Josh","Céspedes, Yoenis","Gomes, Jonny","Suzuki, Kurt","Donaldson, Josh","Barton, Daric","Cowgill, Collin"
24,OAK,6,"Weeks, Jemile","Crisp, Coco","Reddick, Josh","Céspedes, Yoenis","Smith, Seth","Suzuki, Kurt","Barton, Daric","Donaldson, Josh","Pennington, Cliff"
25,OAK,7,"Weeks, Jemile","Crisp, Coco","Reddick, Josh","Céspedes, Yoenis","Smith, Seth","Suzuki, Kurt","Barton, Daric","Donaldson, Josh","Pennington, Cliff"
26,OAK,8,"Weeks, Jemile","Crisp, Coco","Smith, Seth","Céspedes, Yoenis","Reddick, Josh","Pennington, Cliff","Ka'aihue, Kila","Recker, Anthony","Sogard, Eric"
27,OAK,9,"Weeks, Jemile","Crisp, Coco","Reddick, Josh","Smith, Seth","Suzuki, Kurt","Barton, Daric","Pennington, Cliff","Ka'aihue, Kila","Sogard, Eric"
28,OAK,10,"Weeks, Jemile","Crisp, Coco","Reddick, Josh","Céspedes, Yoenis","Smith, Seth","Suzuki, Kurt","Barton, Daric","Donaldson, Josh","Pennington, Cliff"
29,OAK,11,"Weeks, Jemile","Pennington, Cliff","Reddick, Josh","Céspedes, Yoenis","Smith, Seth","Gomes, Jonny","Barton, Daric","Suzuki, Kurt","Sogard, Eric"
30,TOR,1,"Escobar, Yunel","Johnson, Kelly","Bautista, José","Lind, Adam","Encarnación, Edwin","Lawrie, Brett","Thames, Eric","Arencibia, J.P.","Rasmus, Colby"
31,TOR,2,"Escobar, Yunel","Johnson, Kelly","Bautista, José","Lind, Adam","Encarnación, Edwin","Lawrie, Brett","Thames, Eric","Arencibia, J.P.","Rasmus, Colby"
32,TOR,3,"Escobar, Yunel","Johnson, Kelly","Bautista, José","Lind, Adam","Encarnación, Edwin","Lawrie, Brett","Thames, Eric","Rasmus, Colby","Mathis, Jeff"
33,TOR,4,"Escobar, Yunel","Johnson, Kelly","Bautista, José","Encarnación, Edwin","Lind, Adam","Lawrie, Brett","Davis, Rajai","Arencibia, J.P.","Rasmus, Colby"
34,TOR,5,"Escobar, Yunel","Johnson, Kelly","Bautista, José","Lind, Adam","Encarnación, Edwin","Lawrie, Brett","Thames, Eric","Arencibia, J.P.","Rasmus, Colby"
35,TOR,6,"Escobar, Yunel","Johnson, Kelly","Bautista, José","Encarnación, Edwin","Francisco, Ben","Lawrie, Brett","Thames, Eric","Arencibia, J.P.","Davis, Rajai"
36,TOR,7,"Escobar, Yunel","Johnson, Kelly","Bautista, José","Lind, Adam","Encarnación, Edwin","Thames, Eric","Lawrie, Brett","Rasmus, Colby","Arencibia, J.P."
37,TOR,8,"Escobar, Yunel","Johnson, Kelly","Bautista, José","Lind, Adam","Encarnación, Edwin","Thames, Eric","Lawrie, Brett","Rasmus, Colby","Arencibia, J.P."
38,TOR,9,"Escobar, Yunel","Johnson, Kelly","Bautista, José","Encarnación, Edwin","Lawrie, Brett","Francisco, Ben","Rasmus, Colby","Davis, Rajai","Mathis, Jeff"
39,TOR,10,"Escobar, Yunel","Johnson, Kelly","Bautista, José","Lind, Adam","Encarnación, Edwin","Thames, Eric","Lawrie, Brett","Rasmus, Colby","Arencibia, J.P."
40,TOR,11,"Escobar, Yunel","Johnson, Kelly","Bautista, José","Encarnación, Edwin","Lind, Adam","Lawrie, Brett","Davis, Rajai","Rasmus, Colby","Mathis, Jeff"
41,ATL,1,"Bourn, Michael","Prado, Martín","McCann, Brian","Uggla, Dan","Freeman, Freddie","Diaz, Matt","Heyward, Jason","Pastornicky, Tyler","Hanson, Tommy"
42,ATL,2,"Bourn, Michael","Prado, Martín","McCann, Brian","Uggla, Dan","Freeman, Freddie","Heyward, Jason","Francisco, Juan","Pastornicky, Tyler","Jurrjens, Jair"
43,ATL,3,"Bourn, Michael","Prado, Martín","McCann, Brian","Uggla, Dan","Freeman, Freddie","Diaz, Matt","Heyward, Jason","Wilson, Jack","Minor, Mike"
44,ATL,4,"Bourn, Michael","Prado, Martín","McCann, Brian","Uggla, Dan","Freeman, Freddie","Diaz, Matt","Francisco, Juan","Pastornicky, Tyler","Beachy, Brandon"
45,ATL,5,"Bourn, Michael","Prado, Martín","Freeman, Freddie","McCann, Brian","Uggla, Dan","Jones, Chipper","Heyward, Jason","Pastornicky, Tyler","Hanson, Tommy"
46,ATL,6,"Bourn, Michael","Prado, Martín","Freeman, Freddie","Jones, Chipper","Uggla, Dan","Heyward, Jason","Ross, David","Wilson, Jack","Delgado, Randall"
47,ATL,7,"Bourn, Michael","Prado, Martín","Freeman, Freddie","McCann, Brian","Uggla, Dan","Diaz, Matt","Heyward, Jason","Pastornicky, Tyler","Jurrjens, Jair"
48,ATL,8,"Bourn, Michael","Prado, Martín","Freeman, Freddie","McCann, Brian","Uggla, Dan","Heyward, Jason","Francisco, Juan","Pastornicky, Tyler","Minor, Mike"
49,ATL,9,"Bourn, Michael","Prado, Martín","Jones, Chipper","McCann, Brian","Uggla, Dan","Freeman, Freddie","Heyward, Jason","Pastornicky, Tyler","Beachy, Brandon"
50,ATL,10,"Bourn, Michael","Prado, Martín","Jones, Chipper","McCann, Brian","Uggla, Dan","Heyward, Jason","Hinske, Eric","Wilson, Jack","Hanson, Tommy"
51,ATL,11,"Bourn, Michael","Heyward, Jason","Jones, Chipper","McCann, Brian","Uggla, Dan","Diaz, Matt","Freeman, Freddie","Pastornicky, Tyler","Delgado, Randall"
52,ATL,12,"Bourn, Michael","Prado, Martín","Heyward, Jason","Uggla, Dan","Freeman, Freddie","Francisco, Juan","Ross, David","Pastornicky, Tyler","Jurrjens, Jair"
53,MIL,1,"Weeks Jr., Rickie","Gómez, Carlos","Braun, Ryan","Ramirez, Aramis","Hart, Corey","Gonzalez, Alex","Gamel, Mat","Lucroy, Jonathan","Gallardo, Yovani"
54,MIL,2,"Weeks Jr., Rickie","Morgan, Nyjer","Braun, Ryan","Ramirez, Aramis","Hart, Corey","Gamel, Mat","Gonzalez, Alex","Lucroy, Jonathan","Greinke, Zack"
55,MIL,3,"Weeks Jr., Rickie","Morgan, Nyjer","Braun, Ryan","Ramirez, Aramis","Hart, Corey","Gamel, Mat","Gonzalez, Alex","Kottaras, George","Wolf, Randy"
56,MIL,4,"Weeks Jr., Rickie","Morgan, Nyjer","Braun, Ryan","Ramirez, Aramis","Hart, Corey","Gamel, Mat","Gonzalez, Alex","Lucroy, Jonathan","Marcum, Shaun"
57,MIL,5,"Weeks Jr., Rickie","Gómez, Carlos","Braun, Ryan","Ramirez, Aramis","Hart, Corey","Gonzalez, Alex","Gamel, Mat","Lucroy, Jonathan","Narveson, Chris"
58,MIL,6,"Aoki, Norichika","Morgan, Nyjer","Weeks Jr., Rickie","Ramirez, Aramis","Gamel, Mat","Gonzalez, Alex","Kottaras, George","Gómez, Carlos","Gallardo, Yovani"
59,MIL,7,"Weeks Jr., Rickie","Morgan, Nyjer","Braun, Ryan","Hart, Corey","Gamel, Mat","Gonzalez, Alex","Lucroy, Jonathan","Izturis, Cesar","Greinke, Zack"
60,MIL,8,"Weeks Jr., Rickie","Morgan, Nyjer","Braun, Ryan","Ramirez, Aramis","Hart, Corey","Gamel, Mat","Gonzalez, Alex","Kottaras, George","Wolf, Randy"
61,MIL,9,"Weeks Jr., Rickie","Gómez, Carlos","Braun, Ryan","Ramirez, Aramis","Hart, Corey","Lucroy, Jonathan","Gamel, Mat","Izturis, Cesar","Marcum, Shaun"
62,MIL,10,"Weeks Jr., Rickie","Morgan, Nyjer","Braun, Ryan","Ramirez, Aramis","Hart, Corey","Gamel, Mat","Lucroy, Jonathan","Izturis, Cesar","Narveson, Chris"
63,MIL,11,"Weeks Jr., Rickie","Morgan, Nyjer","Braun, Ryan","Ramirez, Aramis","Hart, Corey","Gamel, Mat","Lucroy, Jonathan","Izturis, Cesar","Gallardo, Yovani"
64,MIL,12,"Weeks Jr., Rickie","Gómez, Carlos","Braun, Ryan","Ramirez, Aramis","Hart, Corey","Gonzalez, Alex","Gamel, Mat","Lucroy, Jonathan","Greinke, Zack"
65,STL,1,"Furcal, Rafael","Beltrán, Carlos","Holliday, Matt","Berkman, Lance","Freese, David","Molina, Yadier","Jay, Jon","Descalso, Daniel","Lohse, Kyle"
66,STL,2,"Furcal, Rafael","Beltrán, Carlos","Holliday, Matt","Berkman, Lance","Freese, David","Molina, Yadier","Jay, Jon","Descalso, Daniel","García, Jaime"
67,STL,3,"Furcal, Rafael","Beltrán, Carlos","Holliday, Matt","Berkman, Lance","Freese, David","Molina, Yadier","Jay, Jon","Descalso, Daniel","Wainwright, Adam"
68,STL,4,"Furcal, Rafael","Greene, Tyler","Holliday, Matt","Beltrán, Carlos","Freese, David","Carpenter, Matt","Cruz, Tony","Robinson, Shane","Lynn, Lance"
69,STL,5,"Furcal, Rafael","Beltrán, Carlos","Holliday, Matt","Berkman, Lance","Freese, David","Molina, Yadier","Jay, Jon","Descalso, Daniel","Westbrook, Jake"
70,STL,6,"Jay, Jon","Beltrán, Carlos","Holliday, Matt","Berkman, Lance","Freese, David","Molina, Yadier","Descalso, Daniel","Greene, Tyler","Lohse, Kyle"
71,STL,7,"Furcal, Rafael","Jay, Jon","Holliday, Matt","Carpenter, Matt","Molina, Yadier","Descalso, Daniel","Greene, Tyler","Komatsu, Erik","García, Jaime"
72,STL,8,"Furcal, Rafael","Jay, Jon","Holliday, Matt","Beltrán, Carlos","Freese, David","Molina, Yadier","Carpenter, Matt","Descalso, Daniel","Wainwright, Adam"
73,STL,9,"Furcal, Rafael","Jay, Jon","Holliday, Matt","Beltrán, Carlos","Carpenter, Matt","Molina, Yadier","Descalso, Daniel","Greene, Tyler","Lynn, Lance"
74,STL,10,"Furcal, Rafael","Greene, Tyler","Holliday, Matt","Beltrán, Carlos","Molina, Yadier","Carpenter, Matt","Robinson, Shane","Descalso, Daniel","Westbrook, Jake"
75,STL,11,"Furcal, Rafael","Beltrán, Carlos","Holliday, Matt","Berkman, Lance","Freese, David","Molina, Yadier","Jay, Jon","Descalso, Daniel","Lohse, Kyle"
76,STL,12,"Furcal, Rafael","Beltrán, Carlos","Holliday, Matt","Berkman, Lance","Freese, David","Molina, Yadier","Jay, Jon","Greene, Tyler","García, Jaime"
77,CHC,1,"DeJesus, David","Barney, Darwin","Castro, Starlin","Soriano, Alfonso","Stewart, Ian","Baker, Jeff","Byrd, Marlon","Soto, Geovany","Dempster, Ryan"
78,CHC,2,"Johnson, Reed","Mather, Joe","Castro, Starlin","Soriano, Alfonso","Baker, Jeff","Soto, Geovany","Byrd, Marlon","Barney, Darwin","Garza, Matt"
79,CHC,3,"DeJesus, David","Barney, Darwin","Castro, Starlin","Soriano, Alfonso","Stewart, Ian","LaHair, Bryan","Byrd, Marlon","Clevenger, Steve","Samardzija, Jeff"
80,CHC,4,"DeJesus, David","Barney, Darwin","Castro, Starlin","Soriano, Alfonso","Stewart, Ian","LaHair, Bryan","Soto, Geovany","Byrd, Marlon","Volstad, Chris"
81,CHC,5,"DeJesus, David","Barney, Darwin","Castro, Starlin","Soriano, Alfonso","Stewart, Ian","Baker, Jeff","Soto, Geovany","Byrd, Marlon","Maholm, Paul"
82,CHC,6,"DeJesus, David","Barney, Darwin","Castro, Starlin","Soriano, Alfonso","Stewart, Ian","LaHair, Bryan","Soto, Geovany","Byrd, Marlon","Dempster, Ryan"
83,CHC,7,"DeJesus, David","Barney, Darwin","Castro, Starlin","Soriano, Alfonso","Stewart, Ian","LaHair, Bryan","Clevenger, Steve","Johnson, Reed","Garza, Matt"
84,CHC,8,"DeJesus, David","Barney, Darwin","Castro, Starlin","Soriano, Alfonso","Stewart, Ian","LaHair, Bryan","Soto, Geovany","Byrd, Marlon","Samardzija, Jeff"
85,CHC,9,"DeJesus, David","Barney, Darwin","Castro, Starlin","Soriano, Alfonso","Stewart, Ian","LaHair, Bryan","Soto, Geovany","Byrd, Marlon","Volstad, Chris"
86,CHC,10,"Johnson, Reed","DeWitt, Blake","Castro, Starlin","Baker, Jeff","Stewart, Ian","Mather, Joe","Soto, Geovany","Byrd, Marlon","Maholm, Paul"
87,CHC,11,"DeJesus, David","Barney, Darwin","Castro, Starlin","Soriano, Alfonso","Stewart, Ian","Clevenger, Steve","LaHair, Bryan","Byrd, Marlon","Dempster, Ryan"
88,CHC,12,"Johnson, Reed","Barney, Darwin","Castro, Starlin","Soriano, Alfonso","Baker, Jeff","Stewart, Ian","Soto, Geovany","Byrd, Marlon","Garza, Matt"
89,ARI,1,"Bloomquist, Willie","Young, Chris","Upton, Justin","Montero, Miguel","Goldschmidt, Paul","Kubel, Jason","Roberts, Ryan","Hill, Aaron","Kennedy, Ian"
90,ARI,2,"Roberts, Ryan","Hill, Aaron","Upton, Justin","Montero, Miguel","Young, Chris","Goldschmidt, Paul","Kubel, Jason","McDonald, John","Hudson, Daniel"
91,ARI,3,"Bloomquist, Willie","Hill, Aaron","Upton, Justin","Montero, Miguel","Young, Chris","Roberts, Ryan","Overbay, Lyle","Parra, Gerardo","Blum, Geoff"
92,ARI,4,"Bloomquist, Willie","Parra, Gerardo","Young, Chris","Montero, Miguel","Goldschmidt, Paul","Kubel, Jason","Roberts, Ryan","Hill, Aaron","Cahill, Trevor"
93,ARI,5,"Bloomquist, Willie","Hill, Aaron","Upton, Justin","Montero, Miguel","Young, Chris","Kubel, Jason","Goldschmidt, Paul","Roberts, Ryan","Saunders, Joe"
94,ARI,6,"Bloomquist, Willie","Kubel, Jason","Upton, Justin","Montero, Miguel","Young, Chris","Overbay, Lyle","Blum, Geoff","Hill, Aaron","Kennedy, Ian"
95,ARI,7,"Bloomquist, Willie","Kubel, Jason","Upton, Justin","Montero, Miguel","Young, Chris","Goldschmidt, Paul","Blum, Geoff","Roberts, Ryan","Hudson, Daniel"
96,ARI,8,"Roberts, Ryan","Parra, Gerardo","Upton, Justin","Montero, Miguel","Young, Chris","Overbay, Lyle","Hill, Aaron","McDonald, John","Collmenter, Josh"
97,ARI,9,"Roberts, Ryan","Parra, Gerardo","Upton, Justin","Young, Chris","Goldschmidt, Paul","Hill, Aaron","McDonald, John","Blanco, Henry","Cahill, Trevor"
98,ARI,10,"Bloomquist, Willie","Hill, Aaron","Upton, Justin","Montero, Miguel","Young, Chris","Goldschmidt, Paul","Kubel, Jason","Roberts, Ryan","Saunders, Joe"
99,ARI,11,"Bloomquist, Willie","Parra, Gerardo","Young, Chris","Montero, Miguel","Kubel, Jason","Roberts, Ryan","Overbay, Lyle","Hill, Aaron","Kennedy, Ian"
100,ARI,12,"Bloomquist, Willie","Hill, Aaron","Kubel, Jason","Montero, Miguel","Roberts, Ryan","Overbay, Lyle","Pollock, AJ","Parra, Gerardo","Hudson, Daniel"
101,LAD,1,"Strange-Gordon, Dee","Ellis, Mark","Kemp, Matt","Ethier, Andre","Rivera, Juan","Loney, James","Uribe, Juan","Ellis, A.J.","Kershaw, Clayton"
102,LAD,2,"Strange-Gordon, Dee","Ellis, Mark","Kemp, Matt","Rivera, Juan","Ethier, Andre","Hairston, Jerry","Uribe, Juan","Ellis, A.J.","Billingsley, Chad"
103,LAD,3,"Strange-Gordon, Dee","Ellis, Mark","Kemp, Matt","Ethier, Andre","Loney, James","Kennedy, Adam","Ellis, A.J.","Gwynn Jr., Tony","Capuano, Chris"
104,LAD,4,"Strange-Gordon, Dee","Sellers, Justin","Kemp, Matt","Rivera, Juan","Ethier, Andre","Uribe, Juan","Loney, James","Treanor, Matt","Harang, Aaron"
105,LAD,5,"Strange-Gordon, Dee","Ellis, Mark","Kemp, Matt","Ethier, Andre","Rivera, Juan","Loney, James","Uribe, Juan","Ellis, A.J.","Kershaw, Clayton"
106,LAD,6,"Strange-Gordon, Dee","Ellis, Mark","Kemp, Matt","Rivera, Juan","Ethier, Andre","Hairston, Jerry","Uribe, Juan","Ellis, A.J.","Billingsley, Chad"
107,LAD,7,"Strange-Gordon, Dee","Ellis, Mark","Kemp, Matt","Ethier, Andre","Rivera, Juan","Loney, James","Uribe, Juan","Ellis, A.J.","Capuano, Chris"
108,LAD,8,"Gwynn Jr., Tony","Ellis, Mark","Kemp, Matt","Rivera, Juan","Ethier, Andre","Uribe, Juan","Sellers, Justin","Ellis, A.J.","Harang, Aaron"
109,LAD,9,"Strange-Gordon, Dee","Gwynn Jr., Tony","Kemp, Matt","Ethier, Andre","Loney, James","Hairston, Jerry","Kennedy, Adam","Treanor, Matt","Lilly, Ted"
110,LAD,10,"Strange-Gordon, Dee","Ellis, Mark","Kemp, Matt","Ethier, Andre","Rivera, Juan","Loney, James","Uribe, Juan","Ellis, A.J.","Kershaw, Clayton"
111,LAD,11,"Strange-Gordon, Dee","Ellis, Mark","Kemp, Matt","Ethier, Andre","Rivera, Juan","Loney, James","Uribe, Juan","Ellis, A.J.","Billingsley, Chad"
112,LAD,12,"Strange-Gordon, Dee","Ellis, Mark","Kemp, Matt","Ethier, Andre","Loney, James","Hairston, Jerry","Gwynn Jr., Tony","Ellis, A.J.","Capuano, Chris"
113,SF,1,"Pagán, Ángel","Cabrera, Melky","Sandoval, Pablo","Posey, Buster","Huff, Aubrey","Belt, Brandon","Theriot, Ryan","Crawford, Brandon","Lincecum, Tim"
114,SF,2,"Pagán, Ángel","Cabrera, Melky","Sandoval, Pablo","Posey, Buster","Huff, Aubrey","Belt, Brandon","Theriot, Ryan","Crawford, Brandon","Bumgarner, Madison"
115,SF,3,"Blanco, Grégor","Cabrera, Melky","Sandoval, Pablo","Posey, Buster","Huff, Aubrey","Belt, Brandon","Crawford, Brandon","Burriss, Emmanuel","Cain, Matt"
116,SF,4,"Blanco, Grégor","Cabrera, Melky","Sandoval, Pablo","Huff, Aubrey","Sánchez, Héctor","Pagán, Ángel","Crawford, Brandon","Theriot, Ryan","Zito, Barry"
117,SF,5,"Pagán, Ángel","Cabrera, Melky","Sandoval, Pablo","Huff, Aubrey","Sánchez, Héctor","Schierholtz, Nate","Crawford, Brandon","Burriss, Emmanuel","Lincecum, Tim"
118,SF,6,"Pagán, Ángel","Cabrera, Melky","Sandoval, Pablo","Posey, Buster","Pill, Brett","Schierholtz, Nate","Theriot, Ryan","Crawford, Brandon","Bumgarner, Madison"
119,SF,7,"Pagán, Ángel","Cabrera, Melky","Sandoval, Pablo","Posey, Buster","Huff, Aubrey","Schierholtz, Nate","Crawford, Brandon","Burriss, Emmanuel","Cain, Matt"
120,SF,8,"Pagán, Ángel","Cabrera, Melky","Sandoval, Pablo","Huff, Aubrey","Sánchez, Héctor","Schierholtz, Nate","Crawford, Brandon","Burriss, Emmanuel","Zito, Barry"
121,SF,9,"Pagán, Ángel","Cabrera, Melky","Sandoval, Pablo","Posey, Buster","Schierholtz, Nate","Belt, Brandon","Crawford, Brandon","Burriss, Emmanuel","Vogelsong, Ryan"
122,SF,10,"Pagán, Ángel","Cabrera, Melky","Sandoval, Pablo","Posey, Buster","Huff, Aubrey","Belt, Brandon","Crawford, Brandon","Burriss, Emmanuel","Lincecum, Tim"
123,SF,11,"Pagán, Ángel","Cabrera, Melky","Sandoval, Pablo","Posey, Buster","Huff, Aubrey","Schierholtz, Nate","Crawford, Brandon","Burriss, Emmanuel","Bumgarner, Madison"
124,SF,12,"Pagán, Ángel","Cabrera, Melky","Sandoval, Pablo","Posey, Buster","Pill, Brett","Theriot, Ryan","Schierholtz, Nate","Crawford, Brandon","Cain, Matt"
125,CLE,1,"Brantley, Michael","Cabrera, Asdrúbal","Choo, Shin-Soo","Santana, Carlos","Hafner, Travis","Duncan, Shelley","Kotchman, Casey","Kipnis, Jason","Hannahan, Jack"
126,CLE,2,"Brantley, Michael","Cabrera, Asdrúbal","Choo, Shin-Soo","Santana, Carlos","Hafner, Travis","Duncan, Shelley","Kotchman, Casey","Kipnis, Jason","Hannahan, Jack"
127,CLE,3,"Brantley, Michael","Cabrera, Asdrúbal","Choo, Shin-Soo","Santana, Carlos","Hafner, Travis","Duncan, Shelley","Kotchman, Casey","Kipnis, Jason","Hannahan, Jack"
128,CLE,4,"Donald, Jason","Cabrera, Asdrúbal","Choo, Shin-Soo","Santana, Carlos","Lopez, Jose","Duncan, Shelley","Kipnis, Jason","Cunningham, Aaron","Marson, Lou"
129,CLE,5,"Brantley, Michael","Cabrera, Asdrúbal","Choo, Shin-Soo","Santana, Carlos","Hafner, Travis","Duncan, Shelley","Kotchman, Casey","Kipnis, Jason","Hannahan, Jack"
130,CLE,6,"Brantley, Michael","Cabrera, Asdrúbal","Choo, Shin-Soo","Santana, Carlos","Hafner, Travis","Duncan, Shelley","Kotchman, Casey","Kipnis, Jason","Hannahan, Jack"
131,CLE,7,"Brantley, Michael","Cabrera, Asdrúbal","Choo, Shin-Soo","Santana, Carlos","Duncan, Shelley","Lopez, Jose","Kotchman, Casey","Donald, Jason","Hannahan, Jack"
132,CLE,8,"Brantley, Michael","Cabrera, Asdrúbal","Choo, Shin-Soo","Hafner, Travis","Duncan, Shelley","Kotchman, Casey","Kipnis, Jason","Hannahan, Jack","Marson, Lou"
133,CLE,9,"Brantley, Michael","Kipnis, Jason","Choo, Shin-Soo","Santana, Carlos","Hafner, Travis","Duncan, Shelley","Kotchman, Casey","Hannahan, Jack","Donald, Jason"
134,CLE,10,"Donald, Jason","Kipnis, Jason","Choo, Shin-Soo","Santana, Carlos","Hafner, Travis","Duncan, Shelley","Lopez, Jose","Kotchman, Casey","Cunningham, Aaron"
135,SEA,1,"Figgins, Chone","Ackley, Dustin","Suzuki, Ichiro","Smoak, Justin","Montero, Jesus","Seager, Kyle","Olivo, Miguel","Saunders, Michael","Ryan, Brendan"
136,SEA,2,"Figgins, Chone","Ackley, Dustin","Suzuki, Ichiro","Smoak, Justin","Montero, Jesus","Seager, Kyle","Olivo, Miguel","Saunders, Michael","Kawasaki, Munenori"
137,SEA,3,"Figgins, Chone","Ackley, Dustin","Suzuki, Ichiro","Smoak, Justin","Seager, Kyle","Saunders, Michael","Olivo, Miguel","Kawasaki, Munenori","Ryan, Brendan"
138,SEA,4,"Figgins, Chone","Ackley, Dustin","Suzuki, Ichiro","Smoak, Justin","Seager, Kyle","Montero, Jesus","Saunders, Michael","Olivo, Miguel","Kawasaki, Munenori"
139,SEA,5,"Figgins, Chone","Ackley, Dustin","Suzuki, Ichiro","Smoak, Justin","Seager, Kyle","Montero, Jesus","Saunders, Michael","Ryan, Brendan","Jaso, John"
140,SEA,6,"Figgins, Chone","Liddi, Alex","Suzuki, Ichiro","Smoak, Justin","Montero, Jesus","Seager, Kyle","Olivo, Miguel","Wells, Casper","Ryan, Brendan"
141,SEA,7,"Figgins, Chone","Ackley, Dustin","Suzuki, Ichiro","Smoak, Justin","Seager, Kyle","Montero, Jesus","Saunders, Michael","Olivo, Miguel","Ryan, Brendan"
142,SEA,8,"Figgins, Chone","Ackley, Dustin","Suzuki, Ichiro","Smoak, Justin","Montero, Jesus","Liddi, Alex","Olivo, Miguel","Wells, Casper","Ryan, Brendan"
143,SEA,9,"Figgins, Chone","Ackley, Dustin","Suzuki, Ichiro","Smoak, Justin","Montero, Jesus","Seager, Kyle","Saunders, Michael","Olivo, Miguel","Ryan, Brendan"
144,SEA,10,"Figgins, Chone","Ackley, Dustin","Suzuki, Ichiro","Smoak, Justin","Seager, Kyle","Montero, Jesus","Saunders, Michael","Ryan, Brendan","Jaso, John"
145,SEA,11,"Figgins, Chone","Ackley, Dustin","Suzuki, Ichiro","Montero, Jesus","Seager, Kyle","Saunders, Michael","Olivo, Miguel","Kawasaki, Munenori","Ryan, Brendan"
146,MIA,1,"Reyes, José","Bonifácio, Emilio","Ramirez, Hanley","Stanton, Giancarlo","Morrison, Logan","Sanchez, Gaby","Infante, Omar","Buck, John","Johnson, Josh"
147,MIA,2,"Reyes, José","Bonifácio, Emilio","Ramirez, Hanley","Stanton, Giancarlo","Sanchez, Gaby","Coghlan, Chris","Infante, Omar","Buck, John","Buehrle, Mark"
148,MIA,3,"Reyes, José","Bonifácio, Emilio","Ramirez, Hanley","Stanton, Giancarlo","Morrison, Logan","Sanchez, Gaby","Infante, Omar","Buck, John","Nolasco, Ricky"
149,MIA,4,"Reyes, José","Bonifácio, Emilio","Ramirez, Hanley","Stanton, Giancarlo","Morrison, Logan","Infante, Omar","Dobbs, Greg","Hayes, Brett","Zambrano, Carlos"
150,MIA,5,"Reyes, José","Bonifácio, Emilio","Ramirez, Hanley","Sanchez, Gaby","Kearns, Austin","Coghlan, Chris","Infante, Omar","Buck, John","Sánchez, Aníbal"
151,MIA,6,"Reyes, José","Bonifácio, Emilio","Ramirez, Hanley","Stanton, Giancarlo","Morrison, Logan","Sanchez, Gaby","Infante, Omar","Buck, John","Johnson, Josh"
152,MIA,7,"Reyes, José","Bonifácio, Emilio","Ramirez, Hanley","Stanton, Giancarlo","Morrison, Logan","Sanchez, Gaby","Infante, Omar","Buck, John","Buehrle, Mark"
153,MIA,8,"Reyes, José","Bonifácio, Emilio","Ramirez, Hanley","Stanton, Giancarlo","Infante, Omar","Coghlan, Chris","Sanchez, Gaby","Buck, John","Nolasco, Ricky"
154,MIA,9,"Reyes, José","Bonifácio, Emilio","Ramirez, Hanley","Morrison, Logan","Sanchez, Gaby","Coghlan, Chris","Murphy, Donnie","Hayes, Brett","Zambrano, Carlos"
155,MIA,10,"Reyes, José","Bonifácio, Emilio","Ramirez, Hanley","Stanton, Giancarlo","Infante, Omar","Morrison, Logan","Sanchez, Gaby","Buck, John","Sánchez, Aníbal"
156,MIA,11,"Reyes, José","Bonifácio, Emilio","Ramirez, Hanley","Morrison, Logan","Infante, Omar","Stanton, Giancarlo","Sanchez, Gaby","Buck, John","Johnson, Josh"
157,MIA,12,"Reyes, José","Bonifácio, Emilio","Ramirez, Hanley","Morrison, Logan","Stanton, Giancarlo","Sanchez, Gaby","Buck, John","Murphy, Donnie","Buehrle, Mark"
158,NYM,1,"Torres, Andres","Murphy, Daniel","Wright, David","Davis, Ike","Bay, Jason","Duda, Lucas","Thole, Josh","Tejada, Rubén","Santana, Johan"
159,NYM,2,"Tejada, Rubén","Murphy, Daniel","Wright, David","Davis, Ike","Bay, Jason","Duda, Lucas","Thole, Josh","Nieuwenhuis, Kirk","Dickey, R.A."
160,NYM,3,"Tejada, Rubén","Murphy, Daniel","Wright, David","Davis, Ike","Bay, Jason","Duda, Lucas","Hairston, Scott","Nickeas, Mike","Niese, Jonathon"
161,NYM,4,"Tejada, Rubén","Murphy, Daniel","Wright, David","Davis, Ike","Bay, Jason","Duda, Lucas","Thole, Josh","Nieuwenhuis, Kirk","Pelfrey, Mike"
162,NYM,5,"Tejada, Rubén","Cedeno, Ronny","Murphy, Daniel","Bay, Jason","Duda, Lucas","Turner, Justin","Hairston, Scott","Nickeas, Mike","Gee, Dillon"
163,NYM,6,"Tejada, Rubén","Murphy, Daniel","Duda, Lucas","Davis, Ike","Bay, Jason","Thole, Josh","Nieuwenhuis, Kirk","Cedeno, Ronny","Santana, Johan"
164,NYM,7,"Tejada, Rubén","Murphy, Daniel","Turner, Justin","Davis, Ike","Bay, Jason","Duda, Lucas","Hairston, Scott","Thole, Josh","Dickey, R.A."
165,NYM,8,"Tejada, Rubén","Murphy, Daniel","Wright, David","Davis, Ike","Bay, Jason","Duda, Lucas","Nieuwenhuis, Kirk","Thole, Josh","Niese, Jonathon"
166,NYM,9,"Tejada, Rubén","Murphy, Daniel","Wright, David","Davis, Ike","Hairston, Scott","Duda, Lucas","Nieuwenhuis, Kirk","Nickeas, Mike","Pelfrey, Mike"
167,NYM,10,"Tejada, Rubén","Murphy, Daniel","Wright, David","Davis, Ike","Bay, Jason","Duda, Lucas","Thole, Josh","Nieuwenhuis, Kirk","Gee, Dillon"
168,NYM,11,"Tejada, Rubén","Murphy, Daniel","Wright, David","Davis, Ike","Bay, Jason","Duda, Lucas","Thole, Josh","Nieuwenhuis, Kirk","Batista, Miguel"
169,NYM,12,"Nieuwenhuis, Kirk","Murphy, Daniel","Wright, David","Davis, Ike","Bay, Jason","Duda, Lucas","Thole, Josh","Cedeno, Ronny","Dickey, R.A."
170,WSH,1,"Desmond, Ian","Espinosa, Danny","Zimmerman, Ryan","LaRoche, Adam","Werth, Jayson","DeRosa, Mark","Bernadina, Roger","Ramos, Wilson","Strasburg, Stephen"
171,WSH,2,"Desmond, Ian","Espinosa, Danny","Zimmerman, Ryan","LaRoche, Adam","Werth, Jayson","DeRosa, Mark","Bernadina, Roger","Ramos, Wilson","González, Gio"
172,WSH,3,"Desmond, Ian","Espinosa, Danny","Zimmerman, Ryan","LaRoche, Adam","Werth, Jayson","Nady, Xavier","Bernadina, Roger","Ramos, Wilson","Zimmermann, Jordan"
173,WSH,4,"Desmond, Ian","Espinosa, Danny","Zimmerman, Ryan","LaRoche, Adam","Werth, Jayson","DeRosa, Mark","Bernadina, Roger","Flores, Jesus","Jackson, Edwin"
174,WSH,5,"Desmond, Ian","Lombardozzi, Steve","Zimmerman, Ryan","LaRoche, Adam","Werth, Jayson","Nady, Xavier","Bernadina, Roger","Ramos, Wilson","Detwiler, Ross"
175,WSH,6,"Desmond, Ian","Espinosa, Danny","Zimmerman, Ryan","Werth, Jayson","DeRosa, Mark","DeRosa, Mark","LaRoche, Adam","Nady, Xavier","Flores, Jesus"
176,WSH,7,"Desmond, Ian","Espinosa, Danny","Zimmerman, Ryan","LaRoche, Adam","Werth, Jayson","Nady, Xavier","Bernadina, Roger","Ramos, Wilson","González, Gio"
177,WSH,8,"Desmond, Ian","Espinosa, Danny","Zimmerman, Ryan","LaRoche, Adam","Werth, Jayson","DeRosa, Mark","Bernadina, Roger","Ramos, Wilson","Zimmermann, Jordan"
178,WSH,9,"Desmond, Ian","Espinosa, Danny","Zimmerman, Ryan","LaRoche, Adam","Werth, Jayson","Nady, Xavier","Ankiel, Rick","Flores, Jesus","Jackson, Edwin"
179,WSH,10,"Desmond, Ian","Espinosa, Danny","Zimmerman, Ryan","LaRoche, Adam","Werth, Jayson","DeRosa, Mark","Ankiel, Rick","Ramos, Wilson","Detwiler, Ross"
180,WSH,11,"Desmond, Ian","Lombardozzi, Steve","Zimmerman, Ryan","LaRoche, Adam","Werth, Jayson","Nady, Xavier","Ankiel, Rick","Ramos, Wilson","Strasburg, Stephen"
181,WSH,12,"Desmond, Ian","Espinosa, Danny","Zimmerman, Ryan","Werth, Jayson","LaRoche, Adam","DeRosa, Mark","Nady, Xavier","Flores, Jesus","González, Gio"
182,WSH,13,"Desmond, Ian","Espinosa, Danny","Zimmerman, Ryan","LaRoche, Adam","Werth, Jayson","Ankiel, Rick","Ramos, Wilson","Bernadina, Roger","Zimmermann, Jordan"
183,BAL,1,"Reimold, Nolan","Hardy, J.J.","Markakis, Nick","Jones, Adam","Wieters, Matt","Betemit, Wilson","Reynolds, Mark","Davis, Chris","Andino, Robert"
184,BAL,2,"Reimold, Nolan","Hardy, J.J.","Markakis, Nick","Jones, Adam","Wieters, Matt","Reynolds, Mark","Johnson, Nick","Paulino, Ronny","Andino, Robert"
185,BAL,3,"Chavez, Endy","Hardy, J.J.","Markakis, Nick","Jones, Adam","Wieters, Matt","Johnson, Nick","Betemit, Wilson","Davis, Chris","Andino, Robert"
186,BAL,4,"Reimold, Nolan","Hardy, J.J.","Markakis, Nick","Jones, Adam","Wieters, Matt","Reynolds, Mark","Betemit, Wilson","Davis, Chris","Andino, Robert"
187,BAL,5,"Chavez, Endy","Hardy, J.J.","Markakis, Nick","Jones, Adam","Wieters, Matt","Johnson, Nick","Reynolds, Mark","Davis, Chris","Andino, Robert"
188,BAL,6,"Reimold, Nolan","Hardy, J.J.","Markakis, Nick","Jones, Adam","Wieters, Matt","Reynolds, Mark","Paulino, Ronny","Betemit, Wilson","Andino, Robert"
189,BAL,7,"Reimold, Nolan","Hardy, J.J.","Markakis, Nick","Jones, Adam","Wieters, Matt","Betemit, Wilson","Reynolds, Mark","Davis, Chris","Andino, Robert"
190,BAL,8,"Reimold, Nolan","Hardy, J.J.","Markakis, Nick","Jones, Adam","Wieters, Matt","Betemit, Wilson","Reynolds, Mark","Davis, Chris","Andino, Robert"
191,BAL,9,"Chavez, Endy","Johnson, Nick","Markakis, Nick","Jones, Adam","Betemit, Wilson","Davis, Chris","Paulino, Ronny","Flaherty, Ryan","Andino, Robert"
192,BAL,10,"Chavez, Endy","Hardy, J.J.","Markakis, Nick","Jones, Adam","Wieters, Matt","Johnson, Nick","Reynolds, Mark","Davis, Chris","Andino, Robert"
193,BAL,11,"Reimold, Nolan","Hardy, J.J.","Markakis, Nick","Jones, Adam","Wieters, Matt","Reynolds, Mark","Betemit, Wilson","Davis, Chris","Andino, Robert"
194,BAL,12,"Reimold, Nolan","Hardy, J.J.","Markakis, Nick","Jones, Adam","Wieters, Matt","Chavez, Endy","Reynolds, Mark","Davis, Chris","Andino, Robert"
195,SD,1,"Maybin, Cameron","Denorfia, Chris","Headley, Chase","Guzman, Jesus","Hundley, Nick","Alonso, Yonder","Hudson, Orlando","Bartlett, Jason","Vólquez, Edinson"
196,SD,2,"Maybin, Cameron","Venable, Will","Headley, Chase","Guzman, Jesus","Alonso, Yonder","Hundley, Nick","Hudson, Orlando","Bartlett, Jason","Luebke, Cory"
197,SD,3,"Maybin, Cameron","Denorfia, Chris","Headley, Chase","Guzman, Jesus","Hundley, Nick","Alonso, Yonder","Hudson, Orlando","Bartlett, Jason","Moseley, Dustin"
198,SD,4,"Maybin, Cameron","Venable, Will","Headley, Chase","Guzman, Jesus","Alonso, Yonder","Baker, John","Bartlett, Jason","Parrino, Andy","Richard, Clayton"
199,SD,5,"Maybin, Cameron","Venable, Will","Headley, Chase","Guzman, Jesus","Alonso, Yonder","Hundley, Nick","Hudson, Orlando","Bartlett, Jason","Vólquez, Edinson"
200,SD,6,"Maybin, Cameron","Denorfia, Chris","Headley, Chase","Guzman, Jesus","Hundley, Nick","Blanks, Kyle","Hudson, Orlando","Parrino, Andy","Luebke, Cory"
201,SD,7,"Maybin, Cameron","Venable, Will","Headley, Chase","Guzman, Jesus","Alonso, Yonder","Hundley, Nick","Hudson, Orlando","Bartlett, Jason","Bass, Anthony"
202,SD,8,"Maybin, Cameron","Venable, Will","Headley, Chase","Alonso, Yonder","Hermida, Jeremy","Hudson, Orlando","Baker, John","Bartlett, Jason","Richard, Clayton"
203,SD,9,"Maybin, Cameron","Denorfia, Chris","Headley, Chase","Guzman, Jesus","Alonso, Yonder","Hundley, Nick","Bartlett, Jason","Hudson, Orlando","Wieland, Joe"
204,SD,10,"Maybin, Cameron","Denorfia, Chris","Headley, Chase","Guzman, Jesus","Hundley, Nick","Venable, Will","Parrino, Andy","Hudson, Orlando","Vólquez, Edinson"
205,SD,11,"Maybin, Cameron","Venable, Will","Headley, Chase","Hermida, Jeremy","Hundley, Nick","Alonso, Yonder","Parrino, Andy","Bartlett, Jason","Luebke, Cory"
206,SD,12,"Maybin, Cameron","Kotsay, Mark","Headley, Chase","Guzman, Jesus","Hundley, Nick","Denorfia, Chris","Parrino, Andy","Bartlett, Jason","Bass, Anthony"
207,SD,13,"Venable, Will","Denorfia, Chris","Headley, Chase","Guzman, Jesus","Alonso, Yonder","Hundley, Nick","Bartlett, Jason","Hudson, Orlando","Richard, Clayton"
208,PHI,1,"Victorino, Shane","Polanco, Placido","Rollins, Jimmy","Pence, Hunter","Wigginton, Ty","Mayberry Jr., John","Ruiz, Carlos","Galvis, Freddy","Halladay, Roy"
209,PHI,2,"Victorino, Shane","Polanco, Placido","Rollins, Jimmy","Pence, Hunter","Nix, Laynce","Mayberry Jr., John","Ruiz, Carlos","Galvis, Freddy","Lee, Cliff"
210,PHI,3,"Pierre, Juan","Victorino, Shane","Rollins, Jimmy","Pence, Hunter","Thome, Jim","Wigginton, Ty","Galvis, Freddy","Schneider, Brian","Worley, Vance"
211,PHI,4,"Pierre, Juan","Polanco, Placido","Rollins, Jimmy","Pence, Hunter","Victorino, Shane","Mayberry Jr., John","Ruiz, Carlos","Galvis, Freddy","Hamels, Cole"
212,PHI,5,"Pierre, Juan","Polanco, Placido","Rollins, Jimmy","Pence, Hunter","Victorino, Shane","Mayberry Jr., John","Ruiz, Carlos","Galvis, Freddy","Halladay, Roy"
213,PHI,6,"Victorino, Shane","Polanco, Placido","Rollins, Jimmy","Pence, Hunter","Mayberry Jr., John","Wigginton, Ty","Ruiz, Carlos","Galvis, Freddy","Blanton, Joe"
214,PHI,7,"Victorino, Shane","Polanco, Placido","Rollins, Jimmy","Pence, Hunter","Thome, Jim","Mayberry Jr., John","Ruiz, Carlos","Galvis, Freddy","Lee, Cliff"
215,PHI,8,"Victorino, Shane","Polanco, Placido","Rollins, Jimmy","Pence, Hunter","Mayberry Jr., John","Wigginton, Ty","Galvis, Freddy","Schneider, Brian","Worley, Vance"
216,PHI,9,"Pierre, Juan","Victorino, Shane","Rollins, Jimmy","Pence, Hunter","Wigginton, Ty","Nix, Laynce","Ruiz, Carlos","Orr, Pete","Hamels, Cole"
217,PHI,10,"Pierre, Juan","Polanco, Placido","Rollins, Jimmy","Pence, Hunter","Victorino, Shane","Nix, Laynce","Ruiz, Carlos","Galvis, Freddy","Halladay, Roy"
218,PHI,11,"Victorino, Shane","Polanco, Placido","Rollins, Jimmy","Pence, Hunter","Wigginton, Ty","Mayberry Jr., John","Ruiz, Carlos","Galvis, Freddy","Blanton, Joe"
219,PHI,12,"Pierre, Juan","Victorino, Shane","Rollins, Jimmy","Pence, Hunter","Wigginton, Ty","Nix, Laynce","Ruiz, Carlos","Galvis, Freddy","Lee, Cliff"
220,PIT,1,"Presley, Alex","Tabata, Jose","McCutchen, Andrew","Walker, Neil","Jones, Garrett","Barajas, Rod","Alvarez, Pedro","Barmes, Clint","Bedard, Erik"
221,PIT,2,"Tabata, Jose","Presley, Alex","McCutchen, Andrew","McGehee, Casey","Hague, Matt","Walker, Neil","Barajas, Rod","Barmes, Clint","Karstens, Jeff"
222,PIT,3,"Presley, Alex","Tabata, Jose","McCutchen, Andrew","Walker, Neil","Jones, Garrett","Barmes, Clint","Alvarez, Pedro","McKenry, Michael","McDonald, James"
223,PIT,4,"Tabata, Jose","Presley, Alex","McCutchen, Andrew","McGehee, Casey","Hague, Matt","Walker, Neil","Barajas, Rod","Barmes, Clint","Correia, Kevin"
224,PIT,5,"Presley, Alex","McLouth, Nate","McCutchen, Andrew","Walker, Neil","Jones, Garrett","Barajas, Rod","Alvarez, Pedro","Barmes, Clint","Bedard, Erik"
225,PIT,6,"Tabata, Jose","Harrison, Josh","McCutchen, Andrew","McGehee, Casey","Navarro, Yamaico","Barmes, Clint","Alvarez, Pedro","McKenry, Michael","Karstens, Jeff"
226,PIT,7,"Presley, Alex","Walker, Neil","McCutchen, Andrew","McGehee, Casey","Jones, Garrett","Barajas, Rod","Alvarez, Pedro","Harrison, Josh","McDonald, James"
227,PIT,8,"Presley, Alex","Tabata, Jose","McCutchen, Andrew","McGehee, Casey","Barajas, Rod","Walker, Neil","Harrison, Josh","Barmes, Clint","Morton, Charlie"
228,PIT,9,"Presley, Alex","Tabata, Jose","McCutchen, Andrew","Jones, Garrett","Walker, Neil","Alvarez, Pedro","Barmes, Clint","McKenry, Michael","Correia, Kevin"
229,PIT,10,"Presley, Alex","Tabata, Jose","McCutchen, Andrew","McGehee, Casey","Walker, Neil","Barajas, Rod","Harrison, Josh","Barmes, Clint","Bedard, Erik"
230,PIT,11,"Presley, Alex","McLouth, Nate","McCutchen, Andrew","Walker, Neil","Jones, Garrett","Barajas, Rod","Alvarez, Pedro","Barmes, Clint","Karstens, Jeff"
231,PIT,12,"Presley, Alex","Barmes, Clint","McCutchen, Andrew","Walker, Neil","McGehee, Casey","Jones, Garrett","Alvarez, Pedro","McKenry, Michael","McDonald, James"
232,TEX,1,"Kinsler, Ian","Andrus, Elvis","Hamilton, Josh","Beltré, Adrián","Young, Michael","Cruz, Nelson","Napoli, Mike","Torrealba, Yorvit","Murphy, David"
233,TEX,2,"Kinsler, Ian","Andrus, Elvis","Hamilton, Josh","Beltré, Adrián","Young, Michael","Cruz, Nelson","Murphy, David","Napoli, Mike","Moreland, Mitch"
234,TEX,3,"Kinsler, Ian","Andrus, Elvis","Hamilton, Josh","Beltré, Adrián","Young, Michael","Cruz, Nelson","Murphy, David","Torrealba, Yorvit","Moreland, Mitch"
235,TEX,4,"Kinsler, Ian","Andrus, Elvis","Hamilton, Josh","Beltré, Adrián","Young, Michael","Cruz, Nelson","Murphy, David","Napoli, Mike","Moreland, Mitch"
236,TEX,5,"Kinsler, Ian","Andrus, Elvis","Hamilton, Josh","Beltré, Adrián","Young, Michael","Cruz, Nelson","Murphy, David","Napoli, Mike","Moreland, Mitch"
237,TEX,6,"Kinsler, Ian","Andrus, Elvis","Hamilton, Josh","Beltré, Adrián","Young, Michael","Cruz, Nelson","Murphy, David","Torrealba, Yorvit","Moreland, Mitch"
238,TEX,7,"Kinsler, Ian","Young, Michael","Hamilton, Josh","Beltré, Adrián","Cruz, Nelson","Napoli, Mike","Torrealba, Yorvit","Gonzalez, Alberto","Gentry, Craig"
239,TEX,8,"Kinsler, Ian","Andrus, Elvis","Hamilton, Josh","Beltré, Adrián","Young, Michael","Cruz, Nelson","Murphy, David","Napoli, Mike","Moreland, Mitch"
240,TEX,9,"Kinsler, Ian","Andrus, Elvis","Hamilton, Josh","Beltré, Adrián","Young, Michael","Cruz, Nelson","Murphy, David","Napoli, Mike","Snyder, Brandon"
241,TEX,10,"Kinsler, Ian","Andrus, Elvis","Hamilton, Josh","Beltré, Adrián","Young, Michael","Cruz, Nelson","Murphy, David","Napoli, Mike","Torrealba, Yorvit"
242,TEX,11,"Kinsler, Ian","Andrus, Elvis","Hamilton, Josh","Beltré, Adrián","Young, Michael","Cruz, Nelson","Napoli, Mike","Torrealba, Yorvit","Gentry, Craig"
243,TEX,12,"Kinsler, Ian","Andrus, Elvis","Hamilton, Josh","Beltré, Adrián","Cruz, Nelson","Murphy, David","Napoli, Mike","Moreland, Mitch","Snyder, Brandon"
244,TB,1,"Jennings, Desmond","Zobrist, Ben","Longoria, Evan","Keppinger, Jeff","Rodríguez, Sean","Pena, Carlos","Johnson, Elliot","Molina, José","Joyce, Matt"
245,TB,2,"Jennings, Desmond","Pena, Carlos","Longoria, Evan","Joyce, Matt","Zobrist, Ben","Scott, Luke","Keppinger, Jeff","Lobaton, Jose","Brignac, Reid"
246,TB,3,"Jennings, Desmond","Pena, Carlos","Longoria, Evan","Joyce, Matt","Zobrist, Ben","Scott, Luke","Keppinger, Jeff","Molina, José","Rodríguez, Sean"
247,TB,4,"Jennings, Desmond","Pena, Carlos","Longoria, Evan","Joyce, Matt","Zobrist, Ben","Keppinger, Jeff","Rodríguez, Sean","Molina, José","Brignac, Reid"
248,TB,5,"Jennings, Desmond","Pena, Carlos","Longoria, Evan","Joyce, Matt","Zobrist, Ben","Vogt, Stephen","Lobaton, Jose","Rodríguez, Sean","Brignac, Reid"
249,TB,6,"Jennings, Desmond","Pena, Carlos","Longoria, Evan","Keppinger, Jeff","Zobrist, Ben","Rodríguez, Sean","Lobaton, Jose","Johnson, Elliot","Joyce, Matt"
250,TB,7,"Jennings, Desmond","Pena, Carlos","Longoria, Evan","Joyce, Matt","Zobrist, Ben","Keppinger, Jeff","Vogt, Stephen","Molina, José","Brignac, Reid"
251,TB,8,"Jennings, Desmond","Pena, Carlos","Longoria, Evan","Joyce, Matt","Zobrist, Ben","Scott, Luke","Keppinger, Jeff","Molina, José","Rodríguez, Sean"
252,TB,9,"Jennings, Desmond","Pena, Carlos","Longoria, Evan","Keppinger, Jeff","Zobrist, Ben","Scott, Luke","Rodríguez, Sean","Joyce, Matt","Gimenez, Chris"
253,TB,10,"Jennings, Desmond","Pena, Carlos","Longoria, Evan","Scott, Luke","Zobrist, Ben","Joyce, Matt","Keppinger, Jeff","Molina, José","Rodríguez, Sean"
254,TB,11,"Jennings, Desmond","Pena, Carlos","Longoria, Evan","Scott, Luke","Zobrist, Ben","Joyce, Matt","Rodríguez, Sean","Brignac, Reid","Gimenez, Chris"
255,TB,12,"Jennings, Desmond","Zobrist, Ben","Pena, Carlos","Longoria, Evan","Scott, Luke","Keppinger, Jeff","Joyce, Matt","Molina, José","Rodríguez, Sean"
256,BOS,1,"Ellsbury, Jacoby","Pedroia, Dustin","González, Adrián","Ortiz, David","Youkilis, Kevin","Sweeney, Ryan","Ross, Cody","Saltalamacchia, Jarrod","Aviles, Mike"
257,BOS,2,"Ellsbury, Jacoby","Pedroia, Dustin","González, Adrián","Ortiz, David","Youkilis, Kevin","Sweeney, Ryan","Ross, Cody","Saltalamacchia, Jarrod","Aviles, Mike"
258,BOS,3,"Punto, Nick","Ellsbury, Jacoby","Pedroia, Dustin","González, Adrián","Ortiz, David","McDonald, Darnell","Sweeney, Ryan","Aviles, Mike","Shoppach, Kelly"
259,BOS,4,"Ellsbury, Jacoby","Pedroia, Dustin","González, Adrián","Youkilis, Kevin","Ortiz, David","Ross, Cody","Sweeney, Ryan","Saltalamacchia, Jarrod","Aviles, Mike"
260,BOS,5,"Ellsbury, Jacoby","Pedroia, Dustin","González, Adrián","Ortiz, David","Youkilis, Kevin","Sweeney, Ryan","Ross, Cody","Saltalamacchia, Jarrod","Punto, Nick"
261,BOS,6,"Ellsbury, Jacoby","Pedroia, Dustin","González, Adrián","Youkilis, Kevin","Ortiz, David","McDonald, Darnell","Ross, Cody","Aviles, Mike","Shoppach, Kelly"
262,BOS,7,"Ellsbury, Jacoby","Pedroia, Dustin","González, Adrián","Youkilis, Kevin","Ortiz, David","McDonald, Darnell","Ross, Cody","Aviles, Mike","Shoppach, Kelly"
263,BOS,8,"Aviles, Mike","Pedroia, Dustin","González, Adrián","Youkilis, Kevin","Ortiz, David","Ross, Cody","Sweeney, Ryan","Saltalamacchia, Jarrod","McDonald, Darnell"
264,BOS,9,"Aviles, Mike","Pedroia, Dustin","González, Adrián","Youkilis, Kevin","Ortiz, David","Ross, Cody","McDonald, Darnell","Shoppach, Kelly","Repko, Jason"
265,BOS,10,"Aviles, Mike","Pedroia, Dustin","González, Adrián","Ortiz, David","Ross, Cody","Sweeney, Ryan","Punto, Nick","Saltalamacchia, Jarrod","McDonald, Darnell"
266,BOS,11,"Aviles, Mike","Pedroia, Dustin","González, Adrián","Ortiz, David","Youkilis, Kevin","Sweeney, Ryan","Ross, Cody","Saltalamacchia, Jarrod","Repko, Jason"
267,BOS,12,"Aviles, Mike","Pedroia, Dustin","González, Adrián","Ross, Cody","Ortiz, David","Youkilis, Kevin","Shoppach, Kelly","McDonald, Darnell","Repko, Jason"
268,CIN,1,"Phillips, Brandon","Cozart, Zack","Votto, Joey","Rolen, Scott","Bruce, Jay","Ludwick, Ryan","Stubbs, Drew","Hanigan, Ryan","Cueto, Johnny"
269,CIN,2,"Phillips, Brandon","Cozart, Zack","Votto, Joey","Rolen, Scott","Bruce, Jay","Heisey, Chris","Stubbs, Drew","Mesoraco, Devin","Latos, Mat"
270,CIN,3,"Phillips, Brandon","Cozart, Zack","Votto, Joey","Ludwick, Ryan","Bruce, Jay","Cairo, Miguel","Stubbs, Drew","Hanigan, Ryan","Arroyo, Bronson"
271,CIN,4,"Phillips, Brandon","Cozart, Zack","Votto, Joey","Rolen, Scott","Bruce, Jay","Heisey, Chris","Stubbs, Drew","Hanigan, Ryan","Bailey, Homer"
272,CIN,5,"Harris, Willie","Cozart, Zack","Votto, Joey","Rolen, Scott","Bruce, Jay","Heisey, Chris","Stubbs, Drew","Mesoraco, Devin","Leake, Mike"
273,CIN,6,"Stubbs, Drew","Cozart, Zack","Votto, Joey","Ludwick, Ryan","Bruce, Jay","Cairo, Miguel","Valdez, Wilson","Hanigan, Ryan","Cueto, Johnny"
274,CIN,7,"Stubbs, Drew","Cozart, Zack","Votto, Joey","Rolen, Scott","Bruce, Jay","Ludwick, Ryan","Valdez, Wilson","Mesoraco, Devin","Latos, Mat"
275,CIN,8,"Stubbs, Drew","Valdez, Wilson","Votto, Joey","Rolen, Scott","Bruce, Jay","Ludwick, Ryan","Harris, Willie","Hanigan, Ryan","Arroyo, Bronson"
276,CIN,9,"Harris, Willie","Cozart, Zack","Votto, Joey","Bruce, Jay","Cairo, Miguel","Heisey, Chris","Stubbs, Drew","Mesoraco, Devin","Bailey, Homer"
277,CIN,10,"Phillips, Brandon","Cozart, Zack","Votto, Joey","Rolen, Scott","Bruce, Jay","Ludwick, Ryan","Heisey, Chris","Hanigan, Ryan","Leake, Mike"
278,CIN,11,"Phillips, Brandon","Cozart, Zack","Votto, Joey","Rolen, Scott","Bruce, Jay","Ludwick, Ryan","Stubbs, Drew","Hanigan, Ryan","Cueto, Johnny"
279,CIN,12,"Cozart, Zack","Stubbs, Drew","Votto, Joey","Phillips, Brandon","Bruce, Jay","Rolen, Scott","Heisey, Chris","Mesoraco, Devin","Latos, Mat"
280,COL,1,"Scutaro, Marco","Fowler, Dexter","González, Carlos","Tulowitzki, Troy","Helton, Todd","Cuddyer, Michael","Hernandez, Ramon","Nelson, Chris","Guthrie, Jeremy"
281,COL,2,"Scutaro, Marco","Fowler, Dexter","González, Carlos","Tulowitzki, Troy","Helton, Todd","Cuddyer, Michael","Hernandez, Ramon","Nelson, Chris","Moyer, Jamie"
282,COL,3,"Colvin, Tyler","Pacheco, Jordan","González, Carlos","Tulowitzki, Troy","Giambi, Jason","Cuddyer, Michael","Rosario, Wilin","Herrera, Jonathan","Nicasio, Juan"
283,COL,4,"Scutaro, Marco","Fowler, Dexter","González, Carlos","Tulowitzki, Troy","Helton, Todd","Cuddyer, Michael","Hernandez, Ramon","Nelson, Chris","Chacín, Jhoulys"
284,COL,5,"Scutaro, Marco","Fowler, Dexter","González, Carlos","Tulowitzki, Troy","Helton, Todd","Cuddyer, Michael","Hernandez, Ramon","Nelson, Chris","Guthrie, Jeremy"
285,COL,6,"Scutaro, Marco","Fowler, Dexter","González, Carlos","Tulowitzki, Troy","Cuddyer, Michael","Rosario, Wilin","Pacheco, Jordan","Nelson, Chris","Moyer, Jamie"
286,COL,7,"Scutaro, Marco","Fowler, Dexter","González, Carlos","Tulowitzki, Troy","Helton, Todd","Cuddyer, Michael","Hernandez, Ramon","Nelson, Chris","Nicasio, Juan"
287,COL,8,"Scutaro, Marco","Fowler, Dexter","Tulowitzki, Troy","Helton, Todd","Cuddyer, Michael","Colvin, Tyler","Hernandez, Ramon","Pacheco, Jordan","Chacín, Jhoulys"
288,COL,9,"Young Jr., Eric","Colvin, Tyler","Tulowitzki, Troy","Giambi, Jason","Cuddyer, Michael","Rosario, Wilin","Nelson, Chris","Herrera, Jonathan","Pomeranz, Drew"
289,COL,10,"Scutaro, Marco","Fowler, Dexter","Tulowitzki, Troy","Helton, Todd","Cuddyer, Michael","Hernandez, Ramon","Colvin, Tyler","Nelson, Chris","Guthrie, Jeremy"
290,COL,11,"Scutaro, Marco","Fowler, Dexter","González, Carlos","Tulowitzki, Troy","Helton, Todd","Cuddyer, Michael","Rosario, Wilin","Nelson, Chris","Moyer, Jamie"
291,COL,12,"Scutaro, Marco","Fowler, Dexter","González, Carlos","Cuddyer, Michael","Helton, Todd","Rosario, Wilin","Nelson, Chris","Herrera, Jonathan","Nicasio, Juan"
292,KC,1,"Gordon, Alex","Cain, Lorenzo","Hosmer, Eric","Butler, Billy","Francoeur, Jeff","Betancourt, Yuniesky","Moustakas, Mike","Peña, Brayan","Escobar, Alcides"
293,KC,2,"Gordon, Alex","Cain, Lorenzo","Hosmer, Eric","Butler, Billy","Francoeur, Jeff","Betancourt, Yuniesky","Moustakas, Mike","Quintero, Humberto","Escobar, Alcides"
294,KC,3,"Gordon, Alex","Escobar, Alcides","Hosmer, Eric","Butler, Billy","Francoeur, Jeff","Moustakas, Mike","Cain, Lorenzo","Quintero, Humberto","Getz, Chris"
295,KC,4,"Bourgeois, Jason","Cain, Lorenzo","Hosmer, Eric","Butler, Billy","Francoeur, Jeff","Betancourt, Yuniesky","Peña, Brayan","Escobar, Alcides","Getz, Chris"
296,KC,5,"Gordon, Alex","Escobar, Alcides","Hosmer, Eric","Butler, Billy","Francoeur, Jeff","Moustakas, Mike","Cain, Lorenzo","Quintero, Humberto","Getz, Chris"
297,KC,6,"Gordon, Alex","Escobar, Alcides","Hosmer, Eric","Butler, Billy","Francoeur, Jeff","Moustakas, Mike","Maier, Mitch","Peña, Brayan","Getz, Chris"
298,KC,7,"Dyson, Jarrod","Francoeur, Jeff","Hosmer, Eric","Butler, Billy","Gordon, Alex","Betancourt, Yuniesky","Moustakas, Mike","Quintero, Humberto","Escobar, Alcides"
299,KC,8,"Dyson, Jarrod","Francoeur, Jeff","Hosmer, Eric","Butler, Billy","Gordon, Alex","Betancourt, Yuniesky","Moustakas, Mike","Quintero, Humberto","Escobar, Alcides"
300,KC,9,"Gordon, Alex","Getz, Chris","Hosmer, Eric","Butler, Billy","Francoeur, Jeff","Moustakas, Mike","Peña, Brayan","Maier, Mitch","Escobar, Alcides"
301,KC,10,"Gordon, Alex","Getz, Chris","Hosmer, Eric","Butler, Billy","Francoeur, Jeff","Moustakas, Mike","Quintero, Humberto","Maier, Mitch","Escobar, Alcides"
302,KC,11,"Gordon, Alex","Bourgeois, Jason","Hosmer, Eric","Butler, Billy","Francoeur, Jeff","Moustakas, Mike","Betancourt, Yuniesky","Peña, Brayan","Escobar, Alcides"
303,KC,12,"Gordon, Alex","Betancourt, Yuniesky","Hosmer, Eric","Butler, Billy","Francoeur, Jeff","Moustakas, Mike","Quintero, Humberto","Maier, Mitch","Escobar, Alcides"
304,DET,1,"Jackson, Austin","Boesch, Brennan","Cabrera, Miguel","Fielder, Prince","Young, Delmon","Raburn, Ryan","Peralta, Jhonny","Avila, Alex","Santiago, Ramon"
305,DET,2,"Jackson, Austin","Boesch, Brennan","Cabrera, Miguel","Fielder, Prince","Young, Delmon","Avila, Alex","Peralta, Jhonny","Dirks, Andy","Raburn, Ryan"
306,DET,3,"Jackson, Austin","Boesch, Brennan","Cabrera, Miguel","Fielder, Prince","Young, Delmon","Avila, Alex","Peralta, Jhonny","Dirks, Andy","Raburn, Ryan"
307,DET,4,"Jackson, Austin","Boesch, Brennan","Cabrera, Miguel","Fielder, Prince","Young, Delmon","Raburn, Ryan","Peralta, Jhonny","Laird, Gerald","Worth, Danny"
308,DET,5,"Jackson, Austin","Boesch, Brennan","Cabrera, Miguel","Fielder, Prince","Peralta, Jhonny","Avila, Alex","Dirks, Andy","Santiago, Ramon","Kelly, Don"
309,DET,6,"Jackson, Austin","Boesch, Brennan","Cabrera, Miguel","Fielder, Prince","Young, Delmon","Avila, Alex","Peralta, Jhonny","Dirks, Andy","Raburn, Ryan"
310,DET,7,"Jackson, Austin","Boesch, Brennan","Cabrera, Miguel","Fielder, Prince","Young, Delmon","Avila, Alex","Peralta, Jhonny","Dirks, Andy","Raburn, Ryan"
311,DET,8,"Jackson, Austin","Boesch, Brennan","Cabrera, Miguel","Fielder, Prince","Young, Delmon","Avila, Alex","Peralta, Jhonny","Dirks, Andy","Raburn, Ryan"
312,DET,9,"Jackson, Austin","Santiago, Ramon","Cabrera, Miguel","Fielder, Prince","Young, Delmon","Raburn, Ryan","Peralta, Jhonny","Inge, Brandon","Laird, Gerald"
313,DET,10,"Jackson, Austin","Boesch, Brennan","Cabrera, Miguel","Fielder, Prince","Young, Delmon","Raburn, Ryan","Peralta, Jhonny","Avila, Alex","Inge, Brandon"
314,DET,11,"Jackson, Austin","Boesch, Brennan","Cabrera, Miguel","Fielder, Prince","Young, Delmon","Avila, Alex","Raburn, Ryan","Santiago, Ramon","Dirks, Andy"
315,DET,12,"Jackson, Austin","Boesch, Brennan","Cabrera, Miguel","Fielder, Prince","Young, Delmon","Raburn, Ryan","Peralta, Jhonny","Inge, Brandon","Laird, Gerald"
316,MIN,1,"Span, Denard","Carroll, Jamey","Mauer, Joe","Morneau, Justin","Willingham, Josh","Doumit, Ryan","Valencia, Danny","Parmelee, Chris","Casilla, Alexi"
317,MIN,2,"Span, Denard","Carroll, Jamey","Mauer, Joe","Morneau, Justin","Willingham, Josh","Parmelee, Chris","Valencia, Danny","Revere, Ben","Casilla, Alexi"
318,MIN,3,"Span, Denard","Carroll, Jamey","Mauer, Joe","Morneau, Justin","Willingham, Josh","Doumit, Ryan","Burroughs, Sean","Hughes, Luke","Revere, Ben"
319,MIN,4,"Span, Denard","Carroll, Jamey","Mauer, Joe","Morneau, Justin","Willingham, Josh","Doumit, Ryan","Valencia, Danny","Plouffe, Trevor","Casilla, Alexi"
320,MIN,5,"Span, Denard","Carroll, Jamey","Mauer, Joe","Morneau, Justin","Willingham, Josh","Doumit, Ryan","Valencia, Danny","Parmelee, Chris","Casilla, Alexi"
321,MIN,6,"Span, Denard","Carroll, Jamey","Mauer, Joe","Morneau, Justin","Willingham, Josh","Parmelee, Chris","Valencia, Danny","Revere, Ben","Casilla, Alexi"
322,MIN,7,"Span, Denard","Carroll, Jamey","Mauer, Joe","Morneau, Justin","Willingham, Josh","Doumit, Ryan","Valencia, Danny","Plouffe, Trevor","Hughes, Luke"
323,MIN,8,"Span, Denard","Carroll, Jamey","Mauer, Joe","Morneau, Justin","Willingham, Josh","Doumit, Ryan","Valencia, Danny","Parmelee, Chris","Casilla, Alexi"
324,MIN,9,"Span, Denard","Carroll, Jamey","Mauer, Joe","Morneau, Justin","Willingham, Josh","Parmelee, Chris","Valencia, Danny","Thomas, Clete","Casilla, Alexi"
325,MIN,10,"Span, Denard","Carroll, Jamey","Mauer, Joe","Willingham, Josh","Morneau, Justin","Doumit, Ryan","Valencia, Danny","Thomas, Clete","Casilla, Alexi"
326,MIN,11,"Span, Denard","Carroll, Jamey","Mauer, Joe","Willingham, Josh","Doumit, Ryan","Valencia, Danny","Plouffe, Trevor","Hughes, Luke","Casilla, Alexi"
327,MIN,12,"Span, Denard","Carroll, Jamey","Mauer, Joe","Willingham, Josh","Morneau, Justin","Parmelee, Chris","Burroughs, Sean","Thomas, Clete","Casilla, Alexi"
328,CWS,1,"De Aza, Alejandro","Morel, Brent","Dunn, Adam","Konerko, Paul","Pierzynski, A.J.","Rios, Alex","Ramirez, Alexei","Viciedo, Dayan","Beckham, Gordon"
329,CWS,2,"De Aza, Alejandro","Lillibridge, Brent","Dunn, Adam","Konerko, Paul","Rios, Alex","Ramirez, Alexei","Flowers, Tyler","Morel, Brent","Beckham, Gordon"
330,CWS,3,"De Aza, Alejandro","Beckham, Gordon","Dunn, Adam","Konerko, Paul","Rios, Alex","Pierzynski, A.J.","Ramirez, Alexei","Viciedo, Dayan","Escobar, Eduardo"
331,CWS,4,"De Aza, Alejandro","Morel, Brent","Dunn, Adam","Konerko, Paul","Pierzynski, A.J.","Rios, Alex","Ramirez, Alexei","Viciedo, Dayan","Beckham, Gordon"
332,CWS,5,"De Aza, Alejandro","Morel, Brent","Dunn, Adam","Konerko, Paul","Pierzynski, A.J.","Ramirez, Alexei","Fukudome, Kosuke","Viciedo, Dayan","Beckham, Gordon"
333,CWS,6,"De Aza, Alejandro","Morel, Brent","Dunn, Adam","Konerko, Paul","Pierzynski, A.J.","Rios, Alex","Ramirez, Alexei","Viciedo, Dayan","Beckham, Gordon"
334,CWS,7,"De Aza, Alejandro","Morel, Brent","Dunn, Adam","Konerko, Paul","Rios, Alex","Ramirez, Alexei","Viciedo, Dayan","Flowers, Tyler","Beckham, Gordon"
335,CWS,8,"De Aza, Alejandro","Morel, Brent","Dunn, Adam","Konerko, Paul","Pierzynski, A.J.","Ramirez, Alexei","Fukudome, Kosuke","Viciedo, Dayan","Escobar, Eduardo"
336,CWS,9,"De Aza, Alejandro","Morel, Brent","Dunn, Adam","Konerko, Paul","Pierzynski, A.J.","Rios, Alex","Ramirez, Alexei","Viciedo, Dayan","Beckham, Gordon"
337,CWS,10,"De Aza, Alejandro","Morel, Brent","Dunn, Adam","Konerko, Paul","Pierzynski, A.J.","Rios, Alex","Ramirez, Alexei","Viciedo, Dayan","Beckham, Gordon"
338,CWS,11,"De Aza, Alejandro","Morel, Brent","Dunn, Adam","Konerko, Paul","Pierzynski, A.J.","Rios, Alex","Fukudome, Kosuke","Ramirez, Alexei","Beckham, Gordon"
339,NYY,1,"Jeter, Derek","Granderson, Curtis","Canó, Robinson","Rodriguez, Alex","Teixeira, Mark","Swisher, Nick","Ibanez, Raul","Martin, Russell","Gardner, Brett"
340,NYY,2,"Jeter, Derek","Swisher, Nick","Canó, Robinson","Rodriguez, Alex","Teixeira, Mark","Granderson, Curtis","Jones, Andruw","Martin, Russell","Núñez, Eduardo"
341,NYY,3,"Jeter, Derek","Granderson, Curtis","Canó, Robinson","Rodriguez, Alex","Teixeira, Mark","Swisher, Nick","Ibanez, Raul","Gardner, Brett","Stewart, Chris"
342,NYY,4,"Jeter, Derek","Swisher, Nick","Canó, Robinson","Rodriguez, Alex","Teixeira, Mark","Granderson, Curtis","Jones, Andruw","Martin, Russell","Núñez, Eduardo"
343,NYY,5,"Jeter, Derek","Swisher, Nick","Canó, Robinson","Rodriguez, Alex","Teixeira, Mark","Granderson, Curtis","Jones, Andruw","Martin, Russell","Gardner, Brett"
344,NYY,6,"Jeter, Derek","Granderson, Curtis","Canó, Robinson","Rodriguez, Alex","Teixeira, Mark","Swisher, Nick","Ibanez, Raul","Martin, Russell","Gardner, Brett"
345,NYY,7,"Jeter, Derek","Granderson, Curtis","Rodriguez, Alex","Canó, Robinson","Teixeira, Mark","Swisher, Nick","Ibanez, Raul","Martin, Russell","Gardner, Brett"
346,NYY,8,"Jeter, Derek","Swisher, Nick","Canó, Robinson","Rodriguez, Alex","Teixeira, Mark","Granderson, Curtis","Jones, Andruw","Martin, Russell","Núñez, Eduardo"
347,NYY,9,"Jeter, Derek","Granderson, Curtis","Rodriguez, Alex","Canó, Robinson","Teixeira, Mark","Swisher, Nick","Ibanez, Raul","Martin, Russell","Gardner, Brett"
348,NYY,10,"Jeter, Derek","Granderson, Curtis","Rodriguez, Alex","Canó, Robinson","Teixeira, Mark","Swisher, Nick","Ibanez, Raul","Martin, Russell","Gardner, Brett"
349,NYY,11,"Jeter, Derek","Swisher, Nick","Canó, Robinson","Rodriguez, Alex","Jones, Andruw","Granderson, Curtis","Núñez, Eduardo","Gardner, Brett","Stewart, Chris"
350,NYY,12,"Jeter, Derek","Granderson, Curtis","Teixeira, Mark","Canó, Robinson","Swisher, Nick","Ibanez, Raul","Jones, Andruw","Chavez, Eric","Martin, Russell"
