,#,Name,Team,G,AB,PA,H,1B,2B,3B,HR,R,RBI,BB,IBB,SO,HBP,SF,SH,GDP,SB,CS,AVG
0,"
				
					
				
					1
				
					
				
					Page size:
						select1020502000
					
				
					  891 items in 1 pages
				
			",,,,,,,,,,,,,,,,,,,,,,
1,"
				
					
				
					1
				
					
				
					Page size:
						select1020502000
					
				
					  891 items in 1 pages
				
			",,,,,,,,,,,,,,,,,,,,,,
2,1,Alec Bohm,PHI,8,11,17,7,5,2,0,0,3,4,3,0,0,0,3,0,0,0,0,.636
3,2,A.J. Pollock,CHW,2,7,7,4,3,1,0,0,1,1,0,0,1,0,0,0,1,0,0,.571
4,3,Danny Jansen,TOR,3,7,8,4,1,1,0,2,3,2,1,0,0,0,0,0,0,0,0,.571
5,4,Cam Gallagher,KCR,2,2,3,1,0,1,0,0,0,1,1,0,1,0,0,0,0,0,0,.500
6,5,Tom Murphy,SEA,4,8,11,4,3,0,0,1,6,1,3,0,2,0,0,0,1,0,0,.500
7,6,Yonathan Daza,COL,5,12,12,6,6,0,0,0,0,0,0,0,0,0,0,0,0,0,0,.500
8,7,Jose Trevino,NYY,5,10,10,5,4,1,0,0,2,2,0,0,1,0,0,0,1,1,0,.500
9,8,Michael Chavis,PIT,6,16,18,8,5,1,1,1,3,6,2,0,1,0,0,0,0,0,1,.500
10,9,Taylor Ward,LAA,2,6,10,3,2,0,0,1,2,1,4,0,2,0,0,0,0,1,1,.500
11,10,Dylan Moore,SEA,4,2,3,1,1,0,0,0,0,1,1,0,0,0,0,0,0,0,0,.500
12,11,Jose Azocar,SDP,9,2,4,1,1,0,0,0,0,1,2,0,1,0,0,0,0,1,1,.500
13,12,Alfonso Rivas III,CHC,2,4,4,2,2,0,0,0,1,1,0,0,1,0,0,0,0,0,0,.500
14,13,Owen Miller,CLE,9,28,33,14,5,7,0,2,9,7,4,0,5,0,1,0,0,0,0,.500
15,14,Jonathan Villar,CHC,5,19,22,9,7,2,0,0,4,4,2,0,3,0,1,0,1,0,0,.474
16,15,Jose Ramirez,CLE,9,35,40,16,8,4,1,3,6,15,3,0,2,1,1,0,1,0,1,.457
17,16,Ji-Man Choi,TBR,9,22,31,10,5,3,0,2,6,7,9,1,7,0,0,0,0,0,0,.455
18,17,Charlie Culberson,TEX,4,9,11,4,3,1,0,0,4,4,2,0,2,0,0,0,0,1,1,.444
19,18,Nolan Arenado,STL,8,30,35,13,4,5,0,4,9,12,5,0,4,0,0,0,0,0,0,.433
20,19,Matt Olson,ATL,11,38,49,16,10,4,0,2,7,2,11,0,8,0,0,0,1,0,0,.421
21,20,Travis Jankowski,NYM,5,12,13,5,5,0,0,0,1,0,1,0,1,0,0,0,0,2,0,.417
22,21,Austin Meadows,DET,7,24,29,10,9,0,1,0,5,2,4,0,6,1,0,0,0,0,1,.417
23,22,Austin Barnes,LAD,3,10,10,4,2,0,0,2,3,2,0,0,2,0,0,0,0,0,0,.400
24,23,Jonah Heim,TEX,4,15,17,6,4,0,0,2,6,8,2,0,1,0,0,0,1,0,0,.400
25,24,Edmundo Sosa,STL,1,5,5,2,2,0,0,0,1,0,0,0,1,0,0,0,1,0,0,.400
26,25,Garrett Stubbs,PHI,3,5,6,2,1,1,0,0,0,0,1,0,0,0,0,0,0,0,0,.400
27,26,Ke'Bryan Hayes,PIT,9,30,32,12,9,3,0,0,5,2,2,0,7,0,0,0,0,2,0,.400
28,27,Luke Williams,SFG,5,5,5,2,1,1,0,0,0,3,0,0,1,0,0,0,0,0,0,.400
29,28,Seiya Suzuki,CHC,9,25,35,10,4,2,0,4,7,11,9,2,9,0,1,0,0,0,0,.400
30,29,Tim Anderson,CHW,7,28,29,11,7,3,0,1,4,4,1,0,3,0,0,0,0,2,0,.393
31,30,Matt Duffy,LAA,7,18,21,7,6,1,0,0,0,1,3,0,5,0,0,0,0,0,0,.389
32,31,Yan Gomes,CHC,3,13,13,5,3,2,0,0,1,1,0,0,1,0,0,0,1,0,0,.385
33,32,Steven Kwan,CLE,8,26,37,10,7,2,1,0,7,5,8,0,2,2,1,0,0,0,1,.385
34,33,Mark Canha,NYM,6,21,26,8,8,0,0,0,2,3,4,0,7,1,0,0,0,0,0,.381
35,34,Yadiel Hernandez,WSN,7,21,24,8,6,2,0,0,2,3,2,0,4,0,1,0,0,0,1,.381
36,35,Seth Beer,ARI,8,21,23,8,6,1,0,1,3,5,2,1,5,0,0,0,1,0,0,.381
37,36,Wander Franco,TBR,10,42,44,16,10,5,1,0,8,5,1,0,4,0,1,0,0,1,0,.381
38,37,Eric Hosmer,SDP,10,37,39,14,9,5,0,0,3,3,2,0,10,0,0,0,0,0,0,.378
39,38,Jon Berti,MIA,5,8,11,3,2,1,0,0,4,0,3,0,1,0,0,0,0,0,0,.375
40,39,Zack Collins,TOR,5,16,17,6,3,2,0,1,2,3,1,0,5,0,0,0,0,0,0,.375
41,40,Alan Trejo,COL,2,8,8,3,2,0,0,1,2,5,0,0,1,0,0,0,0,0,0,.375
42,41,Nathaniel Lowe,TEX,9,35,38,13,11,2,0,0,3,6,3,0,5,0,0,0,1,0,0,.371
43,42,Rafael Devers,BOS,9,38,39,14,9,3,0,2,8,7,1,1,5,0,0,0,0,0,0,.368
44,43,Manuel Margot,TBR,8,30,33,11,10,1,0,0,2,5,3,0,5,0,0,0,0,1,0,.367
45,44,Joc Pederson,SFG,7,22,24,8,6,0,0,2,5,2,1,0,6,1,0,0,1,1,0,.364
46,45,Tyler Wade,LAA,10,22,24,8,7,1,0,0,2,2,1,0,4,0,0,1,1,2,2,.364
47,46,Connor Joe,COL,9,36,43,13,7,3,1,2,8,4,6,0,9,1,0,0,0,1,0,.361
48,47,Andrew Benintendi,KCR,8,28,32,10,9,0,0,1,2,4,4,0,3,0,0,0,0,0,0,.357
49,48,J.P. Crawford,SEA,10,31,40,11,8,3,0,0,5,1,6,0,1,3,0,0,0,1,0,.355
50,49,Jared Walsh,LAA,9,31,33,11,9,0,0,2,5,6,2,0,6,0,0,0,1,0,1,.355
51,50,Josh Bell,WSN,11,40,50,14,11,1,0,2,9,10,8,0,4,1,0,0,2,0,1,.350
52,51,Nicky Lopez,KCR,8,23,25,8,7,1,0,0,3,1,0,0,1,1,0,1,0,0,0,.348
53,52,Andrew Vaughn,CHW,7,23,25,8,5,1,0,2,3,6,2,0,4,0,0,0,0,0,0,.348
54,53,Ian Happ,CHC,8,26,30,9,7,2,0,0,3,5,3,0,8,1,0,0,1,0,0,.346
55,54,Brandon Belt,SFG,7,29,34,10,6,1,0,3,6,7,5,0,8,0,0,0,0,0,0,.345
56,55,Elias Diaz,COL,8,29,29,10,6,3,0,1,3,4,0,0,4,0,0,0,2,0,0,.345
57,56,Jeremy Pena,HOU,8,29,32,10,5,3,1,1,5,2,1,0,5,1,1,0,1,0,0,.345
58,57,Jeff McNeil,NYM,9,32,38,11,10,0,0,1,4,4,5,0,3,1,0,0,0,1,0,.344
59,58,Kris Bryant,COL,9,35,40,12,8,4,0,0,8,4,3,0,7,0,2,0,1,0,0,.343
60,59,Jesus Sanchez,MIA,8,35,36,12,7,1,2,2,6,8,1,0,6,0,0,0,2,0,0,.343
61,60,Albert Pujols,STL,4,15,17,5,3,0,0,2,3,4,2,0,1,0,0,0,0,0,1,.333
62,61,Jason Heyward,CHC,7,18,20,6,5,0,1,0,3,1,2,0,5,0,0,0,0,0,0,.333
63,62,Aaron Hicks,NYY,10,27,33,9,8,0,0,1,2,2,5,1,5,0,0,1,2,0,1,.333
64,63,Dustin Garneau,DET,4,6,7,2,1,1,0,0,1,1,1,0,2,0,0,0,0,0,0,.333
65,64,Randal Grichuk,COL,5,18,21,6,5,1,0,0,2,2,2,0,2,1,0,0,0,1,0,.333
66,65,Brandon Nimmo,NYM,6,24,29,8,4,1,1,2,6,2,4,0,8,0,0,1,0,0,0,.333
67,66,Chris Taylor,LAD,8,30,34,10,6,3,1,0,3,6,3,0,10,0,1,0,1,2,0,.333
68,67,Joey Wendle,MIA,8,24,27,8,6,2,0,0,4,4,2,0,2,1,0,0,0,1,0,.333
69,68,Jack Mayfield,LAA,5,18,19,6,3,1,1,1,3,2,1,0,5,0,0,0,0,0,0,.333
70,69,Jose Siri,HOU,6,18,20,6,4,1,0,1,5,2,2,0,6,0,0,0,0,1,1,.333
71,70,Myles Straw,CLE,9,36,44,12,9,2,1,0,10,1,8,0,6,0,0,0,0,4,0,.333
72,71,Josh Naylor,CLE,2,6,7,2,2,0,0,0,0,0,1,0,1,0,0,0,0,0,0,.333
73,72,Tommy Edman,STL,8,27,31,9,5,1,0,3,4,5,3,0,5,0,0,1,0,0,0,.333
74,73,Andrew Knizner,STL,4,15,16,5,3,1,0,1,1,5,1,0,7,0,0,0,1,0,0,.333
75,74,Bryan De La Cruz,MIA,6,9,13,3,3,0,0,0,1,1,4,0,2,0,0,0,1,0,0,.333
76,75,Heliot Ramos,SFG,4,6,7,2,2,0,0,0,2,0,1,0,2,0,0,0,1,0,0,.333
77,76,Freddie Freeman,LAD,9,37,42,12,9,3,0,0,6,4,3,0,7,1,1,0,1,0,0,.324
78,77,Nick Castellanos,PHI,10,37,42,12,6,4,0,2,5,6,4,0,9,1,0,0,1,0,0,.324
79,78,DJ LeMahieu,NYY,9,28,33,9,6,2,0,1,3,2,3,0,6,2,0,0,0,0,0,.321
80,79,Chas McCormick,HOU,8,25,26,8,6,2,0,0,1,1,1,0,7,0,0,0,0,0,0,.320
81,80,Gavin Lux,LAD,9,25,33,8,5,1,1,1,9,5,7,0,6,0,1,0,0,2,0,.320
82,81,Marcell Ozuna,ATL,11,44,46,14,7,3,0,4,6,8,1,0,5,0,1,0,3,0,0,.318
83,82,Manny Machado,SDP,11,44,48,14,9,4,0,1,8,6,4,0,11,0,0,0,1,3,0,.318
84,83,Jazz Chisholm Jr.,MIA,7,22,27,7,1,2,2,2,5,10,3,0,7,0,2,0,0,0,0,.318
85,84,Javier Baez,DET,5,19,20,6,4,1,0,1,1,4,1,0,4,0,0,0,0,0,0,.316
86,85,Teoscar Hernandez,TOR,6,19,23,6,4,1,0,1,3,3,2,0,6,2,0,0,0,0,0,.316
87,86,Trea Turner,LAD,9,38,41,12,10,0,1,1,6,7,2,0,8,0,1,0,0,2,0,.316
88,87,Nick Solak,TEX,6,19,22,6,5,0,0,1,5,1,2,0,4,1,0,0,0,0,0,.316
89,88,Jake Marisnick,PIT,7,16,18,5,4,1,0,0,2,1,1,0,3,0,0,1,0,0,1,.313
90,89,Orlando Arcia,ATL,4,13,16,4,4,0,0,0,1,4,2,0,3,0,1,0,0,0,0,.308
91,90,Victor Caratini,MIL,5,13,15,4,2,1,0,1,1,1,2,0,3,0,0,0,1,0,0,.308
92,91,Lourdes Gurriel Jr.,TOR,10,36,40,11,8,3,0,0,7,5,2,0,8,1,1,0,0,0,0,.306
93,92,Kyle Farmer,CIN,10,33,37,10,7,3,0,0,4,5,2,0,7,2,0,0,0,1,0,.303
94,93,Tony Kemp,OAK,9,33,37,10,10,0,0,0,4,2,4,0,4,0,0,0,1,1,0,.303
95,94,Francisco Mejia,TBR,6,20,21,6,5,0,0,1,3,7,0,0,7,0,1,0,0,0,0,.300
96,95,Alex Verdugo,BOS,9,30,36,9,5,1,0,3,3,8,4,1,3,0,2,0,1,0,0,.300
97,96,Jake Burger,CHW,6,20,22,6,4,1,0,1,3,4,1,0,6,0,0,1,0,0,0,.300
98,97,C.J. Cron,COL,9,37,39,11,4,1,1,5,7,10,1,0,10,1,0,0,0,0,0,.297
99,98,Hunter Dozier,KCR,7,27,28,8,6,0,1,1,3,3,0,0,4,1,0,0,0,0,1,.296
100,99,Rowdy Tellez,MIL,9,27,30,8,4,3,0,1,5,5,3,0,6,0,0,0,1,0,0,.296
101,100,Luis Arraez,MIN,8,27,29,8,6,1,0,1,2,4,2,0,2,0,0,0,0,0,1,.296
102,101,J.T. Realmuto,PHI,9,34,37,10,8,1,0,1,6,2,3,0,11,0,0,0,0,1,0,.294
103,102,Corey Seager,TEX,8,34,37,10,8,1,0,1,5,7,3,1,7,0,0,0,1,0,0,.294
104,103,Harold Ramirez,TBR,6,17,18,5,3,2,0,0,2,2,0,0,4,0,1,0,0,0,1,.294
105,104,Ernie Clement,CLE,6,17,21,5,4,1,0,0,4,1,2,0,5,2,0,0,0,0,0,.294
106,105,Daniel Vogelbach,PIT,7,24,26,7,5,1,0,1,6,2,2,1,7,0,0,0,0,0,0,.292
107,106,Xander Bogaerts,BOS,8,31,33,9,6,2,0,1,6,4,2,0,10,0,0,0,1,0,0,.290
108,107,Ty France,SEA,10,38,45,11,7,2,0,2,4,9,5,0,6,2,0,0,0,0,0,.289
109,108,Vladimir Guerrero Jr.,TOR,10,38,40,11,5,1,0,5,7,10,2,1,11,0,0,0,0,0,1,.289
110,109,Juan Soto,WSN,11,38,50,11,7,1,0,3,8,3,12,0,7,0,0,0,0,0,0,.289
111,110,Jean Segura,PHI,6,21,23,6,3,1,0,2,3,2,1,0,3,1,0,0,1,0,0,.286
112,111,Jose Iglesias,COL,6,21,24,6,5,1,0,0,2,2,1,0,4,2,0,0,1,0,0,.286
113,112,Willson Contreras,CHC,7,28,32,8,3,3,0,2,7,3,2,0,7,2,0,0,3,0,0,.286
114,113,Stephen Piscotty,OAK,5,14,17,4,4,0,0,0,1,1,2,0,5,1,0,0,0,1,0,.286
115,114,Brian Anderson,MIA,7,21,25,6,4,2,0,0,4,0,3,0,10,1,0,0,0,0,0,.286
116,115,Andrew McCutchen,MIL,10,39,42,11,8,3,0,0,3,5,1,0,5,1,1,0,0,2,1,.282
117,116,Diego Castillo,PIT,7,25,25,7,6,1,0,0,3,2,0,0,4,0,0,0,0,0,0,.280
118,117,Brandon Drury,CIN,8,18,20,5,1,2,0,2,2,4,2,0,4,0,0,0,0,0,1,.278
119,118,Ryan Mountcastle,BAL,9,36,38,10,9,0,0,1,2,3,2,0,8,0,0,0,0,0,0,.278
120,119,Miguel Cabrera,DET,9,29,33,8,6,2,0,0,3,3,3,0,8,0,1,0,0,0,0,.276
121,120,Tyler O'Neill,STL,8,29,35,8,6,1,0,1,6,6,4,0,6,0,2,0,1,0,0,.276
122,121,Maikel Franco,WSN,11,40,43,11,7,3,0,1,3,8,2,0,10,0,1,0,1,0,0,.275
123,122,Michael Brantley,HOU,8,33,36,9,6,2,0,1,3,4,3,1,6,0,0,0,0,0,1,.273
124,123,Francisco Lindor,NYM,10,33,43,9,4,2,0,3,9,7,9,0,5,1,0,0,0,2,1,.273
125,124,Tyler Naquin,CIN,9,33,36,9,5,3,0,1,4,5,3,0,9,0,0,0,0,1,0,.273
126,125,Will Smith,LAD,6,22,25,6,3,2,0,1,5,7,3,0,4,0,0,0,0,0,0,.273
127,126,Bryan Reynolds,PIT,8,33,35,9,7,0,0,2,3,3,2,0,7,0,0,0,2,0,0,.273
128,127,Joey Bart,SFG,7,22,26,6,3,1,0,2,4,4,4,0,13,0,0,0,0,1,0,.273
129,128,Anthony Santander,BAL,9,26,36,7,5,1,0,1,1,1,8,1,6,2,0,0,0,0,0,.269
130,129,Johan Camargo,PHI,9,26,28,7,5,2,0,0,0,2,2,0,4,0,0,0,0,0,0,.269
131,130,George Springer,TOR,10,41,44,11,5,4,0,2,7,5,2,0,13,1,0,0,0,1,0,.268
132,131,Mike Trout,LAA,9,30,37,8,3,3,0,2,8,3,6,0,6,1,0,0,0,0,0,.267
133,132,Jorge Alfaro,SDP,4,15,15,4,2,1,0,1,1,1,0,0,8,0,0,0,0,0,0,.267
134,133,Adam Engel,CHW,8,15,18,4,3,1,0,0,2,0,3,0,3,0,0,0,0,2,0,.267
135,134,Jorge Mateo,BAL,9,30,35,8,7,1,0,0,3,3,4,0,12,0,0,1,0,3,0,.267
136,135,Didi Gregorius,PHI,9,34,36,9,7,2,0,0,2,2,1,0,6,1,0,0,0,0,0,.265
137,136,Giancarlo Stanton,NYY,10,38,40,10,7,1,0,2,3,8,1,0,13,0,1,0,0,0,0,.263
138,137,Starling Marte,NYM,9,38,41,10,7,1,0,2,8,10,1,0,4,2,0,0,2,2,1,.263
139,138,Adam Duvall,ATL,11,38,43,10,6,4,0,0,5,6,4,0,14,1,0,0,0,0,0,.263
140,139,Amed Rosario,CLE,9,38,39,10,9,0,1,0,4,4,1,0,5,0,0,0,1,1,1,.263
141,140,Sheldon Neuse,OAK,8,23,26,6,5,0,0,1,4,5,1,0,8,2,0,0,0,0,0,.261
142,141,Brandon Marsh,LAA,8,23,28,6,4,1,0,1,4,8,3,0,6,1,1,0,0,1,1,.261
143,142,Garrett Cooper,MIA,8,27,31,7,5,1,0,1,3,2,2,0,8,2,0,0,0,0,0,.259
144,143,Tyler Stephenson,CIN,9,27,33,7,5,0,0,2,4,6,3,0,5,2,1,0,1,0,0,.259
145,144,Eduardo Escobar,NYM,9,31,40,8,2,5,1,0,5,2,9,0,7,0,0,0,0,0,0,.258
146,145,Rhys Hoskins,PHI,10,31,38,8,3,4,0,1,6,4,7,0,12,0,0,0,1,0,0,.258
147,146,Santiago Espinal,TOR,10,31,35,8,5,3,0,0,2,4,3,1,6,1,0,0,1,2,0,.258
148,147,Frank Schwindel,CHC,9,35,37,9,7,1,0,1,3,4,2,0,5,0,0,0,1,0,0,.257
149,148,Aaron Judge,NYY,10,35,41,9,5,3,0,1,5,1,5,0,10,0,0,0,1,1,0,.257
150,149,Sean Murphy,OAK,10,39,43,10,3,4,1,2,7,8,2,0,13,1,1,0,1,0,0,.256
151,150,Adam Frazier,SEA,10,43,44,11,8,2,1,0,5,7,1,0,6,0,0,0,1,0,0,.256
152,151,Jed Lowrie,OAK,7,20,23,5,4,0,0,1,4,4,3,0,4,0,0,0,0,1,0,.250
153,152,J.D. Martinez,BOS,9,32,38,8,3,4,0,1,6,6,4,0,8,1,1,0,3,0,0,.250
154,153,Kurt Suzuki,LAA,4,16,17,4,3,0,0,1,2,2,1,0,2,0,0,0,1,0,0,.250
155,154,Cesar Hernandez,WSN,11,48,50,12,12,0,0,0,8,0,2,0,10,0,0,0,0,0,0,.250
156,155,Trevor Story,BOS,6,24,25,6,5,1,0,0,1,3,1,0,7,0,0,0,0,0,0,.250
157,156,Brad Miller,TEX,6,20,23,5,2,1,0,2,4,5,2,0,5,0,1,0,0,0,0,.250
158,157,Byron Buxton,MIN,7,24,26,6,0,3,0,3,5,4,1,0,10,1,0,0,0,1,0,.250
159,158,Ryan McMahon,COL,8,28,33,7,3,3,0,1,6,4,2,0,7,3,0,0,0,0,0,.250
160,159,Cody Bellinger,LAD,9,32,37,8,6,1,0,1,4,1,5,0,12,0,0,0,0,3,1,.250
161,160,Sam Hilliard,COL,6,12,13,3,2,1,0,0,2,2,1,0,4,0,0,0,0,0,0,.250
162,161,Austin Riley,ATL,11,40,49,10,5,3,0,2,7,5,7,0,11,2,0,0,0,0,0,.250
163,162,Danny Mendick,CHW,3,4,5,1,0,1,0,0,0,1,1,0,1,0,0,0,0,0,0,.250
164,163,Nick Madrigal,CHC,7,28,31,7,5,2,0,0,5,0,2,0,3,1,0,0,4,0,0,.250
165,164,Trevor Larnach,MIN,4,12,14,3,2,1,0,0,1,2,1,0,3,0,1,0,0,0,0,.250
166,165,Elvis Andrus,OAK,10,33,38,8,3,4,0,1,7,3,5,0,5,0,0,0,3,1,0,.242
167,166,Thairo Estrada,SFG,9,33,34,8,4,2,0,2,9,8,1,0,5,0,0,0,2,1,0,.242
168,167,Wilmer Flores,SFG,8,29,32,7,3,3,0,1,4,4,2,0,5,0,1,0,0,0,0,.241
169,168,Travis d'Arnaud,ATL,7,29,30,7,6,0,0,1,6,4,0,0,7,1,0,0,1,0,0,.241
170,169,Harrison Bader,STL,8,29,32,7,4,3,0,0,4,2,1,0,6,2,0,0,0,1,0,.241
171,170,Nico Hoerner,CHC,9,29,29,7,4,2,0,1,2,4,0,0,4,0,0,0,1,1,0,.241
172,171,Jonathan India,CIN,7,29,30,7,6,1,0,0,3,2,1,0,6,0,0,0,0,0,1,.241
173,172,Yoshi Tsutsugo,PIT,9,29,38,7,7,0,0,0,4,4,7,0,10,0,2,0,0,0,0,.241
174,173,Gary Sanchez,MIN,7,25,27,6,4,1,0,1,1,7,1,0,12,1,0,0,0,0,0,.240
175,174,Spencer Torkelson,DET,9,25,31,6,3,1,0,2,4,5,5,0,10,1,0,0,1,0,0,.240
176,175,Roberto Perez,PIT,7,21,24,5,4,1,0,0,3,1,3,0,9,0,0,0,1,0,0,.238
177,176,Max Stassi,LAA,6,21,24,5,3,1,0,1,3,5,3,0,9,0,0,0,0,0,0,.238
178,177,Raimel Tapia,TOR,6,21,23,5,4,1,0,0,3,0,0,0,4,0,0,1,1,0,0,.238
179,178,Chad Pinder,OAK,10,38,38,9,5,2,0,2,6,6,0,0,15,0,0,0,0,1,0,.237
180,179,Randy Arozarena,TBR,9,38,38,9,5,4,0,0,2,2,0,0,10,0,0,0,1,0,0,.237
181,180,Justin Turner,LAD,9,34,38,8,7,1,0,0,5,5,4,0,8,0,0,0,1,0,0,.235
182,181,Trey Mancini,BAL,9,34,38,8,5,3,0,0,1,1,3,0,10,0,1,0,0,0,0,.235
183,182,Cristian Pache,OAK,10,34,34,8,6,1,0,1,6,4,0,0,7,0,0,0,0,0,0,.235
184,183,Andres Gimenez,CLE,8,17,17,4,2,0,1,1,2,3,0,0,4,0,0,0,0,0,0,.235
185,184,Ha-seong Kim,SDP,7,17,21,4,3,0,1,0,7,1,3,0,4,1,0,0,0,1,0,.235
186,185,Jurickson Profar,SDP,10,30,37,7,3,1,0,3,3,9,5,0,7,1,1,0,1,0,0,.233
187,186,Patrick Wisdom,CHC,9,30,34,7,2,5,0,0,3,6,3,0,12,0,1,0,1,0,1,.233
188,187,Austin Nola,SDP,9,30,37,7,6,0,0,1,5,7,3,0,4,2,2,0,0,1,0,.233
189,188,Alex Bregman,HOU,9,30,36,7,5,0,0,2,4,7,5,0,5,0,1,0,1,0,0,.233
190,189,Ben Gamel,PIT,9,26,32,6,4,1,0,1,6,5,6,0,6,0,0,0,0,1,0,.231
191,190,Tomas Nido,NYM,4,13,14,3,3,0,0,0,1,0,0,0,5,0,0,1,1,0,0,.231
192,191,Mitch Garver,TEX,8,26,34,6,5,0,0,1,4,3,7,0,7,0,1,0,0,0,0,.231
193,192,Luis Torrens,SEA,4,13,14,3,3,0,0,0,2,0,1,0,4,0,0,0,0,0,0,.231
194,193,J.D. Davis,NYM,6,13,16,3,2,1,0,0,2,1,3,0,5,0,0,0,2,1,0,.231
195,194,Pete Alonso,NYM,10,39,45,9,3,3,0,3,7,14,1,0,9,3,2,0,2,0,0,.231
196,195,Keston Hiura,MIL,6,13,16,3,3,0,0,0,2,0,3,0,5,0,0,0,0,1,0,.231
197,196,Keibert Ruiz,WSN,8,35,35,8,6,2,0,0,2,2,0,0,4,0,0,0,1,0,0,.229
198,197,Gio Urshela,MIN,8,22,24,5,4,0,0,1,3,2,2,0,3,0,0,0,2,0,0,.227
199,198,Shohei Ohtani,LAA,10,44,45,10,5,2,0,3,9,7,1,0,15,0,0,0,0,2,1,.227
200,199,Matt Chapman,TOR,10,31,36,7,4,1,0,2,2,7,5,0,11,0,0,0,0,0,0,.226
201,200,Christian Bethancourt,OAK,3,9,9,2,1,1,0,0,1,1,0,0,1,0,0,0,1,0,0,.222
202,201,Eloy Jimenez,CHW,8,27,30,6,5,0,0,1,2,7,2,0,7,0,1,0,0,0,0,.222
203,202,Bo Bichette,TOR,10,45,45,10,7,2,0,1,5,1,0,0,11,0,0,0,0,0,0,.222
204,203,Wil Myers,SDP,8,32,33,7,5,2,0,0,2,3,1,0,12,0,0,0,1,0,0,.219
205,204,Robinson Cano,NYM,6,23,24,5,4,0,0,1,3,3,1,0,5,0,0,0,0,0,0,.217
206,205,Michael A. Taylor,KCR,8,23,26,5,4,0,0,1,4,3,3,0,5,0,0,0,0,0,0,.217
207,206,Jackie Bradley Jr.,BOS,9,23,26,5,2,3,0,0,2,4,3,0,5,0,0,0,0,0,1,.217
208,207,Kevin Newman,PIT,6,23,26,5,1,3,1,0,1,5,3,0,5,0,0,0,2,0,1,.217
209,208,Bryce Harper,PHI,10,37,45,8,2,4,0,2,9,9,6,0,11,1,1,0,3,1,0,.216
210,209,Brandon Crawford,SFG,8,28,31,6,4,1,0,1,3,1,3,1,5,0,0,0,3,0,0,.214
211,210,Isiah Kiner-Falefa,NYY,9,28,30,6,4,2,0,0,4,0,2,0,7,0,0,0,2,0,0,.214
212,211,Mauricio Dubon,SFG,5,14,15,3,2,1,0,0,2,2,0,0,1,0,1,0,0,0,0,.214
213,212,Ozzie Albies,ATL,11,42,49,9,3,2,0,4,6,8,5,0,11,1,1,0,0,0,1,.214
214,213,Anthony Rizzo,NYY,10,33,42,7,3,1,0,3,4,8,5,1,7,4,0,0,0,0,0,.212
215,214,Ketel Marte,ARI,9,33,39,7,4,3,0,0,1,3,3,0,9,2,1,0,1,1,0,.212
216,215,Hunter Renfroe,MIL,9,33,36,7,5,2,0,0,1,2,3,0,11,0,0,0,1,0,0,.212
217,216,Jose Abreu,CHW,9,33,37,7,4,2,0,1,8,4,4,0,10,0,0,0,0,0,0,.212
218,217,Andy Ibanez,TEX,9,33,33,7,6,1,0,0,3,3,0,0,6,0,0,0,0,1,0,.212
219,218,Austin Hays,BAL,9,33,39,7,5,2,0,0,3,0,6,0,9,0,0,0,1,0,1,.212
220,219,Omar Narvaez,MIL,6,19,22,4,2,1,0,1,1,3,2,1,6,1,0,0,0,0,0,.211
221,220,Jake Cronenworth,SDP,11,38,47,8,6,1,1,0,3,5,7,1,8,1,1,0,0,0,0,.211
222,221,Brandon Lowe,TBR,10,38,44,8,5,0,0,3,8,6,5,0,10,0,1,0,1,0,0,.211
223,222,Avisail Garcia,MIA,6,24,25,5,3,1,0,1,2,1,1,0,6,0,0,0,2,0,0,.208
224,223,Steven Duggar,SFG,8,24,27,5,2,3,0,0,1,4,2,0,11,0,1,0,0,3,0,.208
225,224,Yandy Diaz,TBR,9,29,35,6,5,1,0,0,4,2,6,0,4,0,0,0,0,0,0,.207
226,225,Mookie Betts,LAD,8,34,38,7,5,2,0,0,5,3,3,0,8,1,0,0,1,1,0,.206
227,226,Josh Donaldson,NYY,10,40,43,8,5,2,0,1,4,3,3,0,15,0,0,0,2,0,0,.200
228,227,Christian Yelich,MIL,9,30,39,6,3,3,0,0,5,2,7,0,11,1,1,0,0,0,0,.200
229,228,Hanser Alberto,LAD,3,5,5,1,1,0,0,0,0,1,0,0,0,0,0,0,0,0,0,.200
230,229,Rougned Odor,BAL,8,20,22,4,3,1,0,0,1,2,1,0,7,1,0,0,0,0,0,.200
231,230,Jorge Polanco,MIN,9,30,36,6,3,2,0,1,4,3,6,0,11,0,0,0,0,0,1,.200
232,231,Victor Reyes,DET,7,15,17,3,2,0,1,0,0,3,2,0,2,0,0,0,1,0,0,.200
233,232,Kelvin Gutierrez,BAL,6,10,13,2,1,1,0,0,2,2,2,0,5,0,0,0,0,0,0,.200
234,233,Edwin Rios,LAD,3,10,10,2,2,0,0,0,1,0,0,0,4,0,0,0,1,0,0,.200
235,234,Kolten Wong,MIL,10,36,38,7,5,0,2,0,4,2,1,0,9,1,0,0,0,1,0,.194
236,235,Luis Robert,CHW,9,36,37,7,4,1,0,2,7,3,1,0,3,0,0,0,0,5,0,.194
237,236,Miguel Rojas,MIA,9,31,33,6,4,1,1,0,3,2,2,1,6,0,0,0,0,0,0,.194
238,237,Charlie Blackmon,COL,8,31,34,6,4,2,0,0,1,3,3,0,10,0,0,0,0,0,1,.194
239,238,Alejandro Kirk,TOR,9,26,32,5,5,0,0,0,0,1,5,1,4,0,1,0,3,0,0,.192
240,239,Nelson Cruz,WSN,10,42,46,8,7,0,0,1,4,6,4,0,9,0,0,0,2,0,0,.190
241,240,Eric Haase,DET,8,21,23,4,2,1,0,1,3,2,2,0,4,0,0,0,2,0,0,.190
242,241,Willy Adames,MIL,10,37,43,7,4,2,0,1,6,3,6,0,12,0,0,0,3,0,1,.189
243,242,Salvador Perez,KCR,8,32,33,6,3,1,0,2,3,4,0,0,8,1,0,0,0,0,0,.188
244,243,Andrew Velazquez,LAA,5,16,20,3,2,1,0,0,5,1,4,0,6,0,0,0,0,1,0,.188
245,244,Harold Castro,DET,6,16,19,3,3,0,0,0,2,1,2,0,6,0,1,0,0,0,0,.188
246,245,Oscar Mercado,CLE,9,32,32,6,1,1,1,3,4,9,0,0,9,0,0,0,1,0,0,.188
247,246,Gavin Sheets,CHW,5,16,17,3,1,1,0,1,2,2,0,0,5,1,0,0,0,0,0,.188
248,247,Anthony Rendon,LAA,8,27,33,5,4,0,0,1,2,3,5,0,9,0,1,0,2,2,0,.185
249,248,Cole Tucker,PIT,7,27,27,5,4,0,1,0,1,1,0,0,10,0,0,0,1,1,0,.185
250,249,Daulton Varsho,ARI,9,27,34,5,4,0,0,1,2,1,7,0,11,0,0,0,0,1,0,.185
251,250,Enrique Hernandez,BOS,9,38,43,7,1,5,0,1,8,4,5,0,8,0,0,0,2,0,0,.184
252,251,Corey Dickerson,STL,5,11,13,2,2,0,0,0,0,3,2,0,2,0,0,0,0,0,0,.182
253,252,Eugenio Suarez,SEA,9,33,37,6,1,3,0,2,5,5,4,0,12,0,0,0,0,0,0,.182
254,253,Tyrone Taylor,MIL,7,22,24,4,2,2,0,0,0,2,1,0,5,1,0,0,1,0,0,.182
255,254,Aledmys Diaz,HOU,6,22,25,4,2,1,0,1,2,2,2,0,4,1,0,0,0,0,0,.182
256,255,Nick Gordon,MIN,7,11,14,2,2,0,0,0,4,0,3,0,5,0,0,0,0,0,0,.182
257,256,Lane Thomas,WSN,10,33,37,6,3,3,0,0,2,5,3,0,11,0,1,0,0,0,0,.182
258,257,Hoy Park,PIT,4,11,12,2,2,0,0,0,1,2,1,0,5,0,0,0,0,0,0,.182
259,258,Guillermo Heredia,ATL,7,11,12,2,1,1,0,0,3,1,1,0,5,0,0,0,0,0,0,.182
260,259,Dylan Carlson,STL,8,33,38,6,4,2,0,0,6,2,1,0,5,2,2,0,1,1,0,.182
261,260,Cal Raleigh,SEA,5,11,14,2,1,0,0,1,1,1,3,0,3,0,0,0,0,0,0,.182
262,261,Jesus Aguilar,MIA,8,28,34,5,5,0,0,0,1,3,4,0,8,0,2,0,1,0,0,.179
263,262,Kevin Smith,OAK,10,28,30,5,3,2,0,0,3,1,2,0,10,0,0,0,1,0,0,.179
264,263,Darin Ruf,SFG,9,34,41,6,4,2,0,0,3,1,6,0,12,1,0,0,0,0,0,.176
265,264,Mitch Haniger,SEA,8,34,35,6,2,1,0,3,3,7,1,0,9,0,0,0,2,0,0,.176
266,265,Luke Voit,SDP,10,34,43,6,5,1,0,0,5,4,8,0,14,1,0,0,3,1,0,.176
267,266,Taylor Walls,TBR,7,17,20,3,2,1,0,0,1,1,2,0,4,1,0,0,1,1,0,.176
268,267,Kole Calhoun,TEX,9,23,25,4,4,0,0,0,0,0,1,0,6,1,0,0,0,0,0,.174
269,268,Seth Brown,OAK,10,29,34,5,3,0,0,2,4,9,4,0,11,0,1,0,0,0,0,.172
270,269,Jarred Kelenic,SEA,9,29,33,5,3,1,0,1,3,3,3,0,11,0,1,0,0,2,1,.172
271,270,David Peralta,ARI,9,30,34,5,1,3,0,1,1,2,4,1,11,0,0,0,0,0,0,.167
272,271,Robinson Chirinos,BAL,8,18,23,3,3,0,0,0,2,0,5,0,7,0,0,0,1,0,0,.167
273,272,Niko Goodrum,HOU,5,12,12,2,1,1,0,0,1,0,0,0,5,0,0,0,0,0,0,.167
274,273,Max Kepler,MIN,9,30,35,5,3,1,0,1,3,3,3,0,6,2,0,0,2,1,0,.167
275,274,Max Muncy,LAD,9,30,38,5,2,2,0,1,4,4,7,0,6,1,0,0,0,0,0,.167
276,275,Jorge Soler,MIA,9,36,42,6,4,1,0,1,3,2,5,0,12,1,0,0,0,0,1,.167
277,276,Brett Phillips,TBR,6,18,19,3,2,0,0,1,1,2,1,0,7,0,0,0,0,1,0,.167
278,277,Mike Yastrzemski,SFG,8,24,28,4,3,1,0,0,1,1,3,0,5,1,0,0,0,0,1,.167
279,278,Reese McGuire,CHW,4,12,13,2,2,0,0,0,1,0,1,0,4,0,0,0,0,0,0,.167
280,279,Clint Frazier,CHC,8,18,20,3,1,2,0,0,2,0,2,0,4,0,0,0,1,0,0,.167
281,280,Aramis Garcia,CIN,3,6,6,1,1,0,0,0,0,0,0,0,4,0,0,0,0,0,0,.167
282,281,Cedric Mullins II,BAL,9,36,40,6,3,1,0,2,2,8,2,0,14,1,0,1,0,1,0,.167
283,282,Paul DeJong,STL,8,24,28,4,1,2,0,1,1,3,4,0,8,0,0,0,0,1,0,.167
284,283,Austin Allen,OAK,2,6,8,1,1,0,0,0,1,0,1,0,4,1,0,0,0,0,0,.167
285,284,Yuli Gurriel,HOU,6,24,24,4,1,3,0,0,1,0,0,0,3,0,0,0,2,0,0,.167
286,285,Bobby Dalbec,BOS,8,30,33,5,3,1,0,1,4,1,2,0,10,1,0,0,0,0,0,.167
287,286,Jo Adell,LAA,9,30,31,5,1,2,0,2,3,3,1,0,14,0,0,0,0,0,0,.167
288,287,Gleyber Torres,NYY,10,31,36,5,2,2,0,1,1,2,2,0,9,1,1,1,1,0,0,.161
289,288,Yasmani Grandal,CHW,7,25,27,4,3,0,0,1,1,3,2,0,5,0,0,0,0,0,0,.160
290,289,Pavin Smith,ARI,8,25,29,4,4,0,0,0,2,0,4,0,8,0,0,0,0,0,0,.160
291,290,Lorenzo Cain,MIL,6,19,20,3,2,1,0,0,1,2,0,0,3,0,1,0,2,0,0,.158
292,291,Rafael Ortega,CHC,9,19,25,3,2,1,0,0,2,1,5,0,3,0,0,1,0,0,2,.158
293,292,Dansby Swanson,ATL,11,38,42,6,2,4,0,0,3,2,4,0,18,0,0,0,1,0,0,.158
294,293,Ryan Jeffers,MIN,6,19,21,3,3,0,0,0,0,0,2,0,6,0,0,0,1,0,0,.158
295,294,Jose Altuve,HOU,8,32,36,5,4,0,0,1,2,3,4,0,10,0,0,0,3,2,0,.156
296,295,Alcides Escobar,WSN,9,32,35,5,4,1,0,0,3,1,2,0,11,1,0,0,0,1,0,.156
297,296,Ramon Urias,BAL,8,32,34,5,3,2,0,0,2,1,2,0,8,0,0,0,1,0,0,.156
298,297,Bobby Witt Jr.,KCR,8,32,33,5,2,2,1,0,4,3,1,0,11,0,0,0,0,1,0,.156
299,298,Christian Arroyo,BOS,5,13,15,2,2,0,0,0,1,2,0,0,2,0,1,1,0,0,0,.154
300,299,Mike Brosseau,MIL,7,13,14,2,1,0,0,1,1,2,1,0,3,0,0,0,0,0,0,.154
301,300,Bryson Stott,PHI,7,26,27,4,3,1,0,0,1,3,1,0,9,0,0,0,0,0,0,.154
302,301,Whit Merrifield,KCR,8,33,34,5,5,0,0,0,0,2,1,0,3,0,0,0,1,3,0,.152
303,302,Jesse Winker,SEA,10,33,43,5,5,0,0,0,2,2,10,0,5,0,0,0,0,0,0,.152
304,303,Adolis Garcia,TEX,9,33,39,5,3,0,0,2,6,5,5,1,11,1,0,0,0,1,1,.152
305,304,Christian Vazquez,BOS,6,20,22,3,3,0,0,0,1,1,0,0,7,1,1,0,0,0,0,.150
306,305,Franmil Reyes,CLE,9,40,41,6,6,0,0,0,1,2,1,0,15,0,0,0,4,0,0,.150
307,306,Willie Calhoun,TEX,8,20,25,3,0,2,0,1,3,2,5,0,2,0,0,0,0,0,0,.150
308,307,Jose Rojas,LAA,6,20,20,3,1,2,0,0,1,1,0,0,6,0,0,0,0,0,0,.150
309,308,Adalberto Mondesi,KCR,8,27,29,4,4,0,0,0,3,1,2,0,10,0,0,0,2,3,0,.148
310,309,Jake Fraley,CIN,9,27,30,4,2,1,0,1,5,3,3,0,6,0,0,0,0,1,0,.148
311,310,Trent Grisham,SDP,11,41,49,6,4,1,0,1,2,1,7,0,14,0,0,1,0,0,0,.146
312,311,Kevin Kiermaier,TBR,8,21,23,3,2,1,0,0,2,2,1,0,7,1,0,0,0,0,0,.143
313,312,Jonathan Schoop,DET,9,35,36,5,2,2,0,1,2,3,0,0,6,1,0,0,0,0,0,.143
314,313,Anthony Bemboom,BAL,5,7,10,1,1,0,0,0,0,0,3,0,2,0,0,0,0,0,0,.143
315,314,Sergio Alcantara,ARI,8,14,14,2,0,1,0,1,2,3,0,0,4,0,0,0,0,0,0,.143
316,315,Eli White,TEX,6,7,7,1,1,0,0,0,1,0,0,0,3,0,0,0,0,1,0,.143
317,316,Simon Muzziotti,PHI,7,7,9,1,1,0,0,0,0,0,0,0,2,1,0,1,0,0,0,.143
318,317,Yordan Alvarez,HOU,4,14,17,2,0,1,0,1,2,2,3,1,0,0,0,0,0,0,0,.143
319,318,Matt Vierling,PHI,10,21,24,3,2,1,0,0,2,3,1,0,5,1,1,0,1,0,0,.143
320,319,Kyle Schwarber,PHI,9,36,40,5,2,1,0,2,5,4,4,0,13,0,0,0,2,0,0,.139
321,320,Paul Goldschmidt,STL,8,29,36,4,3,1,0,0,6,1,6,0,6,0,0,0,1,1,0,.138
322,321,Joey Gallo,NYY,10,29,35,4,4,0,0,0,0,0,6,0,11,0,0,0,0,0,0,.138
323,322,Josh Lowe,TBR,9,29,34,4,3,0,1,0,4,1,5,1,12,0,0,0,1,0,0,.138
324,323,Yadier Molina,STL,5,15,15,2,2,0,0,0,0,0,0,0,1,0,0,0,1,0,0,.133
325,324,Tucker Barnhart,DET,6,15,17,2,2,0,0,0,0,0,2,0,8,0,0,0,0,0,0,.133
326,325,Carlos Correa,MIN,8,30,33,4,1,2,0,1,4,1,3,0,13,0,0,0,2,0,0,.133
327,326,Mike Moustakas,CIN,9,31,32,4,4,0,0,0,2,1,0,0,13,0,1,0,0,0,0,.129
328,327,Christian Walker,ARI,9,31,36,4,1,1,0,2,3,2,5,0,8,0,0,0,0,0,0,.129
329,328,Marcus Semien,TEX,9,39,42,5,3,2,0,0,5,2,3,0,8,0,0,0,0,2,0,.128
330,329,Manny Pina,ATL,3,8,10,1,1,0,0,0,0,2,0,0,1,1,1,0,0,0,0,.125
331,330,Jacob Stallings,MIA,8,24,26,3,2,0,0,1,2,3,2,0,9,0,0,0,1,0,0,.125
332,331,Colin Moran,CIN,4,8,9,1,1,0,0,0,1,1,1,0,2,0,0,0,0,0,0,.125
333,332,Bobby Bradley,CLE,4,8,8,1,1,0,0,0,0,0,0,0,3,0,0,0,0,0,0,.125
334,333,Cooper Hummel,ARI,8,16,23,2,1,0,0,1,2,3,7,0,4,0,0,0,0,1,0,.125
335,334,Riley Adams,WSN,3,8,10,1,1,0,0,0,0,1,1,0,4,1,0,0,0,0,0,.125
336,335,Drew Ellis,ARI,3,8,8,1,1,0,0,0,1,1,0,0,4,0,0,0,0,0,0,.125
337,336,Julio Rodriguez,SEA,9,32,35,4,3,1,0,0,3,1,3,0,16,0,0,0,0,2,0,.125
338,337,Jeimer Candelario,DET,9,33,37,4,2,2,0,0,3,2,4,0,8,0,0,0,2,0,0,.121
339,338,Kyle Tucker,HOU,9,33,37,4,2,0,0,2,2,4,4,1,7,0,0,0,0,1,0,.121
340,339,Kyle Higashioka,NYY,8,25,25,3,2,1,0,0,1,0,0,0,6,0,0,0,1,0,0,.120
341,340,Josh Harrison,CHW,7,25,26,3,1,1,1,0,3,1,1,0,3,0,0,0,2,0,0,.120
342,341,Joey Votto,CIN,10,34,40,4,3,1,0,0,3,2,4,0,15,2,0,0,0,0,0,.118
343,342,Dominic Smith,NYM,8,17,23,2,2,0,0,0,1,1,3,0,9,2,1,0,0,0,0,.118
344,343,Austin Slater,SFG,8,17,20,2,1,1,0,0,3,1,3,0,7,0,0,0,0,1,0,.118
345,344,Nick Senzel,CIN,5,17,18,2,1,1,0,0,1,1,0,0,3,0,0,0,1,0,0,.118
346,345,CJ Abrams,SDP,9,26,31,3,2,0,0,1,4,1,3,0,6,1,0,1,1,1,1,.115
347,346,Garrett Hampson,COL,3,9,12,1,1,0,0,0,2,0,2,0,2,0,0,1,2,1,0,.111
348,347,Robbie Grossman,DET,6,19,24,2,2,0,0,0,2,1,4,0,7,1,0,0,0,0,0,.105
349,348,Jace Peterson,MIL,8,19,24,2,2,0,0,0,1,0,5,0,3,0,0,0,0,2,0,.105
350,349,James McCann,NYM,7,19,23,2,2,0,0,0,2,2,1,0,3,2,1,0,0,1,0,.105
351,350,Curt Casali,SFG,3,10,10,1,0,1,0,0,0,0,0,0,5,0,0,0,0,0,0,.100
352,351,Kevin Plawecki,BOS,4,10,12,1,1,0,0,0,1,1,1,0,4,0,1,0,0,0,0,.100
353,352,Andrew Knapp,PIT,3,10,11,1,0,1,0,0,1,2,1,0,1,0,0,0,0,0,0,.100
354,353,Josh VanMeter,PIT,4,10,11,1,1,0,0,0,1,0,1,0,3,0,0,0,0,0,0,.100
355,354,Billy McKinney,OAK,9,20,23,2,1,0,0,1,2,2,3,1,6,0,0,0,0,0,0,.100
356,355,Yonny Hernandez,ARI,5,10,13,1,1,0,0,0,0,0,2,0,2,0,0,1,0,1,0,.100
357,356,Brendan Rodgers,COL,8,31,35,3,3,0,0,0,2,1,3,0,12,0,1,0,1,0,0,.097
358,357,Stephen Vogt,OAK,5,11,12,1,0,0,0,1,3,1,1,0,5,0,0,0,0,0,0,.091
359,358,Abraham Toro,SEA,7,23,23,2,0,2,0,0,0,1,0,0,2,0,0,0,1,0,0,.087
360,359,Akil Baddoo,DET,8,23,24,2,0,1,0,1,1,1,1,0,8,0,0,0,1,0,0,.087
361,360,Jake McCarthy,ARI,7,12,15,1,1,0,0,0,2,0,2,0,6,0,0,1,0,0,0,.083
362,361,Carlos Santana,KCR,8,26,31,2,1,1,0,0,2,1,5,0,3,0,0,0,0,0,0,.077
363,362,Miguel Sano,MIN,9,26,34,2,1,0,0,1,1,2,7,0,10,1,0,0,0,1,0,.077
364,363,David Fletcher,LAA,5,13,13,1,0,0,1,0,0,1,0,0,1,0,0,0,0,0,0,.077
365,364,Aristides Aquino,CIN,8,27,28,2,1,0,0,1,3,2,1,0,18,0,0,0,0,0,0,.074
366,365,Matt Beaty,SDP,5,14,14,1,1,0,0,0,2,0,0,0,5,0,0,0,1,0,0,.071
367,366,Martin Maldonado,HOU,6,17,22,1,0,0,0,1,3,3,4,0,3,0,1,0,1,0,0,.059
368,367,Alex Kirilloff,MIN,5,17,18,1,1,0,0,0,1,0,0,0,7,0,0,0,0,0,0,.059
369,368,Mike Zunino,TBR,6,18,19,1,0,1,0,0,1,1,0,0,10,0,1,0,0,0,0,.056
370,369,Geraldo Perdomo,ARI,8,18,27,1,1,0,0,0,1,0,7,0,7,2,0,0,0,1,1,.056
371,370,Alex Dickerson,ATL,7,20,22,1,1,0,0,0,0,0,2,0,5,0,0,0,2,0,0,.050
372,371,Victor Robles,WSN,9,21,25,1,1,0,0,0,1,3,1,0,8,1,0,2,0,0,0,.048
373,372,Austin Hedges,CLE,7,22,26,1,1,0,0,0,2,1,2,0,8,1,0,1,0,0,0,.045
374,373,Carson Kelly,ARI,7,22,24,1,0,1,0,0,1,0,1,0,9,1,0,0,2,0,0,.045
375,374,Leury Garcia,CHW,7,23,23,1,0,1,0,0,1,0,0,0,4,0,0,0,0,0,0,.043
376,375,Tommy Pham,CIN,8,26,31,1,1,0,0,0,2,1,5,0,6,0,0,0,2,1,0,.038
377,376,Eddie Rosario,ATL,9,29,33,1,1,0,0,0,2,0,4,0,5,0,0,0,0,0,0,.034
378,377,Matt Bush,TEX,4,0,0,0,0,0,0,0,0,0,0,0,0,0,0,0,0,0,0,.000
379,378,Adam Ottavino,NYM,4,0,0,0,0,0,0,0,0,0,0,0,0,0,0,0,0,0,0,.000
380,379,Oliver Perez,ARI,4,0,0,0,0,0,0,0,0,0,0,0,0,0,0,0,0,0,0,.000
381,380,Sean Doolittle,WSN,5,0,0,0,0,0,0,0,0,0,0,0,0,0,0,0,0,0,0,.000
382,381,Matt Moore,TEX,1,0,0,0,0,0,0,0,0,0,0,0,0,0,0,0,0,0,0,.000
383,382,Zack Greinke,KCR,2,0,0,0,0,0,0,0,0,0,0,0,0,0,0,0,0,0,0,.000
384,383,Clayton Kershaw,LAD,1,0,0,0,0,0,0,0,0,0,0,0,0,0,0,0,0,0,0,.000
385,384,Adam Wainwright,STL,2,0,0,0,0,0,0,0,0,0,0,0,0,0,0,0,0,0,0,.000
386,385,Corey Kluber,TBR,2,0,0,0,0,0,0,0,0,0,0,0,0,0,0,0,0,0,0,.000
387,386,Jhoulys Chacin,COL,3,0,0,0,0,0,0,0,0,0,0,0,0,0,0,0,0,0,0,.000
388,387,Kenley Jansen,ATL,4,0,0,0,0,0,0,0,0,0,0,0,0,0,0,0,0,0,0,.000
389,388,Max Scherzer,NYM,2,0,0,0,0,0,0,0,0,0,0,0,0,0,0,0,0,0,0,.000
390,389,David Price,LAD,3,0,0,0,0,0,0,0,0,0,0,0,0,0,0,0,0,0,0,.000
391,390,T.J. McFarland,STL,2,0,0,0,0,0,0,0,0,0,0,0,0,0,0,0,0,0,0,.000
392,391,Joe Smith,MIN,3,0,0,0,0,0,0,0,0,0,0,0,0,0,0,0,0,0,0,.000
393,392,Darren O'Day,ATL,3,0,0,0,0,0,0,0,0,0,0,0,0,0,0,0,0,0,0,.000
394,393,Liam Hendriks,CHW,5,0,0,0,0,0,0,0,0,0,0,0,0,0,0,0,0,0,0,.000
395,394,Mark Melancon,ARI,4,0,0,0,0,0,0,0,0,0,0,0,0,0,0,0,0,0,0,.000
396,395,Justin Wilson,CIN,3,0,0,0,0,0,0,0,0,0,0,0,0,0,0,0,0,0,0,.000
397,396,Charlie Morton,ATL,2,0,0,0,0,0,0,0,0,0,0,0,0,0,0,0,0,0,0,.000
398,397,Rich Hill,BOS,1,0,0,0,0,0,0,0,0,0,0,0,0,0,0,0,0,0,0,.000
399,398,Jake Diekman,BOS,4,0,0,0,0,0,0,0,0,0,0,0,0,0,0,0,0,0,0,.000
400,399,Anthony Gose,CLE,4,0,0,0,0,0,0,0,0,0,0,0,0,0,0,0,0,0,0,.000
401,400,Jeurys Familia,PHI,3,0,0,0,0,0,0,0,0,0,0,0,0,0,0,0,0,0,0,.000
402,401,Jose Alvarez,SFG,4,0,0,0,0,0,0,0,0,0,0,0,0,0,0,0,0,0,0,.000
403,402,Pedro Baez,HOU,2,0,0,0,0,0,0,0,0,0,0,0,0,0,0,0,0,0,0,.000
404,403,Jesse Chavez,CHC,2,0,0,0,0,0,0,0,0,0,0,0,0,0,0,0,0,0,0,.000
405,404,Marwin Gonzalez,NYY,4,2,3,0,0,0,0,0,1,0,1,0,1,0,0,0,0,0,0,.000
406,405,Madison Bumgarner,ARI,2,0,0,0,0,0,0,0,0,0,0,0,0,0,0,0,0,0,0,.000
407,406,Ryan Brasier,BOS,5,0,0,0,0,0,0,0,0,0,0,0,0,0,0,0,0,0,0,.000
408,407,David Phelps,TOR,4,0,0,0,0,0,0,0,0,0,0,0,0,0,0,0,0,0,0,.000
409,408,Chris Archer,MIN,1,0,0,0,0,0,0,0,0,0,0,0,0,0,0,0,0,0,0,.000
410,409,Jake Odorizzi,HOU,2,0,0,0,0,0,0,0,0,0,0,0,0,0,0,0,0,0,0,.000
411,410,Trevor May,NYM,3,0,0,0,0,0,0,0,0,0,0,0,0,0,0,0,0,0,0,.000
412,411,Steve Cishek,WSN,5,0,0,0,0,0,0,0,0,0,0,0,0,0,0,0,0,0,0,.000
413,412,Alex Cobb,SFG,1,0,0,0,0,0,0,0,0,0,0,0,0,0,0,0,0,0,0,.000
414,413,Carlos Carrasco,NYM,2,0,0,0,0,0,0,0,0,0,0,0,0,0,0,0,0,0,0,.000
415,414,Craig Kimbrel,LAD,2,0,0,0,0,0,0,0,0,0,0,0,0,0,0,0,0,0,0,.000
416,415,Alex Colome,COL,3,0,0,0,0,0,0,0,0,0,0,0,0,0,0,0,0,0,0,.000
417,416,Martin Perez,TEX,2,0,0,0,0,0,0,0,0,0,0,0,0,0,0,0,0,0,0,.000
418,417,Luis Garcia,SDP,2,0,0,0,0,0,0,0,0,0,0,0,0,0,0,0,0,0,0,.000
419,418,Ian Kennedy,ARI,4,0,0,0,0,0,0,0,0,0,0,0,0,0,0,0,0,0,0,.000
420,419,Ryan Pressly,HOU,4,0,0,0,0,0,0,0,0,0,0,0,0,0,0,0,0,0,0,.000
421,420,Daniel Bard,COL,5,0,0,0,0,0,0,0,0,0,0,0,0,0,0,0,0,0,0,.000
422,421,Daniel Hudson,LAD,3,0,0,0,0,0,0,0,0,0,0,0,0,0,0,0,0,0,0,.000
423,422,Greg Holland,TEX,5,0,0,0,0,0,0,0,0,0,0,0,0,0,0,0,0,0,0,.000
424,423,Craig Stammen,SDP,5,0,0,0,0,0,0,0,0,0,0,0,0,0,0,0,0,0,0,.000
425,424,Collin McHugh,ATL,4,0,0,0,0,0,0,0,0,0,0,0,0,0,0,0,0,0,0,.000
426,425,Jake McGee,SFG,3,0,0,0,0,0,0,0,0,0,0,0,0,0,0,0,0,0,0,.000
427,426,Jordan Lyles,BAL,2,0,0,0,0,0,0,0,0,0,0,0,0,0,0,0,0,0,0,.000
428,427,Richard Bleier,MIA,3,0,0,0,0,0,0,0,0,0,0,0,0,0,0,0,0,0,0,.000
429,428,Hunter Strickland,CIN,3,0,0,0,0,0,0,0,0,0,0,0,0,0,0,0,0,0,0,.000
430,429,Anthony Bass,MIA,5,0,0,0,0,0,0,0,0,0,0,0,0,0,0,0,0,0,0,.000
431,430,Will Smith,ATL,4,0,0,0,0,0,0,0,0,0,0,0,0,0,0,0,0,0,0,.000
432,431,Bryan Shaw,CLE,4,0,0,0,0,0,0,0,0,0,0,0,0,0,0,0,0,0,0,.000
433,432,Dee Strange-Gordon,WSN,4,3,3,0,0,0,0,0,1,0,0,0,2,0,0,0,0,0,0,.000
434,433,David Robertson,CHC,4,0,0,0,0,0,0,0,0,0,0,0,0,0,0,0,0,0,0,.000
435,434,Paolo Espino,WSN,3,0,0,0,0,0,0,0,0,0,0,0,0,0,0,0,0,0,0,.000
436,435,Lucas Luetge,NYY,5,0,0,0,0,0,0,0,0,0,0,0,0,0,0,0,0,0,0,.000
437,436,Justin Verlander,HOU,2,0,0,0,0,0,0,0,0,0,0,0,0,0,0,0,0,0,0,.000
438,437,Jason Castro,HOU,4,8,12,0,0,0,0,0,0,0,3,0,2,1,0,0,0,0,0,.000
439,438,Brad Hand,PHI,4,0,0,0,0,0,0,0,0,0,0,0,0,0,0,0,0,0,0,.000
440,439,Nathan Eovaldi,BOS,2,0,0,0,0,0,0,0,0,0,0,0,0,0,0,0,0,0,0,.000
441,440,Patrick Corbin,WSN,3,0,0,0,0,0,0,0,0,0,0,0,0,0,0,0,0,0,0,.000
442,441,Dallas Keuchel,CHW,1,0,0,0,0,0,0,0,0,0,0,0,0,0,0,0,0,0,0,.000
443,442,Brian Moran,LAA,1,0,0,0,0,0,0,0,0,0,0,0,0,0,0,0,0,0,0,.000
444,443,Garrett Richards,TEX,2,0,0,0,0,0,0,0,0,0,0,0,0,0,0,0,0,0,0,.000
445,444,Miles Mikolas,STL,2,0,0,0,0,0,0,0,0,0,0,0,0,0,0,0,0,0,0,.000
446,445,Sergio Romo,SEA,2,0,0,0,0,0,0,0,0,0,0,0,0,0,0,0,0,0,0,.000
447,446,Chris Owings,BAL,5,7,10,0,0,0,0,0,1,0,3,0,7,0,0,0,0,0,0,.000
448,447,Tyler Matzek,ATL,3,0,0,0,0,0,0,0,0,0,0,0,0,0,0,0,0,0,0,.000
449,448,Brooks Raley,TBR,3,0,0,0,0,0,0,0,0,0,0,0,0,0,0,0,0,0,0,.000
450,449,Caleb Thielbar,MIN,4,0,0,0,0,0,0,0,0,0,0,0,0,0,0,0,0,0,0,.000
451,450,Kyle Gibson,PHI,2,0,0,0,0,0,0,0,0,0,0,0,0,0,0,0,0,0,0,.000
452,451,Brad Boxberger,MIL,4,0,0,0,0,0,0,0,0,0,0,0,0,0,0,0,0,0,0,.000
453,452,Aroldis Chapman,NYY,5,0,0,0,0,0,0,0,0,0,0,0,0,0,0,0,0,0,0,.000
454,453,Ryan Tepera,LAA,4,0,0,0,0,0,0,0,0,0,0,0,0,0,0,0,0,0,0,.000
455,454,Zack Wheeler,PHI,2,0,0,0,0,0,0,0,0,0,0,0,0,0,0,0,0,0,0,.000
456,455,Aaron Loup,LAA,4,0,0,0,0,0,0,0,0,0,0,0,0,0,0,0,0,0,0,.000
457,456,Mychal Givens,CHC,5,0,0,0,0,0,0,0,0,0,0,0,0,0,0,0,0,0,0,.000
458,457,Andrew Bellatti,PHI,2,0,0,0,0,0,0,0,0,0,0,0,0,0,0,0,0,0,0,.000
459,458,Tyler Thornburg,ATL,3,0,0,0,0,0,0,0,0,0,0,0,0,0,0,0,0,0,0,.000
460,459,Drew Hutchison,DET,3,0,0,0,0,0,0,0,0,0,0,0,0,0,0,0,0,0,0,.000
461,460,Adam Kolarek,OAK,2,0,0,0,0,0,0,0,0,0,0,0,0,0,0,0,0,0,0,.000
462,461,Chasen Shreve,NYM,4,0,0,0,0,0,0,0,0,0,0,0,0,0,0,0,0,0,0,.000
463,462,Merrill Kelly,ARI,2,0,0,0,0,0,0,0,0,0,0,0,0,0,0,0,0,0,0,.000
464,463,Vince Velasquez,CHW,2,0,0,0,0,0,0,0,0,0,0,0,0,0,0,0,0,0,0,.000
465,464,Jose Quintana,PIT,2,0,0,0,0,0,0,0,0,0,0,0,0,0,0,0,0,0,0,.000
466,465,Robbie Ray,SEA,2,0,0,0,0,0,0,0,0,0,0,0,0,0,0,0,0,0,0,.000
467,466,Joely Rodriguez,NYM,4,0,0,0,0,0,0,0,0,0,0,0,0,0,0,0,0,0,0,.000
468,467,Jose Urena,MIL,2,0,0,0,0,0,0,0,0,0,0,0,0,0,0,0,0,0,0,.000
469,468,Heath Hembree,PIT,5,0,0,0,0,0,0,0,0,0,0,0,0,0,0,0,0,0,0,.000
470,469,Jameson Taillon,NYY,2,0,0,0,0,0,0,0,0,0,0,0,0,0,0,0,0,0,0,.000
471,470,Justin Grimm,OAK,3,0,0,0,0,0,0,0,0,0,0,0,0,0,0,0,0,0,0,.000
472,471,Drew Smyly,CHC,2,0,0,0,0,0,0,0,0,0,0,0,0,0,0,0,0,0,0,.000
473,472,Noah Syndergaard,LAA,2,0,0,0,0,0,0,0,0,0,0,0,0,0,0,0,0,0,0,.000
474,473,Hansel Robles,BOS,3,0,0,0,0,0,0,0,0,0,0,0,0,0,0,0,0,0,0,.000
475,474,Hector Neris,HOU,5,0,0,0,0,0,0,0,0,0,0,0,0,0,0,0,0,0,0,.000
476,475,Taijuan Walker,NYM,1,0,0,0,0,0,0,0,0,0,0,0,0,0,0,0,0,0,0,.000
477,476,Chris Martin,CHC,3,0,0,0,0,0,0,0,0,0,0,0,0,0,0,0,0,0,0,.000
478,477,Jason Adam,TBR,3,0,0,0,0,0,0,0,0,0,0,0,0,0,0,0,0,0,0,.000
479,478,Travis Shaw,BOS,1,3,3,0,0,0,0,0,0,0,0,0,1,0,0,0,0,0,0,.000
480,479,Kyle Hendricks,CHC,2,0,0,0,0,0,0,0,0,0,0,0,0,0,0,0,0,0,0,.000
481,480,Yimi Garcia,TOR,5,0,0,0,0,0,0,0,0,0,0,0,0,0,0,0,0,0,0,.000
482,481,Aaron Brooks,STL,2,0,0,0,0,0,0,0,0,0,0,0,0,0,0,0,0,0,0,.000
483,482,Chris Bassitt,NYM,2,0,0,0,0,0,0,0,0,0,0,0,0,0,0,0,0,0,0,.000
484,483,Jacob Barnes,DET,3,0,0,0,0,0,0,0,0,0,0,0,0,0,0,0,0,0,0,.000
485,484,Spencer Patton,TEX,5,0,0,0,0,0,0,0,0,0,0,0,0,0,0,0,0,0,0,.000
486,485,Seth Lugo,NYM,5,0,0,0,0,0,0,0,0,0,0,0,0,0,0,0,0,0,0,.000
487,486,Blake Treinen,LAD,3,0,0,0,0,0,0,0,0,0,0,0,0,0,0,0,0,0,0,.000
488,487,Adrian Houser,MIL,2,0,0,0,0,0,0,0,0,0,0,0,0,0,0,0,0,0,0,.000
489,488,Nick Martinez,SDP,2,0,0,0,0,0,0,0,0,0,0,0,0,0,0,0,0,0,0,.000
490,489,Rafael Montero,HOU,3,0,0,0,0,0,0,0,0,0,0,0,0,0,0,0,0,0,0,.000
491,490,Sonny Gray,MIN,2,0,0,0,0,0,0,0,0,0,0,0,0,0,0,0,0,0,0,.000
492,491,John Brebbia,SFG,3,0,0,0,0,0,0,0,0,0,0,0,0,0,0,0,0,0,0,.000
493,492,Noe Ramirez,ARI,5,0,0,0,0,0,0,0,0,0,0,0,0,0,0,0,0,0,0,.000
494,493,Matt Wisler,TBR,5,0,0,0,0,0,0,0,0,0,0,0,0,0,0,0,0,0,0,.000
495,494,Andrew Kittredge,TBR,4,0,0,0,0,0,0,0,0,0,0,0,0,0,0,0,0,0,0,.000
496,495,Shawn Armstrong,MIA,4,0,0,0,0,0,0,0,0,0,0,0,0,0,0,0,0,0,0,.000
497,496,Matt Barnes,BOS,3,0,0,0,0,0,0,0,0,0,0,0,0,0,0,0,0,0,0,.000
498,497,Tyler Anderson,LAD,2,0,0,0,0,0,0,0,0,0,0,0,0,0,0,0,0,0,0,.000
499,498,Dylan Bundy,MIN,1,0,0,0,0,0,0,0,0,0,0,0,0,0,0,0,0,0,0,.000
500,499,Archie Bradley,LAA,3,0,0,0,0,0,0,0,0,0,0,0,0,0,0,0,0,0,0,.000
501,500,Joe Musgrove,SDP,2,0,0,0,0,0,0,0,0,0,0,0,0,0,0,0,0,0,0,.000
502,501,Anthony DeSclafani,SFG,2,0,0,0,0,0,0,0,0,0,0,0,0,0,0,0,0,0,0,.000
503,502,Yu Darvish,SDP,3,0,0,0,0,0,0,0,0,0,0,0,0,0,0,0,0,0,0,.000
504,503,Gerrit Cole,NYY,2,0,0,0,0,0,0,0,0,0,0,0,0,0,0,0,0,0,0,.000
505,504,Eduardo Rodriguez,DET,2,0,0,0,0,0,0,0,0,0,0,0,0,0,0,0,0,0,0,.000
506,505,Kyle Crick,CHW,4,0,0,0,0,0,0,0,0,0,0,0,0,0,0,0,0,0,0,.000
507,506,Zach Davies,ARI,2,0,0,0,0,0,0,0,0,0,0,0,0,0,0,0,0,0,0,.000
508,507,Michael Fulmer,DET,4,0,0,0,0,0,0,0,0,0,0,0,0,0,0,0,0,0,0,.000
509,508,Louis Head,MIA,3,0,0,0,0,0,0,0,0,0,0,0,0,0,0,0,0,0,0,.000
510,509,Ross Stripling,TOR,3,0,0,0,0,0,0,0,0,0,0,0,0,0,0,0,0,0,0,.000
511,510,Danny Coulombe,MIN,3,0,0,0,0,0,0,0,0,0,0,0,0,0,0,0,0,0,0,.000
512,511,Luis Cessa,CIN,4,0,0,0,0,0,0,0,0,0,0,0,0,0,0,0,0,0,0,.000
513,512,Hoby Milner,MIL,4,0,0,0,0,0,0,0,0,0,0,0,0,0,0,0,0,0,0,.000
514,513,Steven Matz,STL,2,0,0,0,0,0,0,0,0,0,0,0,0,0,0,0,0,0,0,.000
515,514,Matt Koch,SEA,1,0,0,0,0,0,0,0,0,0,0,0,0,0,0,0,0,0,0,.000
516,515,Drew VerHagen,STL,2,0,0,0,0,0,0,0,0,0,0,0,0,0,0,0,0,0,0,.000
517,516,Marcus Stroman,CHC,2,0,0,0,0,0,0,0,0,0,0,0,0,0,0,0,0,0,0,.000
518,517,Pierce Johnson,SDP,4,0,0,0,0,0,0,0,0,0,0,0,0,0,0,0,0,0,0,.000
519,518,Taylor Rogers,SDP,4,0,0,0,0,0,0,0,0,0,0,0,0,0,0,0,0,0,0,.000
520,519,Daniel Norris,CHC,3,0,0,0,0,0,0,0,0,0,0,0,0,0,0,0,0,0,0,.000
521,520,Steven Okert,MIA,4,0,0,0,0,0,0,0,0,0,0,0,0,0,0,0,0,0,0,.000
522,521,Clay Holmes,NYY,5,0,0,0,0,0,0,0,0,0,0,0,0,0,0,0,0,0,0,.000
523,522,Jharel Cotton,MIN,2,0,0,0,0,0,0,0,0,0,0,0,0,0,0,0,0,0,0,.000
524,523,Joey Krehbiel,BAL,4,0,0,0,0,0,0,0,0,0,0,0,0,0,0,0,0,0,0,.000
525,524,Max Fried,ATL,2,0,0,0,0,0,0,0,0,0,0,0,0,0,0,0,0,0,0,.000
526,525,Tyler Duffey,MIN,3,0,0,0,0,0,0,0,0,0,0,0,0,0,0,0,0,0,0,.000
527,526,Chris Stratton,PIT,3,0,0,0,0,0,0,0,0,0,0,0,0,0,0,0,0,0,0,.000
528,527,Dominic Leone,SFG,4,0,0,0,0,0,0,0,0,0,0,0,0,0,0,0,0,0,0,.000
529,528,JT Chargois,TBR,1,0,0,0,0,0,0,0,0,0,0,0,0,0,0,0,0,0,0,.000
530,529,Zach Eflin,PHI,2,0,0,0,0,0,0,0,0,0,0,0,0,0,0,0,0,0,0,.000
531,530,Alex Wood,SFG,2,0,0,0,0,0,0,0,0,0,0,0,0,0,0,0,0,0,0,.000
532,531,Matt Reynolds,NYM,1,0,0,0,0,0,0,0,0,0,0,0,0,0,0,0,0,0,0,.000
533,532,Matt Strahm,BOS,5,0,0,0,0,0,0,0,0,0,0,0,0,0,0,0,0,0,0,.000
534,533,Austin Adams,SDP,2,0,0,0,0,0,0,0,0,0,0,0,0,0,0,0,0,0,0,.000
535,534,Paul Sewald,SEA,3,0,0,0,0,0,0,0,0,0,0,0,0,0,0,0,0,0,0,.000
536,535,Chris Flexen,SEA,2,0,0,0,0,0,0,0,0,0,0,0,0,0,0,0,0,0,0,.000
537,536,Tyler Heineman,TOR,2,2,2,0,0,0,0,0,0,0,0,0,0,0,0,0,0,0,0,.000
538,537,Brent Suter,MIL,3,0,0,0,0,0,0,0,0,0,0,0,0,0,0,0,0,0,0,.000
539,538,Michael Wacha,BOS,2,0,0,0,0,0,0,0,0,0,0,0,0,0,0,0,0,0,0,.000
540,539,Kevin Gausman,TOR,2,0,0,0,0,0,0,0,0,0,0,0,0,0,0,0,0,0,0,.000
541,540,Chris Mazza,TBR,2,0,0,0,0,0,0,0,0,0,0,0,0,0,0,0,0,0,0,.000
542,541,Jose Berrios,TOR,2,0,0,0,0,0,0,0,0,0,0,0,0,0,0,0,0,0,0,.000
543,542,Josh Hader,MIL,4,0,0,0,0,0,0,0,0,0,0,0,0,0,0,0,0,0,0,.000
544,543,Wandy Peralta,NYY,4,0,0,0,0,0,0,0,0,0,0,0,0,0,0,0,0,0,0,.000
545,544,Frankie Montas,OAK,2,0,0,0,0,0,0,0,0,0,0,0,0,0,0,0,0,0,0,.000
546,545,Joel Payamps,KCR,2,0,0,0,0,0,0,0,0,0,0,0,0,0,0,0,0,0,0,.000
547,546,Ty Blach,COL,2,0,0,0,0,0,0,0,0,0,0,0,0,0,0,0,0,0,0,.000
548,547,Amir Garrett,KCR,2,0,0,0,0,0,0,0,0,0,0,0,0,0,0,0,0,0,0,.000
549,548,Yunior Marte,SFG,1,0,0,0,0,0,0,0,0,0,0,0,0,0,0,0,0,0,0,.000
550,549,Jackson Stephens,ATL,1,0,0,0,0,0,0,0,0,0,0,0,0,0,0,0,0,0,0,.000
551,550,Hyun-Jin Ryu,TOR,2,0,0,0,0,0,0,0,0,0,0,0,0,0,0,0,0,0,0,.000
552,551,J.B. Wendelken,ARI,3,0,0,0,0,0,0,0,0,0,0,0,0,0,0,0,0,0,0,.000
553,552,Dereck Rodriguez,MIN,1,0,0,0,0,0,0,0,0,0,0,0,0,0,0,0,0,0,0,.000
554,553,Jorge Lopez,BAL,5,0,0,0,0,0,0,0,0,0,0,0,0,0,0,0,0,0,0,.000
555,554,Carlos Estevez,COL,4,0,0,0,0,0,0,0,0,0,0,0,0,0,0,0,0,0,0,.000
556,555,Jose Ruiz,CHW,4,0,0,0,0,0,0,0,0,0,0,0,0,0,0,0,0,0,0,.000
557,556,Rowan Wick,CHC,4,0,0,0,0,0,0,0,0,0,0,0,0,0,0,0,0,0,0,.000
558,557,Jandel Gustave,MIL,4,0,0,0,0,0,0,0,0,0,0,0,0,0,0,0,0,0,0,.000
559,558,Duane Underwood Jr.,PIT,1,0,0,0,0,0,0,0,0,0,0,0,0,0,0,0,0,0,0,.000
560,559,Andres Machado,WSN,4,0,0,0,0,0,0,0,0,0,0,0,0,0,0,0,0,0,0,.000
561,560,Anthony Banda,PIT,4,0,0,0,0,0,0,0,0,0,0,0,0,0,0,0,0,0,0,.000
562,561,Edwin Diaz,NYM,4,0,0,0,0,0,0,0,0,0,0,0,0,0,0,0,0,0,0,.000
563,562,Paul Blackburn,OAK,2,0,0,0,0,0,0,0,0,0,0,0,0,0,0,0,0,0,0,.000
564,563,Julio Urias,LAD,2,0,0,0,0,0,0,0,0,0,0,0,0,0,0,0,0,0,0,.000
565,564,Emilio Pagan,MIN,3,0,0,0,0,0,0,0,0,0,0,0,0,0,0,0,0,0,0,.000
566,565,Yu Chang,CLE,3,7,7,0,0,0,0,0,0,0,0,0,5,0,0,0,0,0,0,.000
567,566,Buck Farmer,CIN,3,0,0,0,0,0,0,0,0,0,0,0,0,0,0,0,0,0,0,.000
568,567,Michael Lorenzen,LAA,1,0,0,0,0,0,0,0,0,0,0,0,0,0,0,0,0,0,0,.000
569,568,Joe Mantiply,ARI,4,0,0,0,0,0,0,0,0,0,0,0,0,0,0,0,0,0,0,.000
570,569,Sam Moll,OAK,4,0,0,0,0,0,0,0,0,0,0,0,0,0,0,0,0,0,0,.000
571,570,Caleb Smith,ARI,2,0,0,0,0,0,0,0,0,0,0,0,0,0,0,0,0,0,0,.000
572,571,Jon Gray,TEX,1,0,0,0,0,0,0,0,0,0,0,0,0,0,0,0,0,0,0,.000
573,572,Chad Kuhl,COL,1,0,0,0,0,0,0,0,0,0,0,0,0,0,0,0,0,0,0,.000
574,573,Giovanny Gallegos,STL,3,0,0,0,0,0,0,0,0,0,0,0,0,0,0,0,0,0,0,.000
575,574,Scott Barlow,KCR,4,0,0,0,0,0,0,0,0,0,0,0,0,0,0,0,0,0,0,.000
576,575,Kyle Finnegan,WSN,4,0,0,0,0,0,0,0,0,0,0,0,0,0,0,0,0,0,0,.000
577,576,Corey Knebel,PHI,3,0,0,0,0,0,0,0,0,0,0,0,0,0,0,0,0,0,0,.000
578,577,German Marquez,COL,2,0,0,0,0,0,0,0,0,0,0,0,0,0,0,0,0,0,0,.000
579,578,Tim Mayza,TOR,5,0,0,0,0,0,0,0,0,0,0,0,0,0,0,0,0,0,0,.000
580,579,Lou Trivino,OAK,4,0,0,0,0,0,0,0,0,0,0,0,0,0,0,0,0,0,0,.000
581,580,Trevor Gott,MIL,4,0,0,0,0,0,0,0,0,0,0,0,0,0,0,0,0,0,0,.000
582,581,Austin Voth,WSN,4,0,0,0,0,0,0,0,0,0,0,0,0,0,0,0,0,0,0,.000
583,582,Dom Nunez,COL,3,4,7,0,0,0,0,0,1,1,2,0,2,0,1,0,0,0,0,.000
584,583,Tim Locastro,NYY,1,2,2,0,0,0,0,0,0,0,0,0,1,0,0,0,0,0,0,.000
585,584,Ashton Goudeau,COL,4,0,0,0,0,0,0,0,0,0,0,0,0,0,0,0,0,0,0,.000
586,585,Cole Sulser,MIA,5,0,0,0,0,0,0,0,0,0,0,0,0,0,0,0,0,0,0,.000
587,586,Adam Cimber,TOR,5,0,0,0,0,0,0,0,0,0,0,0,0,0,0,0,0,0,0,.000
588,587,Andrew Heaney,LAD,2,0,0,0,0,0,0,0,0,0,0,0,0,0,0,0,0,0,0,.000
589,588,Mike Mayers,LAA,3,0,0,0,0,0,0,0,0,0,0,0,0,0,0,0,0,0,0,.000
590,589,Nick Pivetta,BOS,2,0,0,0,0,0,0,0,0,0,0,0,0,0,0,0,0,0,0,.000
591,590,Marco Gonzales,SEA,2,0,0,0,0,0,0,0,0,0,0,0,0,0,0,0,0,0,0,.000
592,591,Lucas Giolito,CHW,1,0,0,0,0,0,0,0,0,0,0,0,0,0,0,0,0,0,0,.000
593,592,Antonio Senzatela,COL,2,0,0,0,0,0,0,0,0,0,0,0,0,0,0,0,0,0,0,.000
594,593,Hunter Harvey,WSN,3,0,0,0,0,0,0,0,0,0,0,0,0,0,0,0,0,0,0,.000
595,594,Kendall Graveman,CHW,5,0,0,0,0,0,0,0,0,0,0,0,0,0,0,0,0,0,0,.000
596,595,Tyler Rogers,SFG,5,0,0,0,0,0,0,0,0,0,0,0,0,0,0,0,0,0,0,.000
597,596,Mark Leiter,CHC,1,0,0,0,0,0,0,0,0,0,0,0,0,0,0,0,0,0,0,.000
598,597,Chad Green,NYY,5,0,0,0,0,0,0,0,0,0,0,0,0,0,0,0,0,0,0,.000
599,598,Nick Wittgren,STL,4,0,0,0,0,0,0,0,0,0,0,0,0,0,0,0,0,0,0,.000
600,599,Phillips Valdez,BOS,3,0,0,0,0,0,0,0,0,0,0,0,0,0,0,0,0,0,0,.000
601,600,Miguel Castro,NYY,5,0,0,0,0,0,0,0,0,0,0,0,0,0,0,0,0,0,0,.000
602,601,Gosuke Katoh,TOR,2,0,0,0,0,0,0,0,0,0,0,0,0,0,0,0,0,0,0,.000
603,602,Brad Keller,KCR,2,0,0,0,0,0,0,0,0,0,0,0,0,0,0,0,0,0,0,.000
604,603,Joe Jimenez,DET,4,0,0,0,0,0,0,0,0,0,0,0,0,0,0,0,0,0,0,.000
605,604,Devin Williams,MIL,4,0,0,0,0,0,0,0,0,0,0,0,0,0,0,0,0,0,0,.000
606,605,Zack Littell,SFG,3,0,0,0,0,0,0,0,0,0,0,0,0,0,0,0,0,0,0,.000
607,606,Paul Fry,BAL,4,0,0,0,0,0,0,0,0,0,0,0,0,0,0,0,0,0,0,.000
608,607,Sean Manaea,SDP,2,0,0,0,0,0,0,0,0,0,0,0,0,0,0,0,0,0,0,.000
609,608,Luis Severino,NYY,2,0,0,0,0,0,0,0,0,0,0,0,0,0,0,0,0,0,0,.000
610,609,Victor Arano,WSN,6,0,0,0,0,0,0,0,0,0,0,0,0,0,0,0,0,0,0,.000
611,610,Ryne Stanek,HOU,2,0,0,0,0,0,0,0,0,0,0,0,0,0,0,0,0,0,0,.000
612,611,Zach Thompson,PIT,1,0,0,0,0,0,0,0,0,0,0,0,0,0,0,0,0,0,0,.000
613,612,Jordan Romano,TOR,6,0,0,0,0,0,0,0,0,0,0,0,0,0,0,0,0,0,0,.000
614,613,Carlos Rodon,SFG,2,0,0,0,0,0,0,0,0,0,0,0,0,0,0,0,0,0,0,.000
615,614,Aaron Nola,PHI,2,0,0,0,0,0,0,0,0,0,0,0,0,0,0,0,0,0,0,.000
616,615,Brandon Woodruff,MIL,2,0,0,0,0,0,0,0,0,0,0,0,0,0,0,0,0,0,0,.000
617,616,Bradley Zimmer,TOR,5,8,8,0,0,0,0,0,0,0,0,0,3,0,0,0,0,0,0,.000
618,617,Kyle Freeland,COL,2,0,0,0,0,0,0,0,0,0,0,0,0,0,0,0,0,0,0,.000
619,618,Aaron Bummer,CHW,4,0,0,0,0,0,0,0,0,0,0,0,0,0,0,0,0,0,0,.000
620,619,John Means,BAL,2,0,0,0,0,0,0,0,0,0,0,0,0,0,0,0,0,0,0,.000
621,620,Michael Hermosillo,CHC,6,10,15,0,0,0,0,0,1,0,4,0,3,1,0,0,0,0,0,.000
622,621,Tyler Mahle,CIN,3,0,0,0,0,0,0,0,0,0,0,0,0,0,0,0,0,0,0,.000
623,622,Ryan Castellani,OAK,1,0,0,0,0,0,0,0,0,0,0,0,0,0,0,0,0,0,0,.000
624,623,Reynaldo Lopez,CHW,3,0,0,0,0,0,0,0,0,0,0,0,0,0,0,0,0,0,0,.000
625,624,Blake Taylor,HOU,4,0,0,0,0,0,0,0,0,0,0,0,0,0,0,0,0,0,0,.000
626,625,James Norwood,PHI,2,0,0,0,0,0,0,0,0,0,0,0,0,0,0,0,0,0,0,.000
627,626,Ryan O'Hearn,KCR,3,4,4,0,0,0,0,0,0,1,0,0,0,0,0,0,1,0,0,.000
628,627,Luis Guillorme,NYM,6,12,14,0,0,0,0,0,0,0,2,0,2,0,0,0,0,0,0,.000
629,628,Jordan Montgomery,NYY,2,0,0,0,0,0,0,0,0,0,0,0,0,0,0,0,0,0,0,.000
630,629,Dusten Knight,TBR,1,0,0,0,0,0,0,0,0,0,0,0,0,0,0,0,0,0,0,.000
631,630,Austin Gomber,COL,2,0,0,0,0,0,0,0,0,0,0,0,0,0,0,0,0,0,0,.000
632,631,Erik Swanson,SEA,3,0,0,0,0,0,0,0,0,0,0,0,0,0,0,0,0,0,0,.000
633,632,Bryan Abreu,HOU,3,0,0,0,0,0,0,0,0,0,0,0,0,0,0,0,0,0,0,.000
634,633,J.P. Feyereisen,TBR,5,0,0,0,0,0,0,0,0,0,0,0,0,0,0,0,0,0,0,.000
635,634,Ryan Thompson,TBR,4,0,0,0,0,0,0,0,0,0,0,0,0,0,0,0,0,0,0,.000
636,635,Julian Merryweather,TOR,5,0,0,0,0,0,0,0,0,0,0,0,0,0,0,0,0,0,0,.000
637,636,Tim Hill,SDP,3,0,0,0,0,0,0,0,0,0,0,0,0,0,0,0,0,0,0,.000
638,637,Luke Weaver,ARI,1,0,0,0,0,0,0,0,0,0,0,0,0,0,0,0,0,0,0,.000
639,638,Elieser Hernandez,MIA,2,0,0,0,0,0,0,0,0,0,0,0,0,0,0,0,0,0,0,.000
640,639,Sean Newcomb,ATL,2,0,0,0,0,0,0,0,0,0,0,0,0,0,0,0,0,0,0,.000
641,640,Trevor Williams,NYM,2,0,0,0,0,0,0,0,0,0,0,0,0,0,0,0,0,0,0,.000
642,641,Tyler Beede,SFG,2,0,0,0,0,0,0,0,0,0,0,0,0,0,0,0,0,0,0,.000
643,642,Tanner Banks,CHW,3,0,0,0,0,0,0,0,0,0,0,0,0,0,0,0,0,0,0,.000
644,643,Sean Reid-Foley,NYM,3,0,0,0,0,0,0,0,0,0,0,0,0,0,0,0,0,0,0,.000
645,644,Jose Herrera,ARI,4,9,11,0,0,0,0,0,0,0,2,0,3,0,0,0,0,0,0,.000
646,645,Pablo Lopez,MIA,2,0,0,0,0,0,0,0,0,0,0,0,0,0,0,0,0,0,0,.000
647,646,Domingo Acevedo,OAK,5,0,0,0,0,0,0,0,0,0,0,0,0,0,0,0,0,0,0,.000
648,647,Austin Davis,BOS,5,0,0,0,0,0,0,0,0,0,0,0,0,0,0,0,0,0,0,.000
649,648,Raisel Iglesias,LAA,4,0,0,0,0,0,0,0,0,0,0,0,0,0,0,0,0,0,0,.000
650,649,Gabe Speier,KCR,1,0,0,0,0,0,0,0,0,0,0,0,0,0,0,0,0,0,0,.000
651,650,Dinelson Lamet,SDP,3,0,0,0,0,0,0,0,0,0,0,0,0,0,0,0,0,0,0,.000
652,651,Jalen Beeks,TBR,3,0,0,0,0,0,0,0,0,0,0,0,0,0,0,0,0,0,0,.000
653,652,Ranger Suarez,PHI,2,0,0,0,0,0,0,0,0,0,0,0,0,0,0,0,0,0,0,.000
654,653,Michael Kopech,CHW,2,0,0,0,0,0,0,0,0,0,0,0,0,0,0,0,0,0,0,.000
655,654,Justus Sheffield,SEA,2,0,0,0,0,0,0,0,0,0,0,0,0,0,0,0,0,0,0,.000
656,655,Javy Guerra,SDP,1,0,0,0,0,0,0,0,0,0,0,0,0,0,0,0,0,0,0,.000
657,656,Framber Valdez,HOU,2,0,0,0,0,0,0,0,0,0,0,0,0,0,0,0,0,0,0,.000
658,657,Justin Steele,CHC,2,0,0,0,0,0,0,0,0,0,0,0,0,0,0,0,0,0,0,.000
659,658,Brett Martin,TEX,5,0,0,0,0,0,0,0,0,0,0,0,0,0,0,0,0,0,0,.000
660,659,Erick Fedde,WSN,2,0,0,0,0,0,0,0,0,0,0,0,0,0,0,0,0,0,0,.000
661,660,Jeff Hoffman,CIN,4,0,0,0,0,0,0,0,0,0,0,0,0,0,0,0,0,0,0,.000
662,661,Daniel Duarte,CIN,3,0,0,0,0,0,0,0,0,0,0,0,0,0,0,0,0,0,0,.000
663,662,Albert Abreu,TEX,2,0,0,0,0,0,0,0,0,0,0,0,0,0,0,0,0,0,0,.000
664,663,Spenser Watkins,BAL,1,0,0,0,0,0,0,0,0,0,0,0,0,0,0,0,0,0,0,.000
665,664,Genesis Cabrera,STL,3,0,0,0,0,0,0,0,0,0,0,0,0,0,0,0,0,0,0,.000
666,665,Diego Castillo,SEA,4,0,0,0,0,0,0,0,0,0,0,0,0,0,0,0,0,0,0,.000
667,666,Jimmy Herget,LAA,4,0,0,0,0,0,0,0,0,0,0,0,0,0,0,0,0,0,0,.000
668,667,JT Brubaker,PIT,2,0,0,0,0,0,0,0,0,0,0,0,0,0,0,0,0,0,0,.000
669,668,Tanner Scott,MIA,4,0,0,0,0,0,0,0,0,0,0,0,0,0,0,0,0,0,0,.000
670,669,Mitch Keller,PIT,2,0,0,0,0,0,0,0,0,0,0,0,0,0,0,0,0,0,0,.000
671,670,Cristian Javier,HOU,2,0,0,0,0,0,0,0,0,0,0,0,0,0,0,0,0,0,0,.000
672,671,Tanner Rainey,WSN,3,0,0,0,0,0,0,0,0,0,0,0,0,0,0,0,0,0,0,.000
673,672,Taylor Clarke,KCR,4,0,0,0,0,0,0,0,0,0,0,0,0,0,0,0,0,0,0,.000
674,673,Justin Lawrence,COL,5,0,0,0,0,0,0,0,0,0,0,0,0,0,0,0,0,0,0,.000
675,674,Jeffrey Springs,TBR,5,0,0,0,0,0,0,0,0,0,0,0,0,0,0,0,0,0,0,.000
676,675,Ralph Garza,TBR,1,0,0,0,0,0,0,0,0,0,0,0,0,0,0,0,0,0,0,.000
677,676,Nabil Crismatt,SDP,3,0,0,0,0,0,0,0,0,0,0,0,0,0,0,0,0,0,0,.000
678,677,Evan Phillips,LAD,4,0,0,0,0,0,0,0,0,0,0,0,0,0,0,0,0,0,0,.000
679,678,Tyler Alexander,DET,1,0,0,0,0,0,0,0,0,0,0,0,0,0,0,0,0,0,0,.000
680,679,Drew Smith,NYM,5,0,0,0,0,0,0,0,0,0,0,0,0,0,0,0,0,0,0,.000
681,680,D.J. Stewart,BAL,3,3,3,0,0,0,0,0,0,0,0,0,2,0,0,0,0,0,0,.000
682,681,Jose Alvarado,PHI,3,0,0,0,0,0,0,0,0,0,0,0,0,0,0,0,0,0,0,.000
683,682,Jake Brentz,KCR,3,0,0,0,0,0,0,0,0,0,0,0,0,0,0,0,0,0,0,.000
684,683,Dillon Tate,BAL,5,0,0,0,0,0,0,0,0,0,0,0,0,0,0,0,0,0,0,.000
685,684,Drew Jackson,OAK,2,3,3,0,0,0,0,0,0,0,0,0,1,0,0,0,0,0,0,.000
686,685,Nestor Cortes,NYY,2,0,0,0,0,0,0,0,0,0,0,0,0,0,0,0,0,0,0,.000
687,686,Dennis Santana,TEX,3,0,0,0,0,0,0,0,0,0,0,0,0,0,0,0,0,0,0,.000
688,687,Tayler Saucedo,TOR,2,0,0,0,0,0,0,0,0,0,0,0,0,0,0,0,0,0,0,.000
689,688,Garrett Cleavinger,LAD,1,0,0,0,0,0,0,0,0,0,0,0,0,0,0,0,0,0,0,.000
690,689,Trent Thornton,TOR,3,0,0,0,0,0,0,0,0,0,0,0,0,0,0,0,0,0,0,.000
691,690,Brock Burke,TEX,3,0,0,0,0,0,0,0,0,0,0,0,0,0,0,0,0,0,0,.000
692,691,Logan Webb,SFG,2,0,0,0,0,0,0,0,0,0,0,0,0,0,0,0,0,0,0,.000
693,692,Triston McKenzie,CLE,2,0,0,0,0,0,0,0,0,0,0,0,0,0,0,0,0,0,0,.000
694,693,Kyle Garlick,MIN,2,3,3,0,0,0,0,0,0,0,0,0,3,0,0,0,0,0,0,.000
695,694,Phil Maton,HOU,3,0,0,0,0,0,0,0,0,0,0,0,0,0,0,0,0,0,0,.000
696,695,Cody Stashak,MIN,1,0,0,0,0,0,0,0,0,0,0,0,0,0,0,0,0,0,0,.000
697,696,Ryan Helsley,STL,3,0,0,0,0,0,0,0,0,0,0,0,0,0,0,0,0,0,0,.000
698,697,Anthony Misiewicz,SEA,2,0,0,0,0,0,0,0,0,0,0,0,0,0,0,0,0,0,0,.000
699,698,Art Warren,CIN,3,0,0,0,0,0,0,0,0,0,0,0,0,0,0,0,0,0,0,.000
700,699,Jarlin Garcia,SFG,3,0,0,0,0,0,0,0,0,0,0,0,0,0,0,0,0,0,0,.000
701,700,Tyler Kinley,COL,5,0,0,0,0,0,0,0,0,0,0,0,0,0,0,0,0,0,0,.000
702,701,Josh Sborz,TEX,4,0,0,0,0,0,0,0,0,0,0,0,0,0,0,0,0,0,0,.000
703,702,Taylor Hearn,TEX,2,0,0,0,0,0,0,0,0,0,0,0,0,0,0,0,0,0,0,.000
704,703,Josh Staumont,KCR,5,0,0,0,0,0,0,0,0,0,0,0,0,0,0,0,0,0,0,.000
705,704,Daz Cameron,DET,1,3,4,0,0,0,0,0,1,0,1,0,2,0,0,0,0,1,0,.000
706,705,Jaime Barria,LAA,3,0,0,0,0,0,0,0,0,0,0,0,0,0,0,0,0,0,0,.000
707,706,Scott Effross,CHC,4,0,0,0,0,0,0,0,0,0,0,0,0,0,0,0,0,0,0,.000
708,707,Jose Urquidy,HOU,2,0,0,0,0,0,0,0,0,0,0,0,0,0,0,0,0,0,0,.000
709,708,Josh Rogers,WSN,2,0,0,0,0,0,0,0,0,0,0,0,0,0,0,0,0,0,0,.000
710,709,Dylan Cease,CHW,2,0,0,0,0,0,0,0,0,0,0,0,0,0,0,0,0,0,0,.000
711,710,Sam Hentges,CLE,4,0,0,0,0,0,0,0,0,0,0,0,0,0,0,0,0,0,0,.000
712,711,Logan Allen,CLE,2,0,0,0,0,0,0,0,0,0,0,0,0,0,0,0,0,0,0,.000
713,712,Travis Lakins Sr.,BAL,1,0,0,0,0,0,0,0,0,0,0,0,0,0,0,0,0,0,0,.000
714,713,A.J. Minter,ATL,4,0,0,0,0,0,0,0,0,0,0,0,0,0,0,0,0,0,0,.000
715,714,Jake Woodford,STL,1,0,0,0,0,0,0,0,0,0,0,0,0,0,0,0,0,0,0,.000
716,715,Freddy Peralta,MIL,2,0,0,0,0,0,0,0,0,0,0,0,0,0,0,0,0,0,0,.000
717,716,Sandy Alcantara,MIA,2,0,0,0,0,0,0,0,0,0,0,0,0,0,0,0,0,0,0,.000
718,717,Nick Plummer,NYM,2,1,1,0,0,0,0,0,0,0,0,0,0,0,0,0,0,0,0,.000
719,718,Kolby Allard,TEX,2,0,0,0,0,0,0,0,0,0,0,0,0,0,0,0,0,0,0,.000
720,719,Cody Poteet,MIA,2,0,0,0,0,0,0,0,0,0,0,0,0,0,0,0,0,0,0,.000
721,720,Dillon Peters,PIT,2,0,0,0,0,0,0,0,0,0,0,0,0,0,0,0,0,0,0,.000
722,721,Drew Steckenrider,SEA,4,0,0,0,0,0,0,0,0,0,0,0,0,0,0,0,0,0,0,.000
723,722,Pedro Avila,SDP,1,0,0,0,0,0,0,0,0,0,0,0,0,0,0,0,0,0,0,.000
724,723,Lucius Fox,WSN,2,6,7,0,0,0,0,0,1,1,0,0,4,0,0,1,0,0,0,.000
725,724,Kirby Snead,OAK,4,0,0,0,0,0,0,0,0,0,0,0,0,0,0,0,0,0,0,.000
726,725,Jose Quijada,LAA,1,0,0,0,0,0,0,0,0,0,0,0,0,0,0,0,0,0,0,.000
727,726,Dakota Hudson,STL,2,0,0,0,0,0,0,0,0,0,0,0,0,0,0,0,0,0,0,.000
728,727,Mitch White,LAD,2,0,0,0,0,0,0,0,0,0,0,0,0,0,0,0,0,0,0,.000
729,728,Cole Irvin,OAK,2,0,0,0,0,0,0,0,0,0,0,0,0,0,0,0,0,0,0,.000
730,729,Seranthony Dominguez,PHI,4,0,0,0,0,0,0,0,0,0,0,0,0,0,0,0,0,0,0,.000
731,730,Cavan Biggio,TOR,8,12,17,0,0,0,0,0,1,0,3,0,6,2,0,0,1,0,0,.000
732,731,Vladimir Gutierrez,CIN,2,0,0,0,0,0,0,0,0,0,0,0,0,0,0,0,0,0,0,.000
733,732,Zac Gallen,ARI,1,0,0,0,0,0,0,0,0,0,0,0,0,0,0,0,0,0,0,.000
734,733,Trevor Richards,TOR,4,0,0,0,0,0,0,0,0,0,0,0,0,0,0,0,0,0,0,.000
735,734,Cal Quantrill,CLE,2,0,0,0,0,0,0,0,0,0,0,0,0,0,0,0,0,0,0,.000
736,735,Eric Lauer,MIL,1,0,0,0,0,0,0,0,0,0,0,0,0,0,0,0,0,0,0,.000
737,736,Matthew Festa,SEA,4,0,0,0,0,0,0,0,0,0,0,0,0,0,0,0,0,0,0,.000
738,737,A.J. Puk,OAK,3,0,0,0,0,0,0,0,0,0,0,0,0,0,0,0,0,0,0,.000
739,738,Daulton Jefferies,OAK,2,0,0,0,0,0,0,0,0,0,0,0,0,0,0,0,0,0,0,.000
740,739,Corbin Burnes,MIL,2,0,0,0,0,0,0,0,0,0,0,0,0,0,0,0,0,0,0,.000
741,740,Keegan Akin,BAL,2,0,0,0,0,0,0,0,0,0,0,0,0,0,0,0,0,0,0,.000
742,741,Walker Buehler,LAD,2,0,0,0,0,0,0,0,0,0,0,0,0,0,0,0,0,0,0,.000
743,742,Tony Gonsolin,LAD,2,0,0,0,0,0,0,0,0,0,0,0,0,0,0,0,0,0,0,.000
744,743,Ronel Blanco,HOU,4,0,0,0,0,0,0,0,0,0,0,0,0,0,0,0,0,0,0,.000
745,744,Dane Dunning,TEX,2,0,0,0,0,0,0,0,0,0,0,0,0,0,0,0,0,0,0,.000
746,745,Shane Bieber,CLE,2,0,0,0,0,0,0,0,0,0,0,0,0,0,0,0,0,0,0,.000
747,746,Yohan Ramirez,SEA,3,0,0,0,0,0,0,0,0,0,0,0,0,0,0,0,0,0,0,.000
748,747,Patrick Sandoval,LAA,1,0,0,0,0,0,0,0,0,0,0,0,0,0,0,0,0,0,0,.000
749,748,Michael Rucker,CHC,2,0,0,0,0,0,0,0,0,0,0,0,0,0,0,0,0,0,0,.000
750,749,Jorge Alcala,MIN,2,0,0,0,0,0,0,0,0,0,0,0,0,0,0,0,0,0,0,.000
751,750,Aaron Civale,CLE,2,0,0,0,0,0,0,0,0,0,0,0,0,0,0,0,0,0,0,.000
752,751,Zach Jackson,OAK,5,0,0,0,0,0,0,0,0,0,0,0,0,0,0,0,0,0,0,.000
753,752,Jason Foley,DET,4,0,0,0,0,0,0,0,0,0,0,0,0,0,0,0,0,0,0,.000
754,753,Ryan Hendrix,CIN,4,0,0,0,0,0,0,0,0,0,0,0,0,0,0,0,0,0,0,.000
755,754,Jimmy Lambert,CHW,1,0,0,0,0,0,0,0,0,0,0,0,0,0,0,0,0,0,0,.000
756,755,David Bednar,PIT,4,0,0,0,0,0,0,0,0,0,0,0,0,0,0,0,0,0,0,.000
757,756,Sean Poppen,ARI,4,0,0,0,0,0,0,0,0,0,0,0,0,0,0,0,0,0,0,.000
758,757,Cionel Perez,BAL,4,0,0,0,0,0,0,0,0,0,0,0,0,0,0,0,0,0,0,.000
759,758,Jordan Hicks,STL,2,0,0,0,0,0,0,0,0,0,0,0,0,0,0,0,0,0,0,.000
760,759,Matt Foster,CHW,3,0,0,0,0,0,0,0,0,0,0,0,0,0,0,0,0,0,0,.000
761,760,Kyle Wright,ATL,2,0,0,0,0,0,0,0,0,0,0,0,0,0,0,0,0,0,0,.000
762,761,Gregory Soto,DET,4,0,0,0,0,0,0,0,0,0,0,0,0,0,0,0,0,0,0,.000
763,762,Edward Olivares,KCR,3,3,3,0,0,0,0,0,0,0,0,0,2,0,0,0,0,1,0,.000
764,763,Patrick Murphy,WSN,4,0,0,0,0,0,0,0,0,0,0,0,0,0,0,0,0,0,0,.000
765,764,Kodi Whitley,STL,2,0,0,0,0,0,0,0,0,0,0,0,0,0,0,0,0,0,0,.000
766,765,Anthony Bender,MIA,4,0,0,0,0,0,0,0,0,0,0,0,0,0,0,0,0,0,0,.000
767,766,Jonathan Loaisiga,NYY,6,0,0,0,0,0,0,0,0,0,0,0,0,0,0,0,0,0,0,.000
768,767,Reiver Sanmartin,CIN,2,0,0,0,0,0,0,0,0,0,0,0,0,0,0,0,0,0,0,.000
769,768,Will Vest,DET,3,0,0,0,0,0,0,0,0,0,0,0,0,0,0,0,0,0,0,.000
770,769,Jake Lemoine,OAK,4,0,0,0,0,0,0,0,0,0,0,0,0,0,0,0,0,0,0,.000
771,770,Anthony Castro,CLE,4,0,0,0,0,0,0,0,0,0,0,0,0,0,0,0,0,0,0,.000
772,771,Keegan Thompson,CHC,2,0,0,0,0,0,0,0,0,0,0,0,0,0,0,0,0,0,0,.000
773,772,Wil Crowe,PIT,4,0,0,0,0,0,0,0,0,0,0,0,0,0,0,0,0,0,0,.000
774,773,Bryan Baker,BAL,4,0,0,0,0,0,0,0,0,0,0,0,0,0,0,0,0,0,0,.000
775,774,Daniel Castano,MIA,2,0,0,0,0,0,0,0,0,0,0,0,0,0,0,0,0,0,0,.000
776,775,Alexander Wells,BAL,1,0,0,0,0,0,0,0,0,0,0,0,0,0,0,0,0,0,0,.000
777,776,Michael King,NYY,4,0,0,0,0,0,0,0,0,0,0,0,0,0,0,0,0,0,0,.000
778,777,Tucker Davidson,ATL,1,0,0,0,0,0,0,0,0,0,0,0,0,0,0,0,0,0,0,.000
779,778,Tanner Houck,BOS,2,0,0,0,0,0,0,0,0,0,0,0,0,0,0,0,0,0,0,.000
780,779,Alex Lange,DET,4,0,0,0,0,0,0,0,0,0,0,0,0,0,0,0,0,0,0,.000
781,780,Corbin Martin,ARI,1,0,0,0,0,0,0,0,0,0,0,0,0,0,0,0,0,0,0,.000
782,781,Clarke Schmidt,NYY,2,0,0,0,0,0,0,0,0,0,0,0,0,0,0,0,0,0,0,.000
783,782,Jose Suarez,LAA,2,0,0,0,0,0,0,0,0,0,0,0,0,0,0,0,0,0,0,.000
784,783,Tony Santillan,CIN,4,0,0,0,0,0,0,0,0,0,0,0,0,0,0,0,0,0,0,.000
785,784,Ryan McKenna,BAL,6,4,4,0,0,0,0,0,1,0,0,0,3,0,0,0,0,0,0,.000
786,785,Trevor Stephan,CLE,5,0,0,0,0,0,0,0,0,0,0,0,0,0,0,0,0,0,0,.000
787,786,Jhon Romero,MIN,3,0,0,0,0,0,0,0,0,0,0,0,0,0,0,0,0,0,0,.000
788,787,Ian Anderson,ATL,2,0,0,0,0,0,0,0,0,0,0,0,0,0,0,0,0,0,0,.000
789,788,Jesus Luzardo,MIA,1,0,0,0,0,0,0,0,0,0,0,0,0,0,0,0,0,0,0,.000
790,789,Zach Plesac,CLE,2,0,0,0,0,0,0,0,0,0,0,0,0,0,0,0,0,0,0,.000
791,790,Bryse Wilson,PIT,2,0,0,0,0,0,0,0,0,0,0,0,0,0,0,0,0,0,0,.000
792,791,Tyler Wells,BAL,2,0,0,0,0,0,0,0,0,0,0,0,0,0,0,0,0,0,0,.000
793,792,Bailey Falter,PHI,3,0,0,0,0,0,0,0,0,0,0,0,0,0,0,0,0,0,0,.000
794,793,Chris Paddack,MIN,1,0,0,0,0,0,0,0,0,0,0,0,0,0,0,0,0,0,0,.000
795,794,Adam Oller,OAK,2,0,0,0,0,0,0,0,0,0,0,0,0,0,0,0,0,0,0,.000
796,795,Nick Nelson,PHI,2,0,0,0,0,0,0,0,0,0,0,0,0,0,0,0,0,0,0,.000
797,796,Garrett Whitlock,BOS,3,0,0,0,0,0,0,0,0,0,0,0,0,0,0,0,0,0,0,.000
798,797,Eli Morgan,CLE,3,0,0,0,0,0,0,0,0,0,0,0,0,0,0,0,0,0,0,.000
799,798,Mike Baumann,BAL,2,0,0,0,0,0,0,0,0,0,0,0,0,0,0,0,0,0,0,.000
800,799,Gilberto Celestino,MIN,3,4,4,0,0,0,0,0,0,0,0,0,2,0,0,0,0,0,0,.000
801,800,Griffin Jax,MIN,1,0,0,0,0,0,0,0,0,0,0,0,0,0,0,0,0,0,0,.000
802,801,Jonathan Arauz,BOS,5,7,9,0,0,0,0,0,1,1,0,0,2,0,1,1,0,0,0,.000
803,802,David Peterson,NYM,2,0,0,0,0,0,0,0,0,0,0,0,0,0,0,0,0,0,0,.000
804,803,Matt Peacock,ARI,1,0,0,0,0,0,0,0,0,0,0,0,0,0,0,0,0,0,0,.000
805,804,Steven Wilson,SDP,4,0,0,0,0,0,0,0,0,0,0,0,0,0,0,0,0,0,0,.000
806,805,Brusdar Graterol,LAD,3,0,0,0,0,0,0,0,0,0,0,0,0,0,0,0,0,0,0,.000
807,806,Matt Manning,DET,2,0,0,0,0,0,0,0,0,0,0,0,0,0,0,0,0,0,0,.000
808,807,Bruce Zimmermann,BAL,2,0,0,0,0,0,0,0,0,0,0,0,0,0,0,0,0,0,0,.000
809,808,Andres Munoz,SEA,4,0,0,0,0,0,0,0,0,0,0,0,0,0,0,0,0,0,0,.000
810,809,Anthony Kay,TOR,1,0,0,0,0,0,0,0,0,0,0,0,0,0,0,0,0,0,0,.000
811,810,Josh Fleming,TBR,2,0,0,0,0,0,0,0,0,0,0,0,0,0,0,0,0,0,0,.000
812,811,Rony Garcia,DET,2,0,0,0,0,0,0,0,0,0,0,0,0,0,0,0,0,0,0,.000
813,812,Huascar Ynoa,ATL,1,0,0,0,0,0,0,0,0,0,0,0,0,0,0,0,0,0,0,.000
814,813,Casey Mize,DET,2,0,0,0,0,0,0,0,0,0,0,0,0,0,0,0,0,0,0,.000
815,814,William Contreras,ATL,1,4,4,0,0,0,0,0,0,0,0,0,3,0,0,0,0,0,0,.000
816,815,Kyle Nelson,ARI,4,0,0,0,0,0,0,0,0,0,0,0,0,0,0,0,0,0,0,.000
817,816,Nick Sandlin,CLE,4,0,0,0,0,0,0,0,0,0,0,0,0,0,0,0,0,0,0,.000
818,817,Kutter Crawford,BOS,3,0,0,0,0,0,0,0,0,0,0,0,0,0,0,0,0,0,0,.000
819,818,Phoenix Sanders,TBR,1,0,0,0,0,0,0,0,0,0,0,0,0,0,0,0,0,0,0,.000
820,819,Anderson Severino,CHW,2,0,0,0,0,0,0,0,0,0,0,0,0,0,0,0,0,0,0,.000
821,820,Yusei Kikuchi,TOR,1,0,0,0,0,0,0,0,0,0,0,0,0,0,0,0,0,0,0,.000
822,821,Felix Bautista,BAL,4,0,0,0,0,0,0,0,0,0,0,0,0,0,0,0,0,0,0,.000
823,822,Cristopher Sanchez,PHI,2,0,0,0,0,0,0,0,0,0,0,0,0,0,0,0,0,0,0,.000
824,823,Elvin Rodriguez,DET,1,0,0,0,0,0,0,0,0,0,0,0,0,0,0,0,0,0,0,.000
825,824,Oliver Ortega,LAA,4,0,0,0,0,0,0,0,0,0,0,0,0,0,0,0,0,0,0,.000
826,825,Jhoan Duran,MIN,3,0,0,0,0,0,0,0,0,0,0,0,0,0,0,0,0,0,0,.000
827,826,Emmanuel Clase,CLE,3,0,0,0,0,0,0,0,0,0,0,0,0,0,0,0,0,0,0,.000
828,827,Dauri Moreta,CIN,5,0,0,0,0,0,0,0,0,0,0,0,0,0,0,0,0,0,0,.000
829,828,Miguel Yajure,PIT,2,0,0,0,0,0,0,0,0,0,0,0,0,0,0,0,0,0,0,.000
830,829,Alejo Lopez,CIN,1,0,1,0,0,0,0,0,0,0,0,0,0,1,0,0,0,0,0,.000
831,830,Alexis Diaz,CIN,4,0,0,0,0,0,0,0,0,0,0,0,0,0,0,0,0,0,0,.000
832,831,Dany Jimenez,OAK,4,0,0,0,0,0,0,0,0,0,0,0,0,0,0,0,0,0,0,.000
833,832,Humberto Castellanos,ARI,3,0,0,0,0,0,0,0,0,0,0,0,0,0,0,0,0,0,0,.000
834,833,Connor Brogdon,PHI,3,0,0,0,0,0,0,0,0,0,0,0,0,0,0,0,0,0,0,.000
835,834,Bailey Ober,MIN,2,0,0,0,0,0,0,0,0,0,0,0,0,0,0,0,0,0,0,.000
836,835,Tylor Megill,NYM,2,0,0,0,0,0,0,0,0,0,0,0,0,0,0,0,0,0,0,.000
837,836,Parker Mushinski,HOU,1,0,0,0,0,0,0,0,0,0,0,0,0,0,0,0,0,0,0,.000
838,837,Bennett Sousa,CHW,5,0,0,0,0,0,0,0,0,0,0,0,0,0,0,0,0,0,0,.000
839,838,Joe Ryan,MIN,2,0,0,0,0,0,0,0,0,0,0,0,0,0,0,0,0,0,0,.000
840,839,Konnor Pilkington,CLE,2,0,0,0,0,0,0,0,0,0,0,0,0,0,0,0,0,0,0,.000
841,840,Lars Nootbaar,STL,2,3,5,0,0,0,0,0,2,0,2,0,2,0,0,0,0,0,0,.000
842,841,Kris Bubic,KCR,2,0,0,0,0,0,0,0,0,0,0,0,0,0,0,0,0,0,0,.000
843,842,Shane McClanahan,TBR,2,0,0,0,0,0,0,0,0,0,0,0,0,0,0,0,0,0,0,.000
844,843,Daniel Lynch,KCR,1,0,0,0,0,0,0,0,0,0,0,0,0,0,0,0,0,0,0,.000
845,844,Jackson Kowar,KCR,1,0,0,0,0,0,0,0,0,0,0,0,0,0,0,0,0,0,0,.000
846,845,Kyle Isbel,KCR,2,1,1,0,0,0,0,0,1,0,0,0,0,0,0,0,0,0,0,.000
847,846,Jake Cousins,MIL,5,0,0,0,0,0,0,0,0,0,0,0,0,0,0,0,0,0,0,.000
848,847,Mason Thompson,WSN,2,0,0,0,0,0,0,0,0,0,0,0,0,0,0,0,0,0,0,.000
849,848,Camilo Doval,SFG,5,0,0,0,0,0,0,0,0,0,0,0,0,0,0,0,0,0,0,.000
850,849,John King,TEX,5,0,0,0,0,0,0,0,0,0,0,0,0,0,0,0,0,0,0,.000
851,850,Aaron Fletcher,PIT,3,0,0,0,0,0,0,0,0,0,0,0,0,0,0,0,0,0,0,.000
852,851,Payton Henry,MIA,4,8,10,0,0,0,0,0,1,1,1,0,2,1,0,0,0,0,0,.000
853,852,Hunter Greene,CIN,2,0,0,0,0,0,0,0,0,0,0,0,0,0,0,0,0,0,0,.000
854,853,MacKenzie Gore,SDP,1,0,0,0,0,0,0,0,0,0,0,0,0,0,0,0,0,0,0,.000
855,854,Logan Gilbert,SEA,2,0,0,0,0,0,0,0,0,0,0,0,0,0,0,0,0,0,0,.000
856,855,Joe Perez,HOU,1,1,1,0,0,0,0,0,0,0,0,0,1,0,0,0,0,0,0,.000
857,856,Tarik Skubal,DET,2,0,0,0,0,0,0,0,0,0,0,0,0,0,0,0,0,0,0,.000
858,857,Dylan Coleman,KCR,5,0,0,0,0,0,0,0,0,0,0,0,0,0,0,0,0,0,0,.000
859,858,Trevor Rogers,MIA,2,0,0,0,0,0,0,0,0,0,0,0,0,0,0,0,0,0,0,.000
860,859,Joe Barlow,TEX,3,0,0,0,0,0,0,0,0,0,0,0,0,0,0,0,0,0,0,.000
861,860,Carlos Hernandez,KCR,1,0,0,0,0,0,0,0,0,0,0,0,0,0,0,0,0,0,0,.000
862,861,Roansy Contreras,PIT,2,0,0,0,0,0,0,0,0,0,0,0,0,0,0,0,0,0,0,.000
863,862,Luis Patino,TBR,1,0,0,0,0,0,0,0,0,0,0,0,0,0,0,0,0,0,0,.000
864,863,Joan Adon,WSN,2,0,0,0,0,0,0,0,0,0,0,0,0,0,0,0,0,0,0,.000
865,864,Spencer Howard,TEX,1,0,0,0,0,0,0,0,0,0,0,0,0,0,0,0,0,0,0,.000
866,865,Collin Snider,KCR,4,0,0,0,0,0,0,0,0,0,0,0,0,0,0,0,0,0,0,.000
867,866,Damon Jones,PHI,2,0,0,0,0,0,0,0,0,0,0,0,0,0,0,0,0,0,0,.000
868,867,JP Sears,NYY,2,0,0,0,0,0,0,0,0,0,0,0,0,0,0,0,0,0,0,.000
869,868,Tommy Romero,TBR,2,0,0,0,0,0,0,0,0,0,0,0,0,0,0,0,0,0,0,.000
870,869,Ron Marinaccio,NYY,2,0,0,0,0,0,0,0,0,0,0,0,0,0,0,0,0,0,0,.000
871,870,Nick Snyder,TEX,2,0,0,0,0,0,0,0,0,0,0,0,0,0,0,0,0,0,0,.000
872,871,Aaron Ashby,MIL,3,0,0,0,0,0,0,0,0,0,0,0,0,0,0,0,0,0,0,.000
873,872,Luis Garcia,HOU,1,0,0,0,0,0,0,0,0,0,0,0,0,0,0,0,0,0,0,.000
874,873,Justin Bruihl,LAD,3,0,0,0,0,0,0,0,0,0,0,0,0,0,0,0,0,0,0,.000
875,874,Josiah Gray,WSN,2,0,0,0,0,0,0,0,0,0,0,0,0,0,0,0,0,0,0,.000
876,875,Josh Winder,MIN,2,0,0,0,0,0,0,0,0,0,0,0,0,0,0,0,0,0,0,.000
877,876,Bryan Lavastida,CLE,3,7,8,0,0,0,0,0,0,0,1,0,2,0,0,0,0,0,0,.000
878,877,Ethan Roberts,CHC,4,0,0,0,0,0,0,0,0,0,0,0,0,0,0,0,0,0,0,.000
879,878,Austin Warren,LAA,3,0,0,0,0,0,0,0,0,0,0,0,0,0,0,0,0,0,0,.000
880,879,Alex Vesia,LAD,2,0,0,0,0,0,0,0,0,0,0,0,0,0,0,0,0,0,0,.000
881,880,Brady Singer,KCR,1,0,0,0,0,0,0,0,0,0,0,0,0,0,0,0,0,0,0,.000
882,881,Sammy Long,SFG,2,0,0,0,0,0,0,0,0,0,0,0,0,0,0,0,0,0,0,.000
883,882,Drew Rasmussen,TBR,2,0,0,0,0,0,0,0,0,0,0,0,0,0,0,0,0,0,0,.000
884,883,Matt Brash,SEA,2,0,0,0,0,0,0,0,0,0,0,0,0,0,0,0,0,0,0,.000
885,884,Neil Pallante,STL,2,0,0,0,0,0,0,0,0,0,0,0,0,0,0,0,0,0,0,.000
886,885,Nick Lodolo,CIN,1,0,0,0,0,0,0,0,0,0,0,0,0,0,0,0,0,0,0,.000
887,886,Alek Manoah,TOR,2,0,0,0,0,0,0,0,0,0,0,0,0,0,0,0,0,0,0,.000
888,887,Reid Detmers,LAA,2,0,0,0,0,0,0,0,0,0,0,0,0,0,0,0,0,0,0,.000
889,888,Spencer Strider,ATL,3,0,0,0,0,0,0,0,0,0,0,0,0,0,0,0,0,0,0,.000
890,889,Hirokazu Sawamura,BOS,3,0,0,0,0,0,0,0,0,0,0,0,0,0,0,0,0,0,0,.000
891,890,Bryce Elder,ATL,2,0,0,0,0,0,0,0,0,0,0,0,0,0,0,0,0,0,0,.000
892,891,Robert Suarez,SDP,4,0,0,0,0,0,0,0,0,0,0,0,0,0,0,0,0,0,0,.000
